DEBUG Found workspace root: `/bench/work/uv_debug`
DEBUG Adding root workspace member: `/bench/work/uv_debug`
DEBUG Skipping `pyproject.toml` in `/bench/work/uv_debug` (no `[tool]` section)
DEBUG Searching for user configuration in: `/root/.config/uv/uv.toml`
DEBUG uv 0.11.32 (x86_64-unknown-linux-gnu)
DEBUG Found project root: `/bench/work/uv_debug`
DEBUG No Python version file found in workspace: /bench/work/uv_debug
DEBUG Using Python request `>=3.12` from `requires-python` metadata
DEBUG Checking for Python environment at: `.venv`
DEBUG Searching for Python >=3.12 in managed installations or search path
DEBUG Searching for managed installations at `/root/.local/share/uv/python`
DEBUG Found `cpython-3.12.13-linux-x86_64-gnu` at `/usr/local/bin/python3` (first executable in the search path)
Using CPython 3.12.13 interpreter at: /usr/local/bin/python3
DEBUG Using request connect timeout of 10s and read timeout of 30s
DEBUG Found static `pyproject.toml` for: bench-uv-debug @ file:///bench/work/uv_debug
DEBUG Solving with installed Python version: 3.12.13
DEBUG Solving with target Python version: >=3.12
DEBUG Adding direct dependency: bench-uv-debug*
DEBUG Searching for a compatible version of bench-uv-debug @ file:///bench/work/uv_debug (*)
DEBUG Adding direct dependency: streamlit*
DEBUG No cache entry for: https://pypi.org/simple/streamlit/
DEBUG Sending fresh GET request for: https://pypi.org/simple/streamlit/
DEBUG Searching for a compatible version of streamlit (*)
DEBUG Selecting: streamlit==1.60.0 [compatible] (streamlit-1.60.0-py3-none-any.whl)
DEBUG No cache entry for: https://files.pythonhosted.org/packages/2f/69/7a1984df015d01875c9ac79bfda7c31492cc94f81a2625303ce4707188e5/streamlit-1.60.0-py3-none-any.whl.metadata
DEBUG Sending fresh GET request for: https://files.pythonhosted.org/packages/2f/69/7a1984df015d01875c9ac79bfda7c31492cc94f81a2625303ce4707188e5/streamlit-1.60.0-py3-none-any.whl.metadata
DEBUG Adding transitive dependency for streamlit==1.60.0: altair>=4.0, <5.4.0 | >=5.4.0+, <5.4.1 | >=5.4.1+, <7
DEBUG Adding transitive dependency for streamlit==1.60.0: anyio>=4.0.0, <5
DEBUG Adding transitive dependency for streamlit==1.60.0: blinker>=1.5.0, <2
DEBUG Adding transitive dependency for streamlit==1.60.0: click>=7.0, <9
DEBUG Adding transitive dependency for streamlit==1.60.0: gitpython>=3.0.7, <3.1.19 | >=3.1.19+, <4
DEBUG Adding transitive dependency for streamlit==1.60.0: httptools>=0.6.3, <1
DEBUG Adding transitive dependency for streamlit==1.60.0: itsdangerous>=2.1.2, <3
DEBUG Adding transitive dependency for streamlit==1.60.0: numpy>=1.23, <3
DEBUG Adding transitive dependency for streamlit==1.60.0: packaging>=20
DEBUG Adding transitive dependency for streamlit==1.60.0: pandas>=1.4.0, <4
DEBUG Adding transitive dependency for streamlit==1.60.0: pillow>=7.1.0, <13
DEBUG Adding transitive dependency for streamlit==1.60.0: protobuf>=3.20, <8
DEBUG Adding transitive dependency for streamlit==1.60.0: pyarrow>=7.0, <25
DEBUG Adding transitive dependency for streamlit==1.60.0: pydeck>=0.8.0b4, <1
DEBUG Adding transitive dependency for streamlit==1.60.0: python-multipart>=0.0.10, <1
DEBUG Adding transitive dependency for streamlit==1.60.0: requests>=2.27, <3
DEBUG Adding transitive dependency for streamlit==1.60.0: starlette>=0.40.0, <2
DEBUG Adding transitive dependency for streamlit==1.60.0: tenacity>=8.1.0, <10
DEBUG Adding transitive dependency for streamlit==1.60.0: toml>=0.10.1, <2
DEBUG Adding transitive dependency for streamlit==1.60.0: typing-extensions>=4.10.0, <5
DEBUG Adding transitive dependency for streamlit==1.60.0: uvicorn>=0.30.0, <1
DEBUG Adding transitive dependency for streamlit==1.60.0: watchdog{sys_platform != 'darwin'}>=2.1.5, <7
DEBUG Adding transitive dependency for streamlit==1.60.0: websockets>=12.0.0, <17
DEBUG No cache entry for: https://pypi.org/simple/altair/
DEBUG Sending fresh GET request for: https://pypi.org/simple/altair/
DEBUG No cache entry for: https://pypi.org/simple/anyio/
DEBUG Sending fresh GET request for: https://pypi.org/simple/anyio/
DEBUG No cache entry for: https://pypi.org/simple/blinker/
DEBUG Sending fresh GET request for: https://pypi.org/simple/blinker/
DEBUG No cache entry for: https://pypi.org/simple/click/
DEBUG Sending fresh GET request for: https://pypi.org/simple/click/
DEBUG No cache entry for: https://pypi.org/simple/gitpython/
DEBUG Sending fresh GET request for: https://pypi.org/simple/gitpython/
DEBUG No cache entry for: https://pypi.org/simple/httptools/
DEBUG Sending fresh GET request for: https://pypi.org/simple/httptools/
DEBUG No cache entry for: https://pypi.org/simple/itsdangerous/
DEBUG Sending fresh GET request for: https://pypi.org/simple/itsdangerous/
DEBUG No cache entry for: https://pypi.org/simple/numpy/
DEBUG Sending fresh GET request for: https://pypi.org/simple/numpy/
DEBUG No cache entry for: https://pypi.org/simple/packaging/
DEBUG Sending fresh GET request for: https://pypi.org/simple/packaging/
DEBUG No cache entry for: https://pypi.org/simple/pillow/
DEBUG Sending fresh GET request for: https://pypi.org/simple/pillow/
DEBUG No cache entry for: https://pypi.org/simple/pyarrow/
DEBUG Sending fresh GET request for: https://pypi.org/simple/pyarrow/
DEBUG No cache entry for: https://pypi.org/simple/pydeck/
DEBUG Sending fresh GET request for: https://pypi.org/simple/pydeck/
DEBUG No cache entry for: https://pypi.org/simple/python-multipart/
DEBUG Sending fresh GET request for: https://pypi.org/simple/python-multipart/
DEBUG No cache entry for: https://pypi.org/simple/requests/
DEBUG Sending fresh GET request for: https://pypi.org/simple/requests/
DEBUG No cache entry for: https://pypi.org/simple/starlette/
DEBUG Sending fresh GET request for: https://pypi.org/simple/starlette/
DEBUG No cache entry for: https://pypi.org/simple/tenacity/
DEBUG Sending fresh GET request for: https://pypi.org/simple/tenacity/
DEBUG No cache entry for: https://pypi.org/simple/toml/
DEBUG Sending fresh GET request for: https://pypi.org/simple/toml/
DEBUG No cache entry for: https://pypi.org/simple/protobuf/
DEBUG Sending fresh GET request for: https://pypi.org/simple/protobuf/
DEBUG No cache entry for: https://pypi.org/simple/typing-extensions/
DEBUG Sending fresh GET request for: https://pypi.org/simple/typing-extensions/
DEBUG No cache entry for: https://pypi.org/simple/pandas/
DEBUG Sending fresh GET request for: https://pypi.org/simple/pandas/
DEBUG No cache entry for: https://pypi.org/simple/watchdog/
DEBUG Sending fresh GET request for: https://pypi.org/simple/watchdog/
DEBUG No cache entry for: https://pypi.org/simple/websockets/
DEBUG Sending fresh GET request for: https://pypi.org/simple/websockets/
DEBUG No cache entry for: https://pypi.org/simple/uvicorn/
DEBUG Sending fresh GET request for: https://pypi.org/simple/uvicorn/
DEBUG No cache entry for: https://files.pythonhosted.org/packages/45/ec/dbb7e5a6b91f86bfb9eb7d2988a2730907b6a729875b949c7f022e8b88fa/uvicorn-0.51.0-py3-none-any.whl.metadata
DEBUG Sending fresh GET request for: https://files.pythonhosted.org/packages/45/ec/dbb7e5a6b91f86bfb9eb7d2988a2730907b6a729875b949c7f022e8b88fa/uvicorn-0.51.0-py3-none-any.whl.metadata
DEBUG Skipping file for toml: "toml-0.10.0-py2.7.egg" (not a wheel or source distribution archive (expected one of `.whl`, `.tar.gz`, `.zip`, `.tar.bz2`, `.tar.lz`, `.tar.lzma`, `.tar.xz`, `.tar.zst`, `.tar`, `.tbz`, `.tgz`, `.tlz`, or `.txz`))
DEBUG No cache entry for: https://files.pythonhosted.org/packages/44/6f/7120676b6d73228c96e17f1f794d8ab046fc910d781c8d151120c3f1569e/toml-0.10.2-py2.py3-none-any.whl.metadata
DEBUG Sending fresh GET request for: https://files.pythonhosted.org/packages/44/6f/7120676b6d73228c96e17f1f794d8ab046fc910d781c8d151120c3f1569e/toml-0.10.2-py2.py3-none-any.whl.metadata
DEBUG No cache entry for: https://files.pythonhosted.org/packages/10/cb/f2ad4230dc2eb1a74edf38f1a38b9b52277f75bef262d8908e60d957e13c/blinker-1.9.0-py3-none-any.whl.metadata
DEBUG Sending fresh GET request for: https://files.pythonhosted.org/packages/10/cb/f2ad4230dc2eb1a74edf38f1a38b9b52277f75bef262d8908e60d957e13c/blinker-1.9.0-py3-none-any.whl.metadata
DEBUG No cache entry for: https://files.pythonhosted.org/packages/49/d3/b8441a820a491ddfc024b0b0cf0393375b75ea13866d9c66727e54c2fc80/typing_extensions-4.16.0-py3-none-any.whl.metadata
DEBUG Sending fresh GET request for: https://files.pythonhosted.org/packages/49/d3/b8441a820a491ddfc024b0b0cf0393375b75ea13866d9c66727e54c2fc80/typing_extensions-4.16.0-py3-none-any.whl.metadata
DEBUG No cache entry for: https://files.pythonhosted.org/packages/d7/c1/eb8f9debc45d3b7918a32ab756658a0904732f75e555402972246b0b8e71/tenacity-9.1.4-py3-none-any.whl.metadata
DEBUG Sending fresh GET request for: https://files.pythonhosted.org/packages/d7/c1/eb8f9debc45d3b7918a32ab756658a0904732f75e555402972246b0b8e71/tenacity-9.1.4-py3-none-any.whl.metadata
DEBUG No cache entry for: https://files.pythonhosted.org/packages/df/b2/87e62e8c3e2f4b32e5fe99e0b86d576da1312593b39f47d8ceef365e95ed/packaging-26.2-py3-none-any.whl.metadata
DEBUG Sending fresh GET request for: https://files.pythonhosted.org/packages/df/b2/87e62e8c3e2f4b32e5fe99e0b86d576da1312593b39f47d8ceef365e95ed/packaging-26.2-py3-none-any.whl.metadata
DEBUG No cache entry for: https://files.pythonhosted.org/packages/6f/34/3998411437aff304a9ed4fa37a6fe1ef3132bcd2b5eac59851b80c86123c/pydeck-0.9.3-py2.py3-none-any.whl.metadata
DEBUG Sending fresh GET request for: https://files.pythonhosted.org/packages/6f/34/3998411437aff304a9ed4fa37a6fe1ef3132bcd2b5eac59851b80c86123c/pydeck-0.9.3-py2.py3-none-any.whl.metadata
DEBUG No cache entry for: https://files.pythonhosted.org/packages/04/96/92447566d16df59b2a776c0fb82dbc4d9e07cd95062562af01e408583fc4/itsdangerous-2.2.0-py3-none-any.whl.metadata
DEBUG Sending fresh GET request for: https://files.pythonhosted.org/packages/04/96/92447566d16df59b2a776c0fb82dbc4d9e07cd95062562af01e408583fc4/itsdangerous-2.2.0-py3-none-any.whl.metadata
DEBUG Searching for a compatible version of altair (>=4.0, <5.4.0 | >=5.4.0+, <5.4.1 | >=5.4.1+, <7)
DEBUG Selecting: altair==6.2.2 [compatible] (altair-6.2.2-py3-none-any.whl)
DEBUG No cache entry for: https://files.pythonhosted.org/packages/e3/99/d6031f4f146298951c46b1bf1cc160c2a63f6e44b3c13a30054add100d5f/altair-6.2.2-py3-none-any.whl.metadata
DEBUG Sending fresh GET request for: https://files.pythonhosted.org/packages/e3/99/d6031f4f146298951c46b1bf1cc160c2a63f6e44b3c13a30054add100d5f/altair-6.2.2-py3-none-any.whl.metadata
DEBUG Skipping file for requests: "requests-2.23.0-py2.7.egg" (not a wheel or source distribution archive (expected one of `.whl`, `.tar.gz`, `.zip`, `.tar.bz2`, `.tar.lz`, `.tar.lzma`, `.tar.xz`, `.tar.zst`, `.tar`, `.tbz`, `.tgz`, `.tlz`, or `.txz`))
DEBUG No cache entry for: https://files.pythonhosted.org/packages/41/6e/2139de986d9c7c3ac86f1f8be43858ce90bdfe2f7175e6c80c650ba15242/gitpython-3.1.57-py3-none-any.whl.metadata
DEBUG Sending fresh GET request for: https://files.pythonhosted.org/packages/41/6e/2139de986d9c7c3ac86f1f8be43858ce90bdfe2f7175e6c80c650ba15242/gitpython-3.1.57-py3-none-any.whl.metadata
DEBUG No cache entry for: https://files.pythonhosted.org/packages/e1/04/e8135ebd1ad02c56ec633277529b2602ff99ff634be76cdba5744cf554fd/python_multipart-0.0.32-py3-none-any.whl.metadata
DEBUG Sending fresh GET request for: https://files.pythonhosted.org/packages/e1/04/e8135ebd1ad02c56ec633277529b2602ff99ff634be76cdba5744cf554fd/python_multipart-0.0.32-py3-none-any.whl.metadata
DEBUG No cache entry for: https://files.pythonhosted.org/packages/da/35/f2287558c17e29fafc8ef3daf819bb9834061cfa43bff8014f7df7f63bdc/anyio-4.14.2-py3-none-any.whl.metadata
DEBUG Sending fresh GET request for: https://files.pythonhosted.org/packages/da/35/f2287558c17e29fafc8ef3daf819bb9834061cfa43bff8014f7df7f63bdc/anyio-4.14.2-py3-none-any.whl.metadata
DEBUG No cache entry for: https://files.pythonhosted.org/packages/a0/f4/c67b0b3f1b9245e8d266f0f112c500d50e5b4e83cb6f3b71b6528104182a/requests-2.34.2-py3-none-any.whl.metadata
DEBUG Sending fresh GET request for: https://files.pythonhosted.org/packages/a0/f4/c67b0b3f1b9245e8d266f0f112c500d50e5b4e83cb6f3b71b6528104182a/requests-2.34.2-py3-none-any.whl.metadata
DEBUG No cache entry for: https://files.pythonhosted.org/packages/ec/bb/2799cc2ede3ed41131f8975621e7213dfc7ef4acbbaadfa440f32500c370/starlette-1.3.1-py3-none-any.whl.metadata
DEBUG Sending fresh GET request for: https://files.pythonhosted.org/packages/ec/bb/2799cc2ede3ed41131f8975621e7213dfc7ef4acbbaadfa440f32500c370/starlette-1.3.1-py3-none-any.whl.metadata
DEBUG Adding transitive dependency for altair==6.2.2: jinja2*
DEBUG Adding transitive dependency for altair==6.2.2: jsonschema>=3.0
DEBUG Adding transitive dependency for altair==6.2.2: narwhals>=2.4.0
DEBUG Adding transitive dependency for altair==6.2.2: packaging*
DEBUG Adding transitive dependency for altair==6.2.2: typing-extensions{python_full_version < '3.15'}>=4.12.0
DEBUG Searching for a compatible version of anyio (>=4.0.0, <5)
DEBUG Selecting: anyio==4.14.2 [compatible] (anyio-4.14.2-py3-none-any.whl)
DEBUG No cache entry for: https://files.pythonhosted.org/packages/fb/e2/79c688af8b210d232694e31e59da9f6ec747bae31c3f5946e4e9b98860d5/click-8.4.2-py3-none-any.whl.metadata
DEBUG Sending fresh GET request for: https://files.pythonhosted.org/packages/fb/e2/79c688af8b210d232694e31e59da9f6ec747bae31c3f5946e4e9b98860d5/click-8.4.2-py3-none-any.whl.metadata
DEBUG No cache entry for: https://pypi.org/simple/jinja2/
DEBUG Sending fresh GET request for: https://pypi.org/simple/jinja2/
DEBUG No cache entry for: https://pypi.org/simple/narwhals/
DEBUG Sending fresh GET request for: https://pypi.org/simple/narwhals/
DEBUG No cache entry for: https://pypi.org/simple/jsonschema/
DEBUG Sending fresh GET request for: https://pypi.org/simple/jsonschema/
DEBUG Adding transitive dependency for anyio==4.14.2: idna>=2.8
DEBUG Adding transitive dependency for anyio==4.14.2: typing-extensions{python_full_version < '3.13'}>=4.5
DEBUG Searching for a compatible version of blinker (>=1.5.0, <2)
DEBUG Selecting: blinker==1.9.0 [compatible] (blinker-1.9.0-py3-none-any.whl)
DEBUG Searching for a compatible version of click (>=7.0, <9)
DEBUG Selecting: click==8.4.2 [compatible] (click-8.4.2-py3-none-any.whl)
DEBUG No cache entry for: https://pypi.org/simple/idna/
DEBUG Sending fresh GET request for: https://pypi.org/simple/idna/
DEBUG No cache entry for: https://files.pythonhosted.org/packages/14/88/1d21a36da8f5cb0fa49eafd4b169eba5608d57e75bbcf61845cbc6243216/httptools-0.8.0-cp312-cp312-macosx_10_13_universal2.whl.metadata
DEBUG Sending fresh GET request for: https://files.pythonhosted.org/packages/14/88/1d21a36da8f5cb0fa49eafd4b169eba5608d57e75bbcf61845cbc6243216/httptools-0.8.0-cp312-cp312-macosx_10_13_universal2.whl.metadata
DEBUG Adding transitive dependency for click==8.4.2: colorama{sys_platform == 'win32'}*
DEBUG Searching for a compatible version of gitpython (>=3.0.7, <3.1.19 | >=3.1.19+, <4)
DEBUG Selecting: gitpython==3.1.57 [compatible] (gitpython-3.1.57-py3-none-any.whl)
DEBUG Adding transitive dependency for gitpython==3.1.57: gitdb>=4.0.1, <5
DEBUG Searching for a compatible version of httptools (>=0.6.3, <1)
DEBUG Selecting: httptools==0.8.0 [compatible] (httptools-0.8.0-cp312-cp312-macosx_10_13_universal2.whl)
DEBUG No cache entry for: https://files.pythonhosted.org/packages/39/ea/3930d07dafc9e286ed356a679aa02d777c06e9bfd1164fa7c19c288a5483/watchdog-6.0.0-cp312-cp312-macosx_10_13_universal2.whl.metadata
DEBUG Sending fresh GET request for: https://files.pythonhosted.org/packages/39/ea/3930d07dafc9e286ed356a679aa02d777c06e9bfd1164fa7c19c288a5483/watchdog-6.0.0-cp312-cp312-macosx_10_13_universal2.whl.metadata
DEBUG No cache entry for: https://files.pythonhosted.org/packages/17/9d/681cda21c9eee743203a6cb79b9d3d05adad9aa60ec660c6c9bf4dd619ca/websockets-16.1.1-cp312-cp312-macosx_10_13_universal2.whl.metadata
DEBUG Sending fresh GET request for: https://files.pythonhosted.org/packages/17/9d/681cda21c9eee743203a6cb79b9d3d05adad9aa60ec660c6c9bf4dd619ca/websockets-16.1.1-cp312-cp312-macosx_10_13_universal2.whl.metadata
DEBUG No cache entry for: https://pypi.org/simple/colorama/
DEBUG Sending fresh GET request for: https://pypi.org/simple/colorama/
DEBUG No cache entry for: https://pypi.org/simple/gitdb/
DEBUG Sending fresh GET request for: https://pypi.org/simple/gitdb/
DEBUG Searching for a compatible version of itsdangerous (>=2.1.2, <3)
DEBUG Selecting: itsdangerous==2.2.0 [compatible] (itsdangerous-2.2.0-py3-none-any.whl)
DEBUG Skipping file for jinja2: "Jinja2-2.0rc1-py2.4-linux-i686.egg" (not a wheel or source distribution archive (expected one of `.whl`, `.tar.gz`, `.zip`, `.tar.bz2`, `.tar.lz`, `.tar.lzma`, `.tar.xz`, `.tar.zst`, `.tar`, `.tbz`, `.tgz`, `.tlz`, or `.txz`))
DEBUG Skipping file for jinja2: "Jinja2-2.0rc1-py2.4-linux-x86_64.egg" (not a wheel or source distribution archive (expected one of `.whl`, `.tar.gz`, `.zip`, `.tar.bz2`, `.tar.lz`, `.tar.lzma`, `.tar.xz`, `.tar.zst`, `.tar`, `.tbz`, `.tgz`, `.tlz`, or `.txz`))
DEBUG Skipping file for jinja2: "Jinja2-2.0rc1-py2.4-macosx-10.3-i386.egg" (not a wheel or source distribution archive (expected one of `.whl`, `.tar.gz`, `.zip`, `.tar.bz2`, `.tar.lz`, `.tar.lzma`, `.tar.xz`, `.tar.zst`, `.tar`, `.tbz`, `.tgz`, `.tlz`, or `.txz`))
DEBUG Skipping file for jinja2: "Jinja2-2.0rc1-py2.4-win32.egg" (not a wheel or source distribution archive (expected one of `.whl`, `.tar.gz`, `.zip`, `.tar.bz2`, `.tar.lz`, `.tar.lzma`, `.tar.xz`, `.tar.zst`, `.tar`, `.tbz`, `.tgz`, `.tlz`, or `.txz`))
DEBUG Skipping file for jinja2: "Jinja2-2.0rc1-py2.5-linux-i686.egg" (not a wheel or source distribution archive (expected one of `.whl`, `.tar.gz`, `.zip`, `.tar.bz2`, `.tar.lz`, `.tar.lzma`, `.tar.xz`, `.tar.zst`, `.tar`, `.tbz`, `.tgz`, `.tlz`, or `.txz`))
DEBUG Skipping file for jinja2: "Jinja2-2.0rc1-py2.5-linux-x86_64.egg" (not a wheel or source distribution archive (expected one of `.whl`, `.tar.gz`, `.zip`, `.tar.bz2`, `.tar.lz`, `.tar.lzma`, `.tar.xz`, `.tar.zst`, `.tar`, `.tbz`, `.tgz`, `.tlz`, or `.txz`))
DEBUG Skipping file for jinja2: "Jinja2-2.0rc1-py2.5-macosx-10.3-i386.egg" (not a wheel or source distribution archive (expected one of `.whl`, `.tar.gz`, `.zip`, `.tar.bz2`, `.tar.lz`, `.tar.lzma`, `.tar.xz`, `.tar.zst`, `.tar`, `.tbz`, `.tgz`, `.tlz`, or `.txz`))
DEBUG Skipping file for jinja2: "Jinja2-2.0rc1-py2.5-win32.egg" (not a wheel or source distribution archive (expected one of `.whl`, `.tar.gz`, `.zip`, `.tar.bz2`, `.tar.lz`, `.tar.lzma`, `.tar.xz`, `.tar.zst`, `.tar`, `.tbz`, `.tgz`, `.tlz`, or `.txz`))
DEBUG Skipping file for jinja2: "Jinja2-2.1-py2.4-win32.egg" (not a wheel or source distribution archive (expected one of `.whl`, `.tar.gz`, `.zip`, `.tar.bz2`, `.tar.lz`, `.tar.lzma`, `.tar.xz`, `.tar.zst`, `.tar`, `.tbz`, `.tgz`, `.tlz`, or `.txz`))
DEBUG Skipping file for jinja2: "Jinja2-2.1-py2.5-win32.egg" (not a wheel or source distribution archive (expected one of `.whl`, `.tar.gz`, `.zip`, `.tar.bz2`, `.tar.lz`, `.tar.lzma`, `.tar.xz`, `.tar.zst`, `.tar`, `.tbz`, `.tgz`, `.tlz`, or `.txz`))
DEBUG Skipping file for jinja2: "Jinja2-2.1-py2.6-win32.egg" (not a wheel or source distribution archive (expected one of `.whl`, `.tar.gz`, `.zip`, `.tar.bz2`, `.tar.lz`, `.tar.lzma`, `.tar.xz`, `.tar.zst`, `.tar`, `.tbz`, `.tgz`, `.tlz`, or `.txz`))
DEBUG Skipping file for jinja2: "Jinja2-2.1.1-py2.4-win32.egg" (not a wheel or source distribution archive (expected one of `.whl`, `.tar.gz`, `.zip`, `.tar.bz2`, `.tar.lz`, `.tar.lzma`, `.tar.xz`, `.tar.zst`, `.tar`, `.tbz`, `.tgz`, `.tlz`, or `.txz`))
DEBUG Skipping file for jinja2: "Jinja2-2.1.1-py2.5-win32.egg" (not a wheel or source distribution archive (expected one of `.whl`, `.tar.gz`, `.zip`, `.tar.bz2`, `.tar.lz`, `.tar.lzma`, `.tar.xz`, `.tar.zst`, `.tar`, `.tbz`, `.tgz`, `.tlz`, or `.txz`))
DEBUG Skipping file for jinja2: "Jinja2-2.1.1-py2.6-win32.egg" (not a wheel or source distribution archive (expected one of `.whl`, `.tar.gz`, `.zip`, `.tar.bz2`, `.tar.lz`, `.tar.lzma`, `.tar.xz`, `.tar.zst`, `.tar`, `.tbz`, `.tgz`, `.tlz`, or `.txz`))
DEBUG No cache entry for: https://files.pythonhosted.org/packages/62/a1/3d680cbfd5f4b8f15abc1d571870c5fc3e594bb582bc3b64ea099db13e56/jinja2-3.1.6-py3-none-any.whl.metadata
DEBUG Sending fresh GET request for: https://files.pythonhosted.org/packages/62/a1/3d680cbfd5f4b8f15abc1d571870c5fc3e594bb582bc3b64ea099db13e56/jinja2-3.1.6-py3-none-any.whl.metadata
DEBUG No cache entry for: https://files.pythonhosted.org/packages/1e/5e/d4e9f1a599fb8e573b7b87160658329fbf28d19eac2718f51fc3def3aa5a/idna-3.18-py3-none-any.whl.metadata
DEBUG Sending fresh GET request for: https://files.pythonhosted.org/packages/1e/5e/d4e9f1a599fb8e573b7b87160658329fbf28d19eac2718f51fc3def3aa5a/idna-3.18-py3-none-any.whl.metadata
DEBUG No cache entry for: https://files.pythonhosted.org/packages/69/90/f63fb5873511e014207a475e2bb4e8b2e570d655b00ac19a9a0ca0a385ee/jsonschema-4.26.0-py3-none-any.whl.metadata
DEBUG Sending fresh GET request for: https://files.pythonhosted.org/packages/69/90/f63fb5873511e014207a475e2bb4e8b2e570d655b00ac19a9a0ca0a385ee/jsonschema-4.26.0-py3-none-any.whl.metadata
DEBUG No cache entry for: https://files.pythonhosted.org/packages/d1/d6/3965ed04c63042e047cb6a3e6ed1a63a35087b6a609aa3a15ed8ac56c221/colorama-0.4.6-py2.py3-none-any.whl.metadata
DEBUG Sending fresh GET request for: https://files.pythonhosted.org/packages/d1/d6/3965ed04c63042e047cb6a3e6ed1a63a35087b6a609aa3a15ed8ac56c221/colorama-0.4.6-py2.py3-none-any.whl.metadata
DEBUG No cache entry for: https://files.pythonhosted.org/packages/7e/85/a5bfaebfd305ac18b57b0854d74e37e586809061a91fda62f0bd50c8518e/narwhals-2.24.0-py3-none-any.whl.metadata
DEBUG Sending fresh GET request for: https://files.pythonhosted.org/packages/7e/85/a5bfaebfd305ac18b57b0854d74e37e586809061a91fda62f0bd50c8518e/narwhals-2.24.0-py3-none-any.whl.metadata
DEBUG No cache entry for: https://files.pythonhosted.org/packages/a0/61/5c78b91c3143ed5c14207f463aecfc8f9dbb5092fb2869baf37c273b2705/gitdb-4.0.12-py3-none-any.whl.metadata
DEBUG Sending fresh GET request for: https://files.pythonhosted.org/packages/a0/61/5c78b91c3143ed5c14207f463aecfc8f9dbb5092fb2869baf37c273b2705/gitdb-4.0.12-py3-none-any.whl.metadata
DEBUG No cache entry for: https://files.pythonhosted.org/packages/b4/a9/9686d9f07837f91f775e8932659192e02c74f9d8920524b480b85212cc68/pyarrow-24.0.0-cp312-cp312-macosx_12_0_arm64.whl.metadata
DEBUG Sending fresh GET request for: https://files.pythonhosted.org/packages/b4/a9/9686d9f07837f91f775e8932659192e02c74f9d8920524b480b85212cc68/pyarrow-24.0.0-cp312-cp312-macosx_12_0_arm64.whl.metadata
DEBUG Skipping file for pandas: "pandas-0.1.win32-py2.5.exe" (not a wheel or source distribution archive (expected one of `.whl`, `.tar.gz`, `.zip`, `.tar.bz2`, `.tar.lz`, `.tar.lzma`, `.tar.xz`, `.tar.zst`, `.tar`, `.tbz`, `.tgz`, `.tlz`, or `.txz`))
DEBUG Skipping file for pandas: "pandas-0.3.0.win-amd64-py2.6.exe" (not a wheel or source distribution archive (expected one of `.whl`, `.tar.gz`, `.zip`, `.tar.bz2`, `.tar.lz`, `.tar.lzma`, `.tar.xz`, `.tar.zst`, `.tar`, `.tbz`, `.tgz`, `.tlz`, or `.txz`))
DEBUG Skipping file for pandas: "pandas-0.3.0.win-amd64-py2.7.exe" (not a wheel or source distribution archive (expected one of `.whl`, `.tar.gz`, `.zip`, `.tar.bz2`, `.tar.lz`, `.tar.lzma`, `.tar.xz`, `.tar.zst`, `.tar`, `.tbz`, `.tgz`, `.tlz`, or `.txz`))
DEBUG Skipping file for pandas: "pandas-0.3.0.win32-py2.5.exe" (not a wheel or source distribution archive (expected one of `.whl`, `.tar.gz`, `.zip`, `.tar.bz2`, `.tar.lz`, `.tar.lzma`, `.tar.xz`, `.tar.zst`, `.tar`, `.tbz`, `.tgz`, `.tlz`, or `.txz`))
DEBUG Skipping file for pandas: "pandas-0.3.0.win32-py2.6.exe" (not a wheel or source distribution archive (expected one of `.whl`, `.tar.gz`, `.zip`, `.tar.bz2`, `.tar.lz`, `.tar.lzma`, `.tar.xz`, `.tar.zst`, `.tar`, `.tbz`, `.tgz`, `.tlz`, or `.txz`))
DEBUG Skipping file for pandas: "pandas-0.3.0.win32-py2.7.exe" (not a wheel or source distribution archive (expected one of `.whl`, `.tar.gz`, `.zip`, `.tar.bz2`, `.tar.lz`, `.tar.lzma`, `.tar.xz`, `.tar.zst`, `.tar`, `.tbz`, `.tgz`, `.tlz`, or `.txz`))
DEBUG Skipping file for pandas: "pandas-0.4.0.win-amd64-py2.6.exe" (not a wheel or source distribution archive (expected one of `.whl`, `.tar.gz`, `.zip`, `.tar.bz2`, `.tar.lz`, `.tar.lzma`, `.tar.xz`, `.tar.zst`, `.tar`, `.tbz`, `.tgz`, `.tlz`, or `.txz`))
DEBUG Skipping file for pandas: "pandas-0.4.0.win-amd64-py2.7.exe" (not a wheel or source distribution archive (expected one of `.whl`, `.tar.gz`, `.zip`, `.tar.bz2`, `.tar.lz`, `.tar.lzma`, `.tar.xz`, `.tar.zst`, `.tar`, `.tbz`, `.tgz`, `.tlz`, or `.txz`))
DEBUG Skipping file for pandas: "pandas-0.4.0.win32-py2.5.exe" (not a wheel or source distribution archive (expected one of `.whl`, `.tar.gz`, `.zip`, `.tar.bz2`, `.tar.lz`, `.tar.lzma`, `.tar.xz`, `.tar.zst`, `.tar`, `.tbz`, `.tgz`, `.tlz`, or `.txz`))
DEBUG Skipping file for pandas: "pandas-0.4.0.win32-py2.6.exe" (not a wheel or source distribution archive (expected one of `.whl`, `.tar.gz`, `.zip`, `.tar.bz2`, `.tar.lz`, `.tar.lzma`, `.tar.xz`, `.tar.zst`, `.tar`, `.tbz`, `.tgz`, `.tlz`, or `.txz`))
DEBUG Skipping file for pandas: "pandas-0.4.0.win32-py2.7.exe" (not a wheel or source distribution archive (expected one of `.whl`, `.tar.gz`, `.zip`, `.tar.bz2`, `.tar.lz`, `.tar.lzma`, `.tar.xz`, `.tar.zst`, `.tar`, `.tbz`, `.tgz`, `.tlz`, or `.txz`))
DEBUG Skipping file for pandas: "pandas-0.4.1.win-amd64-py2.6.exe" (not a wheel or source distribution archive (expected one of `.whl`, `.tar.gz`, `.zip`, `.tar.bz2`, `.tar.lz`, `.tar.lzma`, `.tar.xz`, `.tar.zst`, `.tar`, `.tbz`, `.tgz`, `.tlz`, or `.txz`))
DEBUG Skipping file for pandas: "pandas-0.4.1.win-amd64-py2.7.exe" (not a wheel or source distribution archive (expected one of `.whl`, `.tar.gz`, `.zip`, `.tar.bz2`, `.tar.lz`, `.tar.lzma`, `.tar.xz`, `.tar.zst`, `.tar`, `.tbz`, `.tgz`, `.tlz`, or `.txz`))
DEBUG Skipping file for pandas: "pandas-0.4.1.win32-py2.5.exe" (not a wheel or source distribution archive (expected one of `.whl`, `.tar.gz`, `.zip`, `.tar.bz2`, `.tar.lz`, `.tar.lzma`, `.tar.xz`, `.tar.zst`, `.tar`, `.tbz`, `.tgz`, `.tlz`, or `.txz`))
DEBUG Skipping file for pandas: "pandas-0.4.1.win32-py2.6.exe" (not a wheel or source distribution archive (expected one of `.whl`, `.tar.gz`, `.zip`, `.tar.bz2`, `.tar.lz`, `.tar.lzma`, `.tar.xz`, `.tar.zst`, `.tar`, `.tbz`, `.tgz`, `.tlz`, or `.txz`))
DEBUG Skipping file for pandas: "pandas-0.4.1.win32-py2.7.exe" (not a wheel or source distribution archive (expected one of `.whl`, `.tar.gz`, `.zip`, `.tar.bz2`, `.tar.lz`, `.tar.lzma`, `.tar.xz`, `.tar.zst`, `.tar`, `.tbz`, `.tgz`, `.tlz`, or `.txz`))
DEBUG Skipping file for pandas: "pandas-0.4.2.win-amd64-py2.6.exe" (not a wheel or source distribution archive (expected one of `.whl`, `.tar.gz`, `.zip`, `.tar.bz2`, `.tar.lz`, `.tar.lzma`, `.tar.xz`, `.tar.zst`, `.tar`, `.tbz`, `.tgz`, `.tlz`, or `.txz`))
DEBUG Skipping file for pandas: "pandas-0.4.2.win-amd64-py2.7.exe" (not a wheel or source distribution archive (expected one of `.whl`, `.tar.gz`, `.zip`, `.tar.bz2`, `.tar.lz`, `.tar.lzma`, `.tar.xz`, `.tar.zst`, `.tar`, `.tbz`, `.tgz`, `.tlz`, or `.txz`))
DEBUG Skipping file for pandas: "pandas-0.4.2.win32-py2.5.exe" (not a wheel or source distribution archive (expected one of `.whl`, `.tar.gz`, `.zip`, `.tar.bz2`, `.tar.lz`, `.tar.lzma`, `.tar.xz`, `.tar.zst`, `.tar`, `.tbz`, `.tgz`, `.tlz`, or `.txz`))
DEBUG Skipping file for pandas: "pandas-0.4.2.win32-py2.6.exe" (not a wheel or source distribution archive (expected one of `.whl`, `.tar.gz`, `.zip`, `.tar.bz2`, `.tar.lz`, `.tar.lzma`, `.tar.xz`, `.tar.zst`, `.tar`, `.tbz`, `.tgz`, `.tlz`, or `.txz`))
DEBUG Skipping file for pandas: "pandas-0.4.2.win32-py2.7.exe" (not a wheel or source distribution archive (expected one of `.whl`, `.tar.gz`, `.zip`, `.tar.bz2`, `.tar.lz`, `.tar.lzma`, `.tar.xz`, `.tar.zst`, `.tar`, `.tbz`, `.tgz`, `.tlz`, or `.txz`))
DEBUG Skipping file for pandas: "pandas-0.4.3.win-amd64-py2.6.exe" (not a wheel or source distribution archive (expected one of `.whl`, `.tar.gz`, `.zip`, `.tar.bz2`, `.tar.lz`, `.tar.lzma`, `.tar.xz`, `.tar.zst`, `.tar`, `.tbz`, `.tgz`, `.tlz`, or `.txz`))
DEBUG Skipping file for pandas: "pandas-0.4.3.win-amd64-py2.7.exe" (not a wheel or source distribution archive (expected one of `.whl`, `.tar.gz`, `.zip`, `.tar.bz2`, `.tar.lz`, `.tar.lzma`, `.tar.xz`, `.tar.zst`, `.tar`, `.tbz`, `.tgz`, `.tlz`, or `.txz`))
DEBUG Skipping file for pandas: "pandas-0.4.3.win32-py2.5.exe" (not a wheel or source distribution archive (expected one of `.whl`, `.tar.gz`, `.zip`, `.tar.bz2`, `.tar.lz`, `.tar.lzma`, `.tar.xz`, `.tar.zst`, `.tar`, `.tbz`, `.tgz`, `.tlz`, or `.txz`))
DEBUG Skipping file for pandas: "pandas-0.4.3.win32-py2.6.exe" (not a wheel or source distribution archive (expected one of `.whl`, `.tar.gz`, `.zip`, `.tar.bz2`, `.tar.lz`, `.tar.lzma`, `.tar.xz`, `.tar.zst`, `.tar`, `.tbz`, `.tgz`, `.tlz`, or `.txz`))
DEBUG Skipping file for pandas: "pandas-0.4.3.win32-py2.7.exe" (not a wheel or source distribution archive (expected one of `.whl`, `.tar.gz`, `.zip`, `.tar.bz2`, `.tar.lz`, `.tar.lzma`, `.tar.xz`, `.tar.zst`, `.tar`, `.tbz`, `.tgz`, `.tlz`, or `.txz`))
DEBUG Skipping file for pandas: "pandas-0.4.3.win32-py3.1.exe" (not a wheel or source distribution archive (expected one of `.whl`, `.tar.gz`, `.zip`, `.tar.bz2`, `.tar.lz`, `.tar.lzma`, `.tar.xz`, `.tar.zst`, `.tar`, `.tbz`, `.tgz`, `.tlz`, or `.txz`))
DEBUG Skipping file for pandas: "pandas-0.4.3.win32-py3.2.exe" (not a wheel or source distribution archive (expected one of `.whl`, `.tar.gz`, `.zip`, `.tar.bz2`, `.tar.lz`, `.tar.lzma`, `.tar.xz`, `.tar.zst`, `.tar`, `.tbz`, `.tgz`, `.tlz`, or `.txz`))
DEBUG Skipping file for pandas: "pandas-0.5.0.win-amd64-py2.6.exe" (not a wheel or source distribution archive (expected one of `.whl`, `.tar.gz`, `.zip`, `.tar.bz2`, `.tar.lz`, `.tar.lzma`, `.tar.xz`, `.tar.zst`, `.tar`, `.tbz`, `.tgz`, `.tlz`, or `.txz`))
DEBUG Skipping file for pandas: "pandas-0.5.0.win-amd64-py2.7.exe" (not a wheel or source distribution archive (expected one of `.whl`, `.tar.gz`, `.zip`, `.tar.bz2`, `.tar.lz`, `.tar.lzma`, `.tar.xz`, `.tar.zst`, `.tar`, `.tbz`, `.tgz`, `.tlz`, or `.txz`))
DEBUG Skipping file for pandas: "pandas-0.5.0.win-amd64-py3.1.exe" (not a wheel or source distribution archive (expected one of `.whl`, `.tar.gz`, `.zip`, `.tar.bz2`, `.tar.lz`, `.tar.lzma`, `.tar.xz`, `.tar.zst`, `.tar`, `.tbz`, `.tgz`, `.tlz`, or `.txz`))
DEBUG Skipping file for pandas: "pandas-0.5.0.win-amd64-py3.2.exe" (not a wheel or source distribution archive (expected one of `.whl`, `.tar.gz`, `.zip`, `.tar.bz2`, `.tar.lz`, `.tar.lzma`, `.tar.xz`, `.tar.zst`, `.tar`, `.tbz`, `.tgz`, `.tlz`, or `.txz`))
DEBUG Skipping file for pandas: "pandas-0.5.0.win32-py2.5.exe" (not a wheel or source distribution archive (expected one of `.whl`, `.tar.gz`, `.zip`, `.tar.bz2`, `.tar.lz`, `.tar.lzma`, `.tar.xz`, `.tar.zst`, `.tar`, `.tbz`, `.tgz`, `.tlz`, or `.txz`))
DEBUG Skipping file for pandas: "pandas-0.5.0.win32-py2.6.exe" (not a wheel or source distribution archive (expected one of `.whl`, `.tar.gz`, `.zip`, `.tar.bz2`, `.tar.lz`, `.tar.lzma`, `.tar.xz`, `.tar.zst`, `.tar`, `.tbz`, `.tgz`, `.tlz`, or `.txz`))
DEBUG Skipping file for pandas: "pandas-0.5.0.win32-py2.7.exe" (not a wheel or source distribution archive (expected one of `.whl`, `.tar.gz`, `.zip`, `.tar.bz2`, `.tar.lz`, `.tar.lzma`, `.tar.xz`, `.tar.zst`, `.tar`, `.tbz`, `.tgz`, `.tlz`, or `.txz`))
DEBUG Skipping file for pandas: "pandas-0.5.0.win32-py3.1.exe" (not a wheel or source distribution archive (expected one of `.whl`, `.tar.gz`, `.zip`, `.tar.bz2`, `.tar.lz`, `.tar.lzma`, `.tar.xz`, `.tar.zst`, `.tar`, `.tbz`, `.tgz`, `.tlz`, or `.txz`))
DEBUG Skipping file for pandas: "pandas-0.5.0.win32-py3.2.exe" (not a wheel or source distribution archive (expected one of `.whl`, `.tar.gz`, `.zip`, `.tar.bz2`, `.tar.lz`, `.tar.lzma`, `.tar.xz`, `.tar.zst`, `.tar`, `.tbz`, `.tgz`, `.tlz`, or `.txz`))
DEBUG Skipping file for pandas: "pandas-0.6.0.win-amd64-py2.5.exe" (not a wheel or source distribution archive (expected one of `.whl`, `.tar.gz`, `.zip`, `.tar.bz2`, `.tar.lz`, `.tar.lzma`, `.tar.xz`, `.tar.zst`, `.tar`, `.tbz`, `.tgz`, `.tlz`, or `.txz`))
DEBUG Skipping file for pandas: "pandas-0.6.0.win-amd64-py2.6.exe" (not a wheel or source distribution archive (expected one of `.whl`, `.tar.gz`, `.zip`, `.tar.bz2`, `.tar.lz`, `.tar.lzma`, `.tar.xz`, `.tar.zst`, `.tar`, `.tbz`, `.tgz`, `.tlz`, or `.txz`))
DEBUG Skipping file for pandas: "pandas-0.6.0.win-amd64-py2.7.exe" (not a wheel or source distribution archive (expected one of `.whl`, `.tar.gz`, `.zip`, `.tar.bz2`, `.tar.lz`, `.tar.lzma`, `.tar.xz`, `.tar.zst`, `.tar`, `.tbz`, `.tgz`, `.tlz`, or `.txz`))
DEBUG Skipping file for pandas: "pandas-0.6.0.win-amd64-py3.1.exe" (not a wheel or source distribution archive (expected one of `.whl`, `.tar.gz`, `.zip`, `.tar.bz2`, `.tar.lz`, `.tar.lzma`, `.tar.xz`, `.tar.zst`, `.tar`, `.tbz`, `.tgz`, `.tlz`, or `.txz`))
DEBUG Skipping file for pandas: "pandas-0.6.0.win-amd64-py3.2.exe" (not a wheel or source distribution archive (expected one of `.whl`, `.tar.gz`, `.zip`, `.tar.bz2`, `.tar.lz`, `.tar.lzma`, `.tar.xz`, `.tar.zst`, `.tar`, `.tbz`, `.tgz`, `.tlz`, or `.txz`))
DEBUG Skipping file for pandas: "pandas-0.6.0.win32-py2.5.exe" (not a wheel or source distribution archive (expected one of `.whl`, `.tar.gz`, `.zip`, `.tar.bz2`, `.tar.lz`, `.tar.lzma`, `.tar.xz`, `.tar.zst`, `.tar`, `.tbz`, `.tgz`, `.tlz`, or `.txz`))
DEBUG Skipping file for pandas: "pandas-0.6.0.win32-py2.6.exe" (not a wheel or source distribution archive (expected one of `.whl`, `.tar.gz`, `.zip`, `.tar.bz2`, `.tar.lz`, `.tar.lzma`, `.tar.xz`, `.tar.zst`, `.tar`, `.tbz`, `.tgz`, `.tlz`, or `.txz`))
DEBUG Skipping file for pandas: "pandas-0.6.0.win32-py2.7.exe" (not a wheel or source distribution archive (expected one of `.whl`, `.tar.gz`, `.zip`, `.tar.bz2`, `.tar.lz`, `.tar.lzma`, `.tar.xz`, `.tar.zst`, `.tar`, `.tbz`, `.tgz`, `.tlz`, or `.txz`))
DEBUG Skipping file for pandas: "pandas-0.6.0.win32-py3.1.exe" (not a wheel or source distribution archive (expected one of `.whl`, `.tar.gz`, `.zip`, `.tar.bz2`, `.tar.lz`, `.tar.lzma`, `.tar.xz`, `.tar.zst`, `.tar`, `.tbz`, `.tgz`, `.tlz`, or `.txz`))
DEBUG Skipping file for pandas: "pandas-0.6.0.win32-py3.2.exe" (not a wheel or source distribution archive (expected one of `.whl`, `.tar.gz`, `.zip`, `.tar.bz2`, `.tar.lz`, `.tar.lzma`, `.tar.xz`, `.tar.zst`, `.tar`, `.tbz`, `.tgz`, `.tlz`, or `.txz`))
DEBUG Skipping file for pandas: "pandas-0.6.1.win-amd64-py2.6.exe" (not a wheel or source distribution archive (expected one of `.whl`, `.tar.gz`, `.zip`, `.tar.bz2`, `.tar.lz`, `.tar.lzma`, `.tar.xz`, `.tar.zst`, `.tar`, `.tbz`, `.tgz`, `.tlz`, or `.txz`))
DEBUG Skipping file for pandas: "pandas-0.6.1.win-amd64-py2.7.exe" (not a wheel or source distribution archive (expected one of `.whl`, `.tar.gz`, `.zip`, `.tar.bz2`, `.tar.lz`, `.tar.lzma`, `.tar.xz`, `.tar.zst`, `.tar`, `.tbz`, `.tgz`, `.tlz`, or `.txz`))
DEBUG Skipping file for pandas: "pandas-0.6.1.win32-py2.5.exe" (not a wheel or source distribution archive (expected one of `.whl`, `.tar.gz`, `.zip`, `.tar.bz2`, `.tar.lz`, `.tar.lzma`, `.tar.xz`, `.tar.zst`, `.tar`, `.tbz`, `.tgz`, `.tlz`, or `.txz`))
DEBUG Skipping file for pandas: "pandas-0.6.1.win32-py2.6.exe" (not a wheel or source distribution archive (expected one of `.whl`, `.tar.gz`, `.zip`, `.tar.bz2`, `.tar.lz`, `.tar.lzma`, `.tar.xz`, `.tar.zst`, `.tar`, `.tbz`, `.tgz`, `.tlz`, or `.txz`))
DEBUG Skipping file for pandas: "pandas-0.6.1.win32-py2.7.exe" (not a wheel or source distribution archive (expected one of `.whl`, `.tar.gz`, `.zip`, `.tar.bz2`, `.tar.lz`, `.tar.lzma`, `.tar.xz`, `.tar.zst`, `.tar`, `.tbz`, `.tgz`, `.tlz`, or `.txz`))
DEBUG Skipping file for pandas: "pandas-0.6.1.win32-py3.1.exe" (not a wheel or source distribution archive (expected one of `.whl`, `.tar.gz`, `.zip`, `.tar.bz2`, `.tar.lz`, `.tar.lzma`, `.tar.xz`, `.tar.zst`, `.tar`, `.tbz`, `.tgz`, `.tlz`, or `.txz`))
DEBUG Skipping file for pandas: "pandas-0.6.1.win32-py3.2.exe" (not a wheel or source distribution archive (expected one of `.whl`, `.tar.gz`, `.zip`, `.tar.bz2`, `.tar.lz`, `.tar.lzma`, `.tar.xz`, `.tar.zst`, `.tar`, `.tbz`, `.tgz`, `.tlz`, or `.txz`))
DEBUG Skipping file for pandas: "pandas-0.7.0.win-amd64-py2.6.exe" (not a wheel or source distribution archive (expected one of `.whl`, `.tar.gz`, `.zip`, `.tar.bz2`, `.tar.lz`, `.tar.lzma`, `.tar.xz`, `.tar.zst`, `.tar`, `.tbz`, `.tgz`, `.tlz`, or `.txz`))
DEBUG Skipping file for pandas: "pandas-0.7.0.win-amd64-py2.7.exe" (not a wheel or source distribution archive (expected one of `.whl`, `.tar.gz`, `.zip`, `.tar.bz2`, `.tar.lz`, `.tar.lzma`, `.tar.xz`, `.tar.zst`, `.tar`, `.tbz`, `.tgz`, `.tlz`, or `.txz`))
DEBUG Skipping file for pandas: "pandas-0.7.0.win-amd64-py3.1.exe" (not a wheel or source distribution archive (expected one of `.whl`, `.tar.gz`, `.zip`, `.tar.bz2`, `.tar.lz`, `.tar.lzma`, `.tar.xz`, `.tar.zst`, `.tar`, `.tbz`, `.tgz`, `.tlz`, or `.txz`))
DEBUG Skipping file for pandas: "pandas-0.7.0.win-amd64-py3.2.exe" (not a wheel or source distribution archive (expected one of `.whl`, `.tar.gz`, `.zip`, `.tar.bz2`, `.tar.lz`, `.tar.lzma`, `.tar.xz`, `.tar.zst`, `.tar`, `.tbz`, `.tgz`, `.tlz`, or `.txz`))
DEBUG Skipping file for pandas: "pandas-0.7.0.win32-py2.5.exe" (not a wheel or source distribution archive (expected one of `.whl`, `.tar.gz`, `.zip`, `.tar.bz2`, `.tar.lz`, `.tar.lzma`, `.tar.xz`, `.tar.zst`, `.tar`, `.tbz`, `.tgz`, `.tlz`, or `.txz`))
DEBUG Skipping file for pandas: "pandas-0.7.0.win32-py2.6.exe" (not a wheel or source distribution archive (expected one of `.whl`, `.tar.gz`, `.zip`, `.tar.bz2`, `.tar.lz`, `.tar.lzma`, `.tar.xz`, `.tar.zst`, `.tar`, `.tbz`, `.tgz`, `.tlz`, or `.txz`))
DEBUG Skipping file for pandas: "pandas-0.7.0.win32-py2.7.exe" (not a wheel or source distribution archive (expected one of `.whl`, `.tar.gz`, `.zip`, `.tar.bz2`, `.tar.lz`, `.tar.lzma`, `.tar.xz`, `.tar.zst`, `.tar`, `.tbz`, `.tgz`, `.tlz`, or `.txz`))
DEBUG Skipping file for pandas: "pandas-0.7.0.win32-py3.1.exe" (not a wheel or source distribution archive (expected one of `.whl`, `.tar.gz`, `.zip`, `.tar.bz2`, `.tar.lz`, `.tar.lzma`, `.tar.xz`, `.tar.zst`, `.tar`, `.tbz`, `.tgz`, `.tlz`, or `.txz`))
DEBUG Skipping file for pandas: "pandas-0.7.0.win32-py3.2.exe" (not a wheel or source distribution archive (expected one of `.whl`, `.tar.gz`, `.zip`, `.tar.bz2`, `.tar.lz`, `.tar.lzma`, `.tar.xz`, `.tar.zst`, `.tar`, `.tbz`, `.tgz`, `.tlz`, or `.txz`))
DEBUG Skipping file for pandas: "pandas-0.7.1.win-amd64-py2.6.exe" (not a wheel or source distribution archive (expected one of `.whl`, `.tar.gz`, `.zip`, `.tar.bz2`, `.tar.lz`, `.tar.lzma`, `.tar.xz`, `.tar.zst`, `.tar`, `.tbz`, `.tgz`, `.tlz`, or `.txz`))
DEBUG Skipping file for pandas: "pandas-0.7.1.win-amd64-py2.7.exe" (not a wheel or source distribution archive (expected one of `.whl`, `.tar.gz`, `.zip`, `.tar.bz2`, `.tar.lz`, `.tar.lzma`, `.tar.xz`, `.tar.zst`, `.tar`, `.tbz`, `.tgz`, `.tlz`, or `.txz`))
DEBUG Skipping file for pandas: "pandas-0.7.1.win-amd64-py3.1.exe" (not a wheel or source distribution archive (expected one of `.whl`, `.tar.gz`, `.zip`, `.tar.bz2`, `.tar.lz`, `.tar.lzma`, `.tar.xz`, `.tar.zst`, `.tar`, `.tbz`, `.tgz`, `.tlz`, or `.txz`))
DEBUG Skipping file for pandas: "pandas-0.7.1.win-amd64-py3.2.exe" (not a wheel or source distribution archive (expected one of `.whl`, `.tar.gz`, `.zip`, `.tar.bz2`, `.tar.lz`, `.tar.lzma`, `.tar.xz`, `.tar.zst`, `.tar`, `.tbz`, `.tgz`, `.tlz`, or `.txz`))
DEBUG Skipping file for pandas: "pandas-0.7.1.win32-py2.5.exe" (not a wheel or source distribution archive (expected one of `.whl`, `.tar.gz`, `.zip`, `.tar.bz2`, `.tar.lz`, `.tar.lzma`, `.tar.xz`, `.tar.zst`, `.tar`, `.tbz`, `.tgz`, `.tlz`, or `.txz`))
DEBUG Skipping file for pandas: "pandas-0.7.1.win32-py2.6.exe" (not a wheel or source distribution archive (expected one of `.whl`, `.tar.gz`, `.zip`, `.tar.bz2`, `.tar.lz`, `.tar.lzma`, `.tar.xz`, `.tar.zst`, `.tar`, `.tbz`, `.tgz`, `.tlz`, or `.txz`))
DEBUG Skipping file for pandas: "pandas-0.7.1.win32-py2.7.exe" (not a wheel or source distribution archive (expected one of `.whl`, `.tar.gz`, `.zip`, `.tar.bz2`, `.tar.lz`, `.tar.lzma`, `.tar.xz`, `.tar.zst`, `.tar`, `.tbz`, `.tgz`, `.tlz`, or `.txz`))
DEBUG Skipping file for pandas: "pandas-0.7.1.win32-py3.1.exe" (not a wheel or source distribution archive (expected one of `.whl`, `.tar.gz`, `.zip`, `.tar.bz2`, `.tar.lz`, `.tar.lzma`, `.tar.xz`, `.tar.zst`, `.tar`, `.tbz`, `.tgz`, `.tlz`, or `.txz`))
DEBUG Skipping file for pandas: "pandas-0.7.1.win32-py3.2.exe" (not a wheel or source distribution archive (expected one of `.whl`, `.tar.gz`, `.zip`, `.tar.bz2`, `.tar.lz`, `.tar.lzma`, `.tar.xz`, `.tar.zst`, `.tar`, `.tbz`, `.tgz`, `.tlz`, or `.txz`))
DEBUG Skipping file for pandas: "pandas-0.7.2.win-amd64-py2.6.exe" (not a wheel or source distribution archive (expected one of `.whl`, `.tar.gz`, `.zip`, `.tar.bz2`, `.tar.lz`, `.tar.lzma`, `.tar.xz`, `.tar.zst`, `.tar`, `.tbz`, `.tgz`, `.tlz`, or `.txz`))
DEBUG Skipping file for pandas: "pandas-0.7.2.win-amd64-py2.7.exe" (not a wheel or source distribution archive (expected one of `.whl`, `.tar.gz`, `.zip`, `.tar.bz2`, `.tar.lz`, `.tar.lzma`, `.tar.xz`, `.tar.zst`, `.tar`, `.tbz`, `.tgz`, `.tlz`, or `.txz`))
DEBUG Skipping file for pandas: "pandas-0.7.2.win-amd64-py3.1.exe" (not a wheel or source distribution archive (expected one of `.whl`, `.tar.gz`, `.zip`, `.tar.bz2`, `.tar.lz`, `.tar.lzma`, `.tar.xz`, `.tar.zst`, `.tar`, `.tbz`, `.tgz`, `.tlz`, or `.txz`))
DEBUG Skipping file for pandas: "pandas-0.7.2.win-amd64-py3.2.exe" (not a wheel or source distribution archive (expected one of `.whl`, `.tar.gz`, `.zip`, `.tar.bz2`, `.tar.lz`, `.tar.lzma`, `.tar.xz`, `.tar.zst`, `.tar`, `.tbz`, `.tgz`, `.tlz`, or `.txz`))
DEBUG Skipping file for pandas: "pandas-0.7.2.win32-py2.5.exe" (not a wheel or source distribution archive (expected one of `.whl`, `.tar.gz`, `.zip`, `.tar.bz2`, `.tar.lz`, `.tar.lzma`, `.tar.xz`, `.tar.zst`, `.tar`, `.tbz`, `.tgz`, `.tlz`, or `.txz`))
DEBUG Skipping file for pandas: "pandas-0.7.2.win32-py2.6.exe" (not a wheel or source distribution archive (expected one of `.whl`, `.tar.gz`, `.zip`, `.tar.bz2`, `.tar.lz`, `.tar.lzma`, `.tar.xz`, `.tar.zst`, `.tar`, `.tbz`, `.tgz`, `.tlz`, or `.txz`))
DEBUG Skipping file for pandas: "pandas-0.7.2.win32-py2.7.exe" (not a wheel or source distribution archive (expected one of `.whl`, `.tar.gz`, `.zip`, `.tar.bz2`, `.tar.lz`, `.tar.lzma`, `.tar.xz`, `.tar.zst`, `.tar`, `.tbz`, `.tgz`, `.tlz`, or `.txz`))
DEBUG Skipping file for pandas: "pandas-0.7.2.win32-py3.1.exe" (not a wheel or source distribution archive (expected one of `.whl`, `.tar.gz`, `.zip`, `.tar.bz2`, `.tar.lz`, `.tar.lzma`, `.tar.xz`, `.tar.zst`, `.tar`, `.tbz`, `.tgz`, `.tlz`, or `.txz`))
DEBUG Skipping file for pandas: "pandas-0.7.2.win32-py3.2.exe" (not a wheel or source distribution archive (expected one of `.whl`, `.tar.gz`, `.zip`, `.tar.bz2`, `.tar.lz`, `.tar.lzma`, `.tar.xz`, `.tar.zst`, `.tar`, `.tbz`, `.tgz`, `.tlz`, or `.txz`))
DEBUG Skipping file for pandas: "pandas-0.7.3.win-amd64-py2.6.exe" (not a wheel or source distribution archive (expected one of `.whl`, `.tar.gz`, `.zip`, `.tar.bz2`, `.tar.lz`, `.tar.lzma`, `.tar.xz`, `.tar.zst`, `.tar`, `.tbz`, `.tgz`, `.tlz`, or `.txz`))
DEBUG Skipping file for pandas: "pandas-0.7.3.win-amd64-py2.7.exe" (not a wheel or source distribution archive (expected one of `.whl`, `.tar.gz`, `.zip`, `.tar.bz2`, `.tar.lz`, `.tar.lzma`, `.tar.xz`, `.tar.zst`, `.tar`, `.tbz`, `.tgz`, `.tlz`, or `.txz`))
DEBUG Skipping file for pandas: "pandas-0.7.3.win-amd64-py3.1.exe" (not a wheel or source distribution archive (expected one of `.whl`, `.tar.gz`, `.zip`, `.tar.bz2`, `.tar.lz`, `.tar.lzma`, `.tar.xz`, `.tar.zst`, `.tar`, `.tbz`, `.tgz`, `.tlz`, or `.txz`))
DEBUG Skipping file for pandas: "pandas-0.7.3.win-amd64-py3.2.exe" (not a wheel or source distribution archive (expected one of `.whl`, `.tar.gz`, `.zip`, `.tar.bz2`, `.tar.lz`, `.tar.lzma`, `.tar.xz`, `.tar.zst`, `.tar`, `.tbz`, `.tgz`, `.tlz`, or `.txz`))
DEBUG Skipping file for pandas: "pandas-0.7.3.win32-py2.5.exe" (not a wheel or source distribution archive (expected one of `.whl`, `.tar.gz`, `.zip`, `.tar.bz2`, `.tar.lz`, `.tar.lzma`, `.tar.xz`, `.tar.zst`, `.tar`, `.tbz`, `.tgz`, `.tlz`, or `.txz`))
DEBUG Skipping file for pandas: "pandas-0.7.3.win32-py2.6.exe" (not a wheel or source distribution archive (expected one of `.whl`, `.tar.gz`, `.zip`, `.tar.bz2`, `.tar.lz`, `.tar.lzma`, `.tar.xz`, `.tar.zst`, `.tar`, `.tbz`, `.tgz`, `.tlz`, or `.txz`))
DEBUG Skipping file for pandas: "pandas-0.7.3.win32-py2.7.exe" (not a wheel or source distribution archive (expected one of `.whl`, `.tar.gz`, `.zip`, `.tar.bz2`, `.tar.lz`, `.tar.lzma`, `.tar.xz`, `.tar.zst`, `.tar`, `.tbz`, `.tgz`, `.tlz`, or `.txz`))
DEBUG Skipping file for pandas: "pandas-0.7.3.win32-py3.1.exe" (not a wheel or source distribution archive (expected one of `.whl`, `.tar.gz`, `.zip`, `.tar.bz2`, `.tar.lz`, `.tar.lzma`, `.tar.xz`, `.tar.zst`, `.tar`, `.tbz`, `.tgz`, `.tlz`, or `.txz`))
DEBUG Skipping file for pandas: "pandas-0.7.3.win32-py3.2.exe" (not a wheel or source distribution archive (expected one of `.whl`, `.tar.gz`, `.zip`, `.tar.bz2`, `.tar.lz`, `.tar.lzma`, `.tar.xz`, `.tar.zst`, `.tar`, `.tbz`, `.tgz`, `.tlz`, or `.txz`))
DEBUG Skipping file for pandas: "pandas-0.8.0.win-amd64-py2.6.exe" (not a wheel or source distribution archive (expected one of `.whl`, `.tar.gz`, `.zip`, `.tar.bz2`, `.tar.lz`, `.tar.lzma`, `.tar.xz`, `.tar.zst`, `.tar`, `.tbz`, `.tgz`, `.tlz`, or `.txz`))
DEBUG Skipping file for pandas: "pandas-0.8.0.win-amd64-py2.7.exe" (not a wheel or source distribution archive (expected one of `.whl`, `.tar.gz`, `.zip`, `.tar.bz2`, `.tar.lz`, `.tar.lzma`, `.tar.xz`, `.tar.zst`, `.tar`, `.tbz`, `.tgz`, `.tlz`, or `.txz`))
DEBUG Skipping file for pandas: "pandas-0.8.0.win-amd64-py3.1.exe" (not a wheel or source distribution archive (expected one of `.whl`, `.tar.gz`, `.zip`, `.tar.bz2`, `.tar.lz`, `.tar.lzma`, `.tar.xz`, `.tar.zst`, `.tar`, `.tbz`, `.tgz`, `.tlz`, or `.txz`))
DEBUG Skipping file for pandas: "pandas-0.8.0.win-amd64-py3.2.exe" (not a wheel or source distribution archive (expected one of `.whl`, `.tar.gz`, `.zip`, `.tar.bz2`, `.tar.lz`, `.tar.lzma`, `.tar.xz`, `.tar.zst`, `.tar`, `.tbz`, `.tgz`, `.tlz`, or `.txz`))
DEBUG Skipping file for pandas: "pandas-0.8.0.win32-py2.5.exe" (not a wheel or source distribution archive (expected one of `.whl`, `.tar.gz`, `.zip`, `.tar.bz2`, `.tar.lz`, `.tar.lzma`, `.tar.xz`, `.tar.zst`, `.tar`, `.tbz`, `.tgz`, `.tlz`, or `.txz`))
DEBUG Skipping file for pandas: "pandas-0.8.0.win32-py2.6.exe" (not a wheel or source distribution archive (expected one of `.whl`, `.tar.gz`, `.zip`, `.tar.bz2`, `.tar.lz`, `.tar.lzma`, `.tar.xz`, `.tar.zst`, `.tar`, `.tbz`, `.tgz`, `.tlz`, or `.txz`))
DEBUG Skipping file for pandas: "pandas-0.8.0.win32-py2.7.exe" (not a wheel or source distribution archive (expected one of `.whl`, `.tar.gz`, `.zip`, `.tar.bz2`, `.tar.lz`, `.tar.lzma`, `.tar.xz`, `.tar.zst`, `.tar`, `.tbz`, `.tgz`, `.tlz`, or `.txz`))
DEBUG Skipping file for pandas: "pandas-0.8.0.win32-py3.1.exe" (not a wheel or source distribution archive (expected one of `.whl`, `.tar.gz`, `.zip`, `.tar.bz2`, `.tar.lz`, `.tar.lzma`, `.tar.xz`, `.tar.zst`, `.tar`, `.tbz`, `.tgz`, `.tlz`, or `.txz`))
DEBUG Skipping file for pandas: "pandas-0.8.0.win32-py3.2.exe" (not a wheel or source distribution archive (expected one of `.whl`, `.tar.gz`, `.zip`, `.tar.bz2`, `.tar.lz`, `.tar.lzma`, `.tar.xz`, `.tar.zst`, `.tar`, `.tbz`, `.tgz`, `.tlz`, or `.txz`))
DEBUG Skipping file for pandas: "pandas-0.8.1.win-amd64-py2.6.exe" (not a wheel or source distribution archive (expected one of `.whl`, `.tar.gz`, `.zip`, `.tar.bz2`, `.tar.lz`, `.tar.lzma`, `.tar.xz`, `.tar.zst`, `.tar`, `.tbz`, `.tgz`, `.tlz`, or `.txz`))
DEBUG Skipping file for pandas: "pandas-0.8.1.win-amd64-py2.7.exe" (not a wheel or source distribution archive (expected one of `.whl`, `.tar.gz`, `.zip`, `.tar.bz2`, `.tar.lz`, `.tar.lzma`, `.tar.xz`, `.tar.zst`, `.tar`, `.tbz`, `.tgz`, `.tlz`, or `.txz`))
DEBUG Skipping file for pandas: "pandas-0.8.1.win-amd64-py3.1.exe" (not a wheel or source distribution archive (expected one of `.whl`, `.tar.gz`, `.zip`, `.tar.bz2`, `.tar.lz`, `.tar.lzma`, `.tar.xz`, `.tar.zst`, `.tar`, `.tbz`, `.tgz`, `.tlz`, or `.txz`))
DEBUG Skipping file for pandas: "pandas-0.8.1.win-amd64-py3.2.exe" (not a wheel or source distribution archive (expected one of `.whl`, `.tar.gz`, `.zip`, `.tar.bz2`, `.tar.lz`, `.tar.lzma`, `.tar.xz`, `.tar.zst`, `.tar`, `.tbz`, `.tgz`, `.tlz`, or `.txz`))
DEBUG Skipping file for pandas: "pandas-0.8.1.win32-py2.5.exe" (not a wheel or source distribution archive (expected one of `.whl`, `.tar.gz`, `.zip`, `.tar.bz2`, `.tar.lz`, `.tar.lzma`, `.tar.xz`, `.tar.zst`, `.tar`, `.tbz`, `.tgz`, `.tlz`, or `.txz`))
DEBUG Skipping file for pandas: "pandas-0.8.1.win32-py2.6.exe" (not a wheel or source distribution archive (expected one of `.whl`, `.tar.gz`, `.zip`, `.tar.bz2`, `.tar.lz`, `.tar.lzma`, `.tar.xz`, `.tar.zst`, `.tar`, `.tbz`, `.tgz`, `.tlz`, or `.txz`))
DEBUG Skipping file for pandas: "pandas-0.8.1.win32-py2.7.exe" (not a wheel or source distribution archive (expected one of `.whl`, `.tar.gz`, `.zip`, `.tar.bz2`, `.tar.lz`, `.tar.lzma`, `.tar.xz`, `.tar.zst`, `.tar`, `.tbz`, `.tgz`, `.tlz`, or `.txz`))
DEBUG Skipping file for pandas: "pandas-0.8.1.win32-py3.1.exe" (not a wheel or source distribution archive (expected one of `.whl`, `.tar.gz`, `.zip`, `.tar.bz2`, `.tar.lz`, `.tar.lzma`, `.tar.xz`, `.tar.zst`, `.tar`, `.tbz`, `.tgz`, `.tlz`, or `.txz`))
DEBUG Skipping file for pandas: "pandas-0.8.1.win32-py3.2.exe" (not a wheel or source distribution archive (expected one of `.whl`, `.tar.gz`, `.zip`, `.tar.bz2`, `.tar.lz`, `.tar.lzma`, `.tar.xz`, `.tar.zst`, `.tar`, `.tbz`, `.tgz`, `.tlz`, or `.txz`))
DEBUG Skipping file for pandas: "pandas-0.9.0.win-amd64-py2.6.exe" (not a wheel or source distribution archive (expected one of `.whl`, `.tar.gz`, `.zip`, `.tar.bz2`, `.tar.lz`, `.tar.lzma`, `.tar.xz`, `.tar.zst`, `.tar`, `.tbz`, `.tgz`, `.tlz`, or `.txz`))
DEBUG Skipping file for pandas: "pandas-0.9.0.win-amd64-py2.7.exe" (not a wheel or source distribution archive (expected one of `.whl`, `.tar.gz`, `.zip`, `.tar.bz2`, `.tar.lz`, `.tar.lzma`, `.tar.xz`, `.tar.zst`, `.tar`, `.tbz`, `.tgz`, `.tlz`, or `.txz`))
DEBUG Skipping file for pandas: "pandas-0.9.0.win-amd64-py3.1.exe" (not a wheel or source distribution archive (expected one of `.whl`, `.tar.gz`, `.zip`, `.tar.bz2`, `.tar.lz`, `.tar.lzma`, `.tar.xz`, `.tar.zst`, `.tar`, `.tbz`, `.tgz`, `.tlz`, or `.txz`))
DEBUG Skipping file for pandas: "pandas-0.9.0.win-amd64-py3.2.exe" (not a wheel or source distribution archive (expected one of `.whl`, `.tar.gz`, `.zip`, `.tar.bz2`, `.tar.lz`, `.tar.lzma`, `.tar.xz`, `.tar.zst`, `.tar`, `.tbz`, `.tgz`, `.tlz`, or `.txz`))
DEBUG Skipping file for pandas: "pandas-0.9.0.win32-py2.5.exe" (not a wheel or source distribution archive (expected one of `.whl`, `.tar.gz`, `.zip`, `.tar.bz2`, `.tar.lz`, `.tar.lzma`, `.tar.xz`, `.tar.zst`, `.tar`, `.tbz`, `.tgz`, `.tlz`, or `.txz`))
DEBUG Skipping file for pandas: "pandas-0.9.0.win32-py2.6.exe" (not a wheel or source distribution archive (expected one of `.whl`, `.tar.gz`, `.zip`, `.tar.bz2`, `.tar.lz`, `.tar.lzma`, `.tar.xz`, `.tar.zst`, `.tar`, `.tbz`, `.tgz`, `.tlz`, or `.txz`))
DEBUG Skipping file for pandas: "pandas-0.9.0.win32-py2.7.exe" (not a wheel or source distribution archive (expected one of `.whl`, `.tar.gz`, `.zip`, `.tar.bz2`, `.tar.lz`, `.tar.lzma`, `.tar.xz`, `.tar.zst`, `.tar`, `.tbz`, `.tgz`, `.tlz`, or `.txz`))
DEBUG Skipping file for pandas: "pandas-0.9.0.win32-py3.1.exe" (not a wheel or source distribution archive (expected one of `.whl`, `.tar.gz`, `.zip`, `.tar.bz2`, `.tar.lz`, `.tar.lzma`, `.tar.xz`, `.tar.zst`, `.tar`, `.tbz`, `.tgz`, `.tlz`, or `.txz`))
DEBUG Skipping file for pandas: "pandas-0.9.0.win32-py3.2.exe" (not a wheel or source distribution archive (expected one of `.whl`, `.tar.gz`, `.zip`, `.tar.bz2`, `.tar.lz`, `.tar.lzma`, `.tar.xz`, `.tar.zst`, `.tar`, `.tbz`, `.tgz`, `.tlz`, or `.txz`))
DEBUG Skipping file for pandas: "pandas-0.9.1.win-amd64-py2.6.exe" (not a wheel or source distribution archive (expected one of `.whl`, `.tar.gz`, `.zip`, `.tar.bz2`, `.tar.lz`, `.tar.lzma`, `.tar.xz`, `.tar.zst`, `.tar`, `.tbz`, `.tgz`, `.tlz`, or `.txz`))
DEBUG Skipping file for pandas: "pandas-0.9.1.win-amd64-py2.7.exe" (not a wheel or source distribution archive (expected one of `.whl`, `.tar.gz`, `.zip`, `.tar.bz2`, `.tar.lz`, `.tar.lzma`, `.tar.xz`, `.tar.zst`, `.tar`, `.tbz`, `.tgz`, `.tlz`, or `.txz`))
DEBUG Skipping file for pandas: "pandas-0.9.1.win-amd64-py3.1.exe" (not a wheel or source distribution archive (expected one of `.whl`, `.tar.gz`, `.zip`, `.tar.bz2`, `.tar.lz`, `.tar.lzma`, `.tar.xz`, `.tar.zst`, `.tar`, `.tbz`, `.tgz`, `.tlz`, or `.txz`))
DEBUG Skipping file for pandas: "pandas-0.9.1.win-amd64-py3.2.exe" (not a wheel or source distribution archive (expected one of `.whl`, `.tar.gz`, `.zip`, `.tar.bz2`, `.tar.lz`, `.tar.lzma`, `.tar.xz`, `.tar.zst`, `.tar`, `.tbz`, `.tgz`, `.tlz`, or `.txz`))
DEBUG Skipping file for pandas: "pandas-0.9.1.win32-py2.5.exe" (not a wheel or source distribution archive (expected one of `.whl`, `.tar.gz`, `.zip`, `.tar.bz2`, `.tar.lz`, `.tar.lzma`, `.tar.xz`, `.tar.zst`, `.tar`, `.tbz`, `.tgz`, `.tlz`, or `.txz`))
DEBUG Skipping file for pandas: "pandas-0.9.1.win32-py2.6.exe" (not a wheel or source distribution archive (expected one of `.whl`, `.tar.gz`, `.zip`, `.tar.bz2`, `.tar.lz`, `.tar.lzma`, `.tar.xz`, `.tar.zst`, `.tar`, `.tbz`, `.tgz`, `.tlz`, or `.txz`))
DEBUG Skipping file for pandas: "pandas-0.9.1.win32-py2.7.exe" (not a wheel or source distribution archive (expected one of `.whl`, `.tar.gz`, `.zip`, `.tar.bz2`, `.tar.lz`, `.tar.lzma`, `.tar.xz`, `.tar.zst`, `.tar`, `.tbz`, `.tgz`, `.tlz`, or `.txz`))
DEBUG Skipping file for pandas: "pandas-0.9.1.win32-py3.1.exe" (not a wheel or source distribution archive (expected one of `.whl`, `.tar.gz`, `.zip`, `.tar.bz2`, `.tar.lz`, `.tar.lzma`, `.tar.xz`, `.tar.zst`, `.tar`, `.tbz`, `.tgz`, `.tlz`, or `.txz`))
DEBUG Skipping file for pandas: "pandas-0.9.1.win32-py3.2.exe" (not a wheel or source distribution archive (expected one of `.whl`, `.tar.gz`, `.zip`, `.tar.bz2`, `.tar.lz`, `.tar.lzma`, `.tar.xz`, `.tar.zst`, `.tar`, `.tbz`, `.tgz`, `.tlz`, or `.txz`))
DEBUG Skipping file for pandas: "pandas-0.10.0.win-amd64-py2.6.exe" (not a wheel or source distribution archive (expected one of `.whl`, `.tar.gz`, `.zip`, `.tar.bz2`, `.tar.lz`, `.tar.lzma`, `.tar.xz`, `.tar.zst`, `.tar`, `.tbz`, `.tgz`, `.tlz`, or `.txz`))
DEBUG Skipping file for pandas: "pandas-0.10.0.win-amd64-py2.7.exe" (not a wheel or source distribution archive (expected one of `.whl`, `.tar.gz`, `.zip`, `.tar.bz2`, `.tar.lz`, `.tar.lzma`, `.tar.xz`, `.tar.zst`, `.tar`, `.tbz`, `.tgz`, `.tlz`, or `.txz`))
DEBUG Skipping file for pandas: "pandas-0.10.0.win-amd64-py3.1.exe" (not a wheel or source distribution archive (expected one of `.whl`, `.tar.gz`, `.zip`, `.tar.bz2`, `.tar.lz`, `.tar.lzma`, `.tar.xz`, `.tar.zst`, `.tar`, `.tbz`, `.tgz`, `.tlz`, or `.txz`))
DEBUG Skipping file for pandas: "pandas-0.10.0.win-amd64-py3.2.exe" (not a wheel or source distribution archive (expected one of `.whl`, `.tar.gz`, `.zip`, `.tar.bz2`, `.tar.lz`, `.tar.lzma`, `.tar.xz`, `.tar.zst`, `.tar`, `.tbz`, `.tgz`, `.tlz`, or `.txz`))
DEBUG Skipping file for pandas: "pandas-0.10.0.win-amd64-py3.3.exe" (not a wheel or source distribution archive (expected one of `.whl`, `.tar.gz`, `.zip`, `.tar.bz2`, `.tar.lz`, `.tar.lzma`, `.tar.xz`, `.tar.zst`, `.tar`, `.tbz`, `.tgz`, `.tlz`, or `.txz`))
DEBUG Skipping file for pandas: "pandas-0.10.0.win32-py2.6.exe" (not a wheel or source distribution archive (expected one of `.whl`, `.tar.gz`, `.zip`, `.tar.bz2`, `.tar.lz`, `.tar.lzma`, `.tar.xz`, `.tar.zst`, `.tar`, `.tbz`, `.tgz`, `.tlz`, or `.txz`))
DEBUG Skipping file for pandas: "pandas-0.10.0.win32-py2.7.exe" (not a wheel or source distribution archive (expected one of `.whl`, `.tar.gz`, `.zip`, `.tar.bz2`, `.tar.lz`, `.tar.lzma`, `.tar.xz`, `.tar.zst`, `.tar`, `.tbz`, `.tgz`, `.tlz`, or `.txz`))
DEBUG Skipping file for pandas: "pandas-0.10.0.win32-py3.1.exe" (not a wheel or source distribution archive (expected one of `.whl`, `.tar.gz`, `.zip`, `.tar.bz2`, `.tar.lz`, `.tar.lzma`, `.tar.xz`, `.tar.zst`, `.tar`, `.tbz`, `.tgz`, `.tlz`, or `.txz`))
DEBUG Skipping file for pandas: "pandas-0.10.0.win32-py3.2.exe" (not a wheel or source distribution archive (expected one of `.whl`, `.tar.gz`, `.zip`, `.tar.bz2`, `.tar.lz`, `.tar.lzma`, `.tar.xz`, `.tar.zst`, `.tar`, `.tbz`, `.tgz`, `.tlz`, or `.txz`))
DEBUG Skipping file for pandas: "pandas-0.10.0.win32-py3.3.exe" (not a wheel or source distribution archive (expected one of `.whl`, `.tar.gz`, `.zip`, `.tar.bz2`, `.tar.lz`, `.tar.lzma`, `.tar.xz`, `.tar.zst`, `.tar`, `.tbz`, `.tgz`, `.tlz`, or `.txz`))
DEBUG Skipping file for pandas: "pandas-0.10.1.win-amd64-py2.6.exe" (not a wheel or source distribution archive (expected one of `.whl`, `.tar.gz`, `.zip`, `.tar.bz2`, `.tar.lz`, `.tar.lzma`, `.tar.xz`, `.tar.zst`, `.tar`, `.tbz`, `.tgz`, `.tlz`, or `.txz`))
DEBUG Skipping file for pandas: "pandas-0.10.1.win-amd64-py2.7.exe" (not a wheel or source distribution archive (expected one of `.whl`, `.tar.gz`, `.zip`, `.tar.bz2`, `.tar.lz`, `.tar.lzma`, `.tar.xz`, `.tar.zst`, `.tar`, `.tbz`, `.tgz`, `.tlz`, or `.txz`))
DEBUG Skipping file for pandas: "pandas-0.10.1.win-amd64-py3.1.exe" (not a wheel or source distribution archive (expected one of `.whl`, `.tar.gz`, `.zip`, `.tar.bz2`, `.tar.lz`, `.tar.lzma`, `.tar.xz`, `.tar.zst`, `.tar`, `.tbz`, `.tgz`, `.tlz`, or `.txz`))
DEBUG Skipping file for pandas: "pandas-0.10.1.win-amd64-py3.2.exe" (not a wheel or source distribution archive (expected one of `.whl`, `.tar.gz`, `.zip`, `.tar.bz2`, `.tar.lz`, `.tar.lzma`, `.tar.xz`, `.tar.zst`, `.tar`, `.tbz`, `.tgz`, `.tlz`, or `.txz`))
DEBUG Skipping file for pandas: "pandas-0.10.1.win32-py2.6.exe" (not a wheel or source distribution archive (expected one of `.whl`, `.tar.gz`, `.zip`, `.tar.bz2`, `.tar.lz`, `.tar.lzma`, `.tar.xz`, `.tar.zst`, `.tar`, `.tbz`, `.tgz`, `.tlz`, or `.txz`))
DEBUG Skipping file for pandas: "pandas-0.10.1.win32-py2.7.exe" (not a wheel or source distribution archive (expected one of `.whl`, `.tar.gz`, `.zip`, `.tar.bz2`, `.tar.lz`, `.tar.lzma`, `.tar.xz`, `.tar.zst`, `.tar`, `.tbz`, `.tgz`, `.tlz`, or `.txz`))
DEBUG Skipping file for pandas: "pandas-0.10.1.win32-py3.1.exe" (not a wheel or source distribution archive (expected one of `.whl`, `.tar.gz`, `.zip`, `.tar.bz2`, `.tar.lz`, `.tar.lzma`, `.tar.xz`, `.tar.zst`, `.tar`, `.tbz`, `.tgz`, `.tlz`, or `.txz`))
DEBUG Skipping file for pandas: "pandas-0.10.1.win32-py3.2.exe" (not a wheel or source distribution archive (expected one of `.whl`, `.tar.gz`, `.zip`, `.tar.bz2`, `.tar.lz`, `.tar.lzma`, `.tar.xz`, `.tar.zst`, `.tar`, `.tbz`, `.tgz`, `.tlz`, or `.txz`))
DEBUG Skipping file for pandas: "pandas-0.11.0.win-amd64-py2.6.exe" (not a wheel or source distribution archive (expected one of `.whl`, `.tar.gz`, `.zip`, `.tar.bz2`, `.tar.lz`, `.tar.lzma`, `.tar.xz`, `.tar.zst`, `.tar`, `.tbz`, `.tgz`, `.tlz`, or `.txz`))
DEBUG Skipping file for pandas: "pandas-0.11.0.win-amd64-py2.7.exe" (not a wheel or source distribution archive (expected one of `.whl`, `.tar.gz`, `.zip`, `.tar.bz2`, `.tar.lz`, `.tar.lzma`, `.tar.xz`, `.tar.zst`, `.tar`, `.tbz`, `.tgz`, `.tlz`, or `.txz`))
DEBUG Skipping file for pandas: "pandas-0.11.0.win-amd64-py3.1.exe" (not a wheel or source distribution archive (expected one of `.whl`, `.tar.gz`, `.zip`, `.tar.bz2`, `.tar.lz`, `.tar.lzma`, `.tar.xz`, `.tar.zst`, `.tar`, `.tbz`, `.tgz`, `.tlz`, or `.txz`))
DEBUG Skipping file for pandas: "pandas-0.11.0.win-amd64-py3.2.exe" (not a wheel or source distribution archive (expected one of `.whl`, `.tar.gz`, `.zip`, `.tar.bz2`, `.tar.lz`, `.tar.lzma`, `.tar.xz`, `.tar.zst`, `.tar`, `.tbz`, `.tgz`, `.tlz`, or `.txz`))
DEBUG Skipping file for pandas: "pandas-0.11.0.win32-py2.6.exe" (not a wheel or source distribution archive (expected one of `.whl`, `.tar.gz`, `.zip`, `.tar.bz2`, `.tar.lz`, `.tar.lzma`, `.tar.xz`, `.tar.zst`, `.tar`, `.tbz`, `.tgz`, `.tlz`, or `.txz`))
DEBUG Skipping file for pandas: "pandas-0.11.0.win32-py2.7.exe" (not a wheel or source distribution archive (expected one of `.whl`, `.tar.gz`, `.zip`, `.tar.bz2`, `.tar.lz`, `.tar.lzma`, `.tar.xz`, `.tar.zst`, `.tar`, `.tbz`, `.tgz`, `.tlz`, or `.txz`))
DEBUG Skipping file for pandas: "pandas-0.11.0.win32-py3.1.exe" (not a wheel or source distribution archive (expected one of `.whl`, `.tar.gz`, `.zip`, `.tar.bz2`, `.tar.lz`, `.tar.lzma`, `.tar.xz`, `.tar.zst`, `.tar`, `.tbz`, `.tgz`, `.tlz`, or `.txz`))
DEBUG Skipping file for pandas: "pandas-0.11.0.win32-py3.2.exe" (not a wheel or source distribution archive (expected one of `.whl`, `.tar.gz`, `.zip`, `.tar.bz2`, `.tar.lz`, `.tar.lzma`, `.tar.xz`, `.tar.zst`, `.tar`, `.tbz`, `.tgz`, `.tlz`, or `.txz`))
DEBUG Skipping file for pandas: "pandas-0.12.0.win-amd64-py2.6.exe" (not a wheel or source distribution archive (expected one of `.whl`, `.tar.gz`, `.zip`, `.tar.bz2`, `.tar.lz`, `.tar.lzma`, `.tar.xz`, `.tar.zst`, `.tar`, `.tbz`, `.tgz`, `.tlz`, or `.txz`))
DEBUG Skipping file for pandas: "pandas-0.12.0.win-amd64-py2.7.exe" (not a wheel or source distribution archive (expected one of `.whl`, `.tar.gz`, `.zip`, `.tar.bz2`, `.tar.lz`, `.tar.lzma`, `.tar.xz`, `.tar.zst`, `.tar`, `.tbz`, `.tgz`, `.tlz`, or `.txz`))
DEBUG Skipping file for pandas: "pandas-0.12.0.win-amd64-py3.2.exe" (not a wheel or source distribution archive (expected one of `.whl`, `.tar.gz`, `.zip`, `.tar.bz2`, `.tar.lz`, `.tar.lzma`, `.tar.xz`, `.tar.zst`, `.tar`, `.tbz`, `.tgz`, `.tlz`, or `.txz`))
DEBUG Skipping file for pandas: "pandas-0.12.0.win-amd64-py3.3.exe" (not a wheel or source distribution archive (expected one of `.whl`, `.tar.gz`, `.zip`, `.tar.bz2`, `.tar.lz`, `.tar.lzma`, `.tar.xz`, `.tar.zst`, `.tar`, `.tbz`, `.tgz`, `.tlz`, or `.txz`))
DEBUG Skipping file for pandas: "pandas-0.12.0.win32-py2.6.exe" (not a wheel or source distribution archive (expected one of `.whl`, `.tar.gz`, `.zip`, `.tar.bz2`, `.tar.lz`, `.tar.lzma`, `.tar.xz`, `.tar.zst`, `.tar`, `.tbz`, `.tgz`, `.tlz`, or `.txz`))
DEBUG Skipping file for pandas: "pandas-0.12.0.win32-py2.7.exe" (not a wheel or source distribution archive (expected one of `.whl`, `.tar.gz`, `.zip`, `.tar.bz2`, `.tar.lz`, `.tar.lzma`, `.tar.xz`, `.tar.zst`, `.tar`, `.tbz`, `.tgz`, `.tlz`, or `.txz`))
DEBUG Skipping file for pandas: "pandas-0.12.0.win32-py3.2.exe" (not a wheel or source distribution archive (expected one of `.whl`, `.tar.gz`, `.zip`, `.tar.bz2`, `.tar.lz`, `.tar.lzma`, `.tar.xz`, `.tar.zst`, `.tar`, `.tbz`, `.tgz`, `.tlz`, or `.txz`))
DEBUG Skipping file for pandas: "pandas-0.12.0.win32-py3.3.exe" (not a wheel or source distribution archive (expected one of `.whl`, `.tar.gz`, `.zip`, `.tar.bz2`, `.tar.lz`, `.tar.lzma`, `.tar.xz`, `.tar.zst`, `.tar`, `.tbz`, `.tgz`, `.tlz`, or `.txz`))
DEBUG Skipping file for pandas: "pandas-0.13.0.win-amd64-py2.6.exe" (not a wheel or source distribution archive (expected one of `.whl`, `.tar.gz`, `.zip`, `.tar.bz2`, `.tar.lz`, `.tar.lzma`, `.tar.xz`, `.tar.zst`, `.tar`, `.tbz`, `.tgz`, `.tlz`, or `.txz`))
DEBUG Skipping file for pandas: "pandas-0.13.0.win-amd64-py2.7.exe" (not a wheel or source distribution archive (expected one of `.whl`, `.tar.gz`, `.zip`, `.tar.bz2`, `.tar.lz`, `.tar.lzma`, `.tar.xz`, `.tar.zst`, `.tar`, `.tbz`, `.tgz`, `.tlz`, or `.txz`))
DEBUG Skipping file for pandas: "pandas-0.13.0.win-amd64-py3.2.exe" (not a wheel or source distribution archive (expected one of `.whl`, `.tar.gz`, `.zip`, `.tar.bz2`, `.tar.lz`, `.tar.lzma`, `.tar.xz`, `.tar.zst`, `.tar`, `.tbz`, `.tgz`, `.tlz`, or `.txz`))
DEBUG Skipping file for pandas: "pandas-0.13.0.win-amd64-py3.3.exe" (not a wheel or source distribution archive (expected one of `.whl`, `.tar.gz`, `.zip`, `.tar.bz2`, `.tar.lz`, `.tar.lzma`, `.tar.xz`, `.tar.zst`, `.tar`, `.tbz`, `.tgz`, `.tlz`, or `.txz`))
DEBUG Skipping file for pandas: "pandas-0.13.0.win32-py2.6.exe" (not a wheel or source distribution archive (expected one of `.whl`, `.tar.gz`, `.zip`, `.tar.bz2`, `.tar.lz`, `.tar.lzma`, `.tar.xz`, `.tar.zst`, `.tar`, `.tbz`, `.tgz`, `.tlz`, or `.txz`))
DEBUG Skipping file for pandas: "pandas-0.13.0.win32-py2.7.exe" (not a wheel or source distribution archive (expected one of `.whl`, `.tar.gz`, `.zip`, `.tar.bz2`, `.tar.lz`, `.tar.lzma`, `.tar.xz`, `.tar.zst`, `.tar`, `.tbz`, `.tgz`, `.tlz`, or `.txz`))
DEBUG Skipping file for pandas: "pandas-0.13.0.win32-py3.2.exe" (not a wheel or source distribution archive (expected one of `.whl`, `.tar.gz`, `.zip`, `.tar.bz2`, `.tar.lz`, `.tar.lzma`, `.tar.xz`, `.tar.zst`, `.tar`, `.tbz`, `.tgz`, `.tlz`, or `.txz`))
DEBUG Skipping file for pandas: "pandas-0.13.0.win32-py3.3.exe" (not a wheel or source distribution archive (expected one of `.whl`, `.tar.gz`, `.zip`, `.tar.bz2`, `.tar.lz`, `.tar.lzma`, `.tar.xz`, `.tar.zst`, `.tar`, `.tbz`, `.tgz`, `.tlz`, or `.txz`))
DEBUG Skipping file for pandas: "pandas-0.13.1.win-amd64-py2.6.exe" (not a wheel or source distribution archive (expected one of `.whl`, `.tar.gz`, `.zip`, `.tar.bz2`, `.tar.lz`, `.tar.lzma`, `.tar.xz`, `.tar.zst`, `.tar`, `.tbz`, `.tgz`, `.tlz`, or `.txz`))
DEBUG Skipping file for pandas: "pandas-0.13.1.win-amd64-py2.7.exe" (not a wheel or source distribution archive (expected one of `.whl`, `.tar.gz`, `.zip`, `.tar.bz2`, `.tar.lz`, `.tar.lzma`, `.tar.xz`, `.tar.zst`, `.tar`, `.tbz`, `.tgz`, `.tlz`, or `.txz`))
DEBUG Skipping file for pandas: "pandas-0.13.1.win-amd64-py3.2.exe" (not a wheel or source distribution archive (expected one of `.whl`, `.tar.gz`, `.zip`, `.tar.bz2`, `.tar.lz`, `.tar.lzma`, `.tar.xz`, `.tar.zst`, `.tar`, `.tbz`, `.tgz`, `.tlz`, or `.txz`))
DEBUG Skipping file for pandas: "pandas-0.13.1.win-amd64-py3.3.exe" (not a wheel or source distribution archive (expected one of `.whl`, `.tar.gz`, `.zip`, `.tar.bz2`, `.tar.lz`, `.tar.lzma`, `.tar.xz`, `.tar.zst`, `.tar`, `.tbz`, `.tgz`, `.tlz`, or `.txz`))
DEBUG Skipping file for pandas: "pandas-0.13.1.win32-py2.6.exe" (not a wheel or source distribution archive (expected one of `.whl`, `.tar.gz`, `.zip`, `.tar.bz2`, `.tar.lz`, `.tar.lzma`, `.tar.xz`, `.tar.zst`, `.tar`, `.tbz`, `.tgz`, `.tlz`, or `.txz`))
DEBUG Skipping file for pandas: "pandas-0.13.1.win32-py2.7.exe" (not a wheel or source distribution archive (expected one of `.whl`, `.tar.gz`, `.zip`, `.tar.bz2`, `.tar.lz`, `.tar.lzma`, `.tar.xz`, `.tar.zst`, `.tar`, `.tbz`, `.tgz`, `.tlz`, or `.txz`))
DEBUG Skipping file for pandas: "pandas-0.13.1.win32-py3.2.exe" (not a wheel or source distribution archive (expected one of `.whl`, `.tar.gz`, `.zip`, `.tar.bz2`, `.tar.lz`, `.tar.lzma`, `.tar.xz`, `.tar.zst`, `.tar`, `.tbz`, `.tgz`, `.tlz`, or `.txz`))
DEBUG Skipping file for pandas: "pandas-0.13.1.win32-py3.3.exe" (not a wheel or source distribution archive (expected one of `.whl`, `.tar.gz`, `.zip`, `.tar.bz2`, `.tar.lz`, `.tar.lzma`, `.tar.xz`, `.tar.zst`, `.tar`, `.tbz`, `.tgz`, `.tlz`, or `.txz`))
DEBUG Skipping file for pandas: "pandas-0.14.0.win-amd64-py2.6.exe" (not a wheel or source distribution archive (expected one of `.whl`, `.tar.gz`, `.zip`, `.tar.bz2`, `.tar.lz`, `.tar.lzma`, `.tar.xz`, `.tar.zst`, `.tar`, `.tbz`, `.tgz`, `.tlz`, or `.txz`))
DEBUG Skipping file for pandas: "pandas-0.14.0.win-amd64-py2.7.exe" (not a wheel or source distribution archive (expected one of `.whl`, `.tar.gz`, `.zip`, `.tar.bz2`, `.tar.lz`, `.tar.lzma`, `.tar.xz`, `.tar.zst`, `.tar`, `.tbz`, `.tgz`, `.tlz`, or `.txz`))
DEBUG Skipping file for pandas: "pandas-0.14.0.win-amd64-py3.2.exe" (not a wheel or source distribution archive (expected one of `.whl`, `.tar.gz`, `.zip`, `.tar.bz2`, `.tar.lz`, `.tar.lzma`, `.tar.xz`, `.tar.zst`, `.tar`, `.tbz`, `.tgz`, `.tlz`, or `.txz`))
DEBUG Skipping file for pandas: "pandas-0.14.0.win-amd64-py3.3.exe" (not a wheel or source distribution archive (expected one of `.whl`, `.tar.gz`, `.zip`, `.tar.bz2`, `.tar.lz`, `.tar.lzma`, `.tar.xz`, `.tar.zst`, `.tar`, `.tbz`, `.tgz`, `.tlz`, or `.txz`))
DEBUG Skipping file for pandas: "pandas-0.14.0.win-amd64-py3.4.exe" (not a wheel or source distribution archive (expected one of `.whl`, `.tar.gz`, `.zip`, `.tar.bz2`, `.tar.lz`, `.tar.lzma`, `.tar.xz`, `.tar.zst`, `.tar`, `.tbz`, `.tgz`, `.tlz`, or `.txz`))
DEBUG Skipping file for pandas: "pandas-0.14.0.win32-py2.6.exe" (not a wheel or source distribution archive (expected one of `.whl`, `.tar.gz`, `.zip`, `.tar.bz2`, `.tar.lz`, `.tar.lzma`, `.tar.xz`, `.tar.zst`, `.tar`, `.tbz`, `.tgz`, `.tlz`, or `.txz`))
DEBUG Skipping file for pandas: "pandas-0.14.0.win32-py2.7.exe" (not a wheel or source distribution archive (expected one of `.whl`, `.tar.gz`, `.zip`, `.tar.bz2`, `.tar.lz`, `.tar.lzma`, `.tar.xz`, `.tar.zst`, `.tar`, `.tbz`, `.tgz`, `.tlz`, or `.txz`))
DEBUG Skipping file for pandas: "pandas-0.14.0.win32-py3.2.exe" (not a wheel or source distribution archive (expected one of `.whl`, `.tar.gz`, `.zip`, `.tar.bz2`, `.tar.lz`, `.tar.lzma`, `.tar.xz`, `.tar.zst`, `.tar`, `.tbz`, `.tgz`, `.tlz`, or `.txz`))
DEBUG Skipping file for pandas: "pandas-0.14.0.win32-py3.3.exe" (not a wheel or source distribution archive (expected one of `.whl`, `.tar.gz`, `.zip`, `.tar.bz2`, `.tar.lz`, `.tar.lzma`, `.tar.xz`, `.tar.zst`, `.tar`, `.tbz`, `.tgz`, `.tlz`, or `.txz`))
DEBUG Skipping file for pandas: "pandas-0.14.0.win32-py3.4.exe" (not a wheel or source distribution archive (expected one of `.whl`, `.tar.gz`, `.zip`, `.tar.bz2`, `.tar.lz`, `.tar.lzma`, `.tar.xz`, `.tar.zst`, `.tar`, `.tbz`, `.tgz`, `.tlz`, or `.txz`))
DEBUG Skipping file for pandas: "pandas-0.14.1.win-amd64-py2.6.exe" (not a wheel or source distribution archive (expected one of `.whl`, `.tar.gz`, `.zip`, `.tar.bz2`, `.tar.lz`, `.tar.lzma`, `.tar.xz`, `.tar.zst`, `.tar`, `.tbz`, `.tgz`, `.tlz`, or `.txz`))
DEBUG Skipping file for pandas: "pandas-0.14.1.win-amd64-py2.7.exe" (not a wheel or source distribution archive (expected one of `.whl`, `.tar.gz`, `.zip`, `.tar.bz2`, `.tar.lz`, `.tar.lzma`, `.tar.xz`, `.tar.zst`, `.tar`, `.tbz`, `.tgz`, `.tlz`, or `.txz`))
DEBUG Skipping file for pandas: "pandas-0.14.1.win-amd64-py3.2.exe" (not a wheel or source distribution archive (expected one of `.whl`, `.tar.gz`, `.zip`, `.tar.bz2`, `.tar.lz`, `.tar.lzma`, `.tar.xz`, `.tar.zst`, `.tar`, `.tbz`, `.tgz`, `.tlz`, or `.txz`))
DEBUG Skipping file for pandas: "pandas-0.14.1.win-amd64-py3.3.exe" (not a wheel or source distribution archive (expected one of `.whl`, `.tar.gz`, `.zip`, `.tar.bz2`, `.tar.lz`, `.tar.lzma`, `.tar.xz`, `.tar.zst`, `.tar`, `.tbz`, `.tgz`, `.tlz`, or `.txz`))
DEBUG Skipping file for pandas: "pandas-0.14.1.win-amd64-py3.4.exe" (not a wheel or source distribution archive (expected one of `.whl`, `.tar.gz`, `.zip`, `.tar.bz2`, `.tar.lz`, `.tar.lzma`, `.tar.xz`, `.tar.zst`, `.tar`, `.tbz`, `.tgz`, `.tlz`, or `.txz`))
DEBUG Skipping file for pandas: "pandas-0.14.1.win32-py2.6.exe" (not a wheel or source distribution archive (expected one of `.whl`, `.tar.gz`, `.zip`, `.tar.bz2`, `.tar.lz`, `.tar.lzma`, `.tar.xz`, `.tar.zst`, `.tar`, `.tbz`, `.tgz`, `.tlz`, or `.txz`))
DEBUG Skipping file for pandas: "pandas-0.14.1.win32-py2.7.exe" (not a wheel or source distribution archive (expected one of `.whl`, `.tar.gz`, `.zip`, `.tar.bz2`, `.tar.lz`, `.tar.lzma`, `.tar.xz`, `.tar.zst`, `.tar`, `.tbz`, `.tgz`, `.tlz`, or `.txz`))
DEBUG Skipping file for pandas: "pandas-0.14.1.win32-py3.2.exe" (not a wheel or source distribution archive (expected one of `.whl`, `.tar.gz`, `.zip`, `.tar.bz2`, `.tar.lz`, `.tar.lzma`, `.tar.xz`, `.tar.zst`, `.tar`, `.tbz`, `.tgz`, `.tlz`, or `.txz`))
DEBUG Skipping file for pandas: "pandas-0.14.1.win32-py3.3.exe" (not a wheel or source distribution archive (expected one of `.whl`, `.tar.gz`, `.zip`, `.tar.bz2`, `.tar.lz`, `.tar.lzma`, `.tar.xz`, `.tar.zst`, `.tar`, `.tbz`, `.tgz`, `.tlz`, or `.txz`))
DEBUG Skipping file for pandas: "pandas-0.14.1.win32-py3.4.exe" (not a wheel or source distribution archive (expected one of `.whl`, `.tar.gz`, `.zip`, `.tar.bz2`, `.tar.lz`, `.tar.lzma`, `.tar.xz`, `.tar.zst`, `.tar`, `.tbz`, `.tgz`, `.tlz`, or `.txz`))
DEBUG Skipping file for pandas: "pandas-0.15.0.win-amd64-py2.6.exe" (not a wheel or source distribution archive (expected one of `.whl`, `.tar.gz`, `.zip`, `.tar.bz2`, `.tar.lz`, `.tar.lzma`, `.tar.xz`, `.tar.zst`, `.tar`, `.tbz`, `.tgz`, `.tlz`, or `.txz`))
DEBUG Skipping file for pandas: "pandas-0.15.0.win-amd64-py2.7.exe" (not a wheel or source distribution archive (expected one of `.whl`, `.tar.gz`, `.zip`, `.tar.bz2`, `.tar.lz`, `.tar.lzma`, `.tar.xz`, `.tar.zst`, `.tar`, `.tbz`, `.tgz`, `.tlz`, or `.txz`))
DEBUG Skipping file for pandas: "pandas-0.15.0.win-amd64-py3.2.exe" (not a wheel or source distribution archive (expected one of `.whl`, `.tar.gz`, `.zip`, `.tar.bz2`, `.tar.lz`, `.tar.lzma`, `.tar.xz`, `.tar.zst`, `.tar`, `.tbz`, `.tgz`, `.tlz`, or `.txz`))
DEBUG Skipping file for pandas: "pandas-0.15.0.win-amd64-py3.3.exe" (not a wheel or source distribution archive (expected one of `.whl`, `.tar.gz`, `.zip`, `.tar.bz2`, `.tar.lz`, `.tar.lzma`, `.tar.xz`, `.tar.zst`, `.tar`, `.tbz`, `.tgz`, `.tlz`, or `.txz`))
DEBUG Skipping file for pandas: "pandas-0.15.0.win-amd64-py3.4.exe" (not a wheel or source distribution archive (expected one of `.whl`, `.tar.gz`, `.zip`, `.tar.bz2`, `.tar.lz`, `.tar.lzma`, `.tar.xz`, `.tar.zst`, `.tar`, `.tbz`, `.tgz`, `.tlz`, or `.txz`))
DEBUG Skipping file for pandas: "pandas-0.15.0.win32-py2.6.exe" (not a wheel or source distribution archive (expected one of `.whl`, `.tar.gz`, `.zip`, `.tar.bz2`, `.tar.lz`, `.tar.lzma`, `.tar.xz`, `.tar.zst`, `.tar`, `.tbz`, `.tgz`, `.tlz`, or `.txz`))
DEBUG Skipping file for pandas: "pandas-0.15.0.win32-py2.7.exe" (not a wheel or source distribution archive (expected one of `.whl`, `.tar.gz`, `.zip`, `.tar.bz2`, `.tar.lz`, `.tar.lzma`, `.tar.xz`, `.tar.zst`, `.tar`, `.tbz`, `.tgz`, `.tlz`, or `.txz`))
DEBUG Skipping file for pandas: "pandas-0.15.0.win32-py3.2.exe" (not a wheel or source distribution archive (expected one of `.whl`, `.tar.gz`, `.zip`, `.tar.bz2`, `.tar.lz`, `.tar.lzma`, `.tar.xz`, `.tar.zst`, `.tar`, `.tbz`, `.tgz`, `.tlz`, or `.txz`))
DEBUG Skipping file for pandas: "pandas-0.15.0.win32-py3.3.exe" (not a wheel or source distribution archive (expected one of `.whl`, `.tar.gz`, `.zip`, `.tar.bz2`, `.tar.lz`, `.tar.lzma`, `.tar.xz`, `.tar.zst`, `.tar`, `.tbz`, `.tgz`, `.tlz`, or `.txz`))
DEBUG Skipping file for pandas: "pandas-0.15.0.win32-py3.4.exe" (not a wheel or source distribution archive (expected one of `.whl`, `.tar.gz`, `.zip`, `.tar.bz2`, `.tar.lz`, `.tar.lzma`, `.tar.xz`, `.tar.zst`, `.tar`, `.tbz`, `.tgz`, `.tlz`, or `.txz`))
DEBUG Skipping file for pandas: "pandas-0.15.1.win-amd64-py2.6.exe" (not a wheel or source distribution archive (expected one of `.whl`, `.tar.gz`, `.zip`, `.tar.bz2`, `.tar.lz`, `.tar.lzma`, `.tar.xz`, `.tar.zst`, `.tar`, `.tbz`, `.tgz`, `.tlz`, or `.txz`))
DEBUG Skipping file for pandas: "pandas-0.15.1.win-amd64-py2.7.exe" (not a wheel or source distribution archive (expected one of `.whl`, `.tar.gz`, `.zip`, `.tar.bz2`, `.tar.lz`, `.tar.lzma`, `.tar.xz`, `.tar.zst`, `.tar`, `.tbz`, `.tgz`, `.tlz`, or `.txz`))
DEBUG Skipping file for pandas: "pandas-0.15.1.win-amd64-py3.2.exe" (not a wheel or source distribution archive (expected one of `.whl`, `.tar.gz`, `.zip`, `.tar.bz2`, `.tar.lz`, `.tar.lzma`, `.tar.xz`, `.tar.zst`, `.tar`, `.tbz`, `.tgz`, `.tlz`, or `.txz`))
DEBUG Skipping file for pandas: "pandas-0.15.1.win-amd64-py3.3.exe" (not a wheel or source distribution archive (expected one of `.whl`, `.tar.gz`, `.zip`, `.tar.bz2`, `.tar.lz`, `.tar.lzma`, `.tar.xz`, `.tar.zst`, `.tar`, `.tbz`, `.tgz`, `.tlz`, or `.txz`))
DEBUG Skipping file for pandas: "pandas-0.15.1.win-amd64-py3.4.exe" (not a wheel or source distribution archive (expected one of `.whl`, `.tar.gz`, `.zip`, `.tar.bz2`, `.tar.lz`, `.tar.lzma`, `.tar.xz`, `.tar.zst`, `.tar`, `.tbz`, `.tgz`, `.tlz`, or `.txz`))
DEBUG Skipping file for pandas: "pandas-0.15.1.win32-py2.6.exe" (not a wheel or source distribution archive (expected one of `.whl`, `.tar.gz`, `.zip`, `.tar.bz2`, `.tar.lz`, `.tar.lzma`, `.tar.xz`, `.tar.zst`, `.tar`, `.tbz`, `.tgz`, `.tlz`, or `.txz`))
DEBUG Skipping file for pandas: "pandas-0.15.1.win32-py2.7.exe" (not a wheel or source distribution archive (expected one of `.whl`, `.tar.gz`, `.zip`, `.tar.bz2`, `.tar.lz`, `.tar.lzma`, `.tar.xz`, `.tar.zst`, `.tar`, `.tbz`, `.tgz`, `.tlz`, or `.txz`))
DEBUG Skipping file for pandas: "pandas-0.15.1.win32-py3.2.exe" (not a wheel or source distribution archive (expected one of `.whl`, `.tar.gz`, `.zip`, `.tar.bz2`, `.tar.lz`, `.tar.lzma`, `.tar.xz`, `.tar.zst`, `.tar`, `.tbz`, `.tgz`, `.tlz`, or `.txz`))
DEBUG Skipping file for pandas: "pandas-0.15.1.win32-py3.3.exe" (not a wheel or source distribution archive (expected one of `.whl`, `.tar.gz`, `.zip`, `.tar.bz2`, `.tar.lz`, `.tar.lzma`, `.tar.xz`, `.tar.zst`, `.tar`, `.tbz`, `.tgz`, `.tlz`, or `.txz`))
DEBUG Skipping file for pandas: "pandas-0.15.1.win32-py3.4.exe" (not a wheel or source distribution archive (expected one of `.whl`, `.tar.gz`, `.zip`, `.tar.bz2`, `.tar.lz`, `.tar.lzma`, `.tar.xz`, `.tar.zst`, `.tar`, `.tbz`, `.tgz`, `.tlz`, or `.txz`))
DEBUG Skipping file for pandas: "pandas-0.15.2.win-amd64-py2.6.exe" (not a wheel or source distribution archive (expected one of `.whl`, `.tar.gz`, `.zip`, `.tar.bz2`, `.tar.lz`, `.tar.lzma`, `.tar.xz`, `.tar.zst`, `.tar`, `.tbz`, `.tgz`, `.tlz`, or `.txz`))
DEBUG Skipping file for pandas: "pandas-0.15.2.win-amd64-py2.7.exe" (not a wheel or source distribution archive (expected one of `.whl`, `.tar.gz`, `.zip`, `.tar.bz2`, `.tar.lz`, `.tar.lzma`, `.tar.xz`, `.tar.zst`, `.tar`, `.tbz`, `.tgz`, `.tlz`, or `.txz`))
DEBUG Skipping file for pandas: "pandas-0.15.2.win-amd64-py3.2.exe" (not a wheel or source distribution archive (expected one of `.whl`, `.tar.gz`, `.zip`, `.tar.bz2`, `.tar.lz`, `.tar.lzma`, `.tar.xz`, `.tar.zst`, `.tar`, `.tbz`, `.tgz`, `.tlz`, or `.txz`))
DEBUG Skipping file for pandas: "pandas-0.15.2.win-amd64-py3.3.exe" (not a wheel or source distribution archive (expected one of `.whl`, `.tar.gz`, `.zip`, `.tar.bz2`, `.tar.lz`, `.tar.lzma`, `.tar.xz`, `.tar.zst`, `.tar`, `.tbz`, `.tgz`, `.tlz`, or `.txz`))
DEBUG Skipping file for pandas: "pandas-0.15.2.win-amd64-py3.4.exe" (not a wheel or source distribution archive (expected one of `.whl`, `.tar.gz`, `.zip`, `.tar.bz2`, `.tar.lz`, `.tar.lzma`, `.tar.xz`, `.tar.zst`, `.tar`, `.tbz`, `.tgz`, `.tlz`, or `.txz`))
DEBUG Skipping file for pandas: "pandas-0.15.2.win32-py2.6.exe" (not a wheel or source distribution archive (expected one of `.whl`, `.tar.gz`, `.zip`, `.tar.bz2`, `.tar.lz`, `.tar.lzma`, `.tar.xz`, `.tar.zst`, `.tar`, `.tbz`, `.tgz`, `.tlz`, or `.txz`))
DEBUG Skipping file for pandas: "pandas-0.15.2.win32-py2.7.exe" (not a wheel or source distribution archive (expected one of `.whl`, `.tar.gz`, `.zip`, `.tar.bz2`, `.tar.lz`, `.tar.lzma`, `.tar.xz`, `.tar.zst`, `.tar`, `.tbz`, `.tgz`, `.tlz`, or `.txz`))
DEBUG Skipping file for pandas: "pandas-0.15.2.win32-py3.2.exe" (not a wheel or source distribution archive (expected one of `.whl`, `.tar.gz`, `.zip`, `.tar.bz2`, `.tar.lz`, `.tar.lzma`, `.tar.xz`, `.tar.zst`, `.tar`, `.tbz`, `.tgz`, `.tlz`, or `.txz`))
DEBUG Skipping file for pandas: "pandas-0.15.2.win32-py3.3.exe" (not a wheel or source distribution archive (expected one of `.whl`, `.tar.gz`, `.zip`, `.tar.bz2`, `.tar.lz`, `.tar.lzma`, `.tar.xz`, `.tar.zst`, `.tar`, `.tbz`, `.tgz`, `.tlz`, or `.txz`))
DEBUG Skipping file for pandas: "pandas-0.15.2.win32-py3.4.exe" (not a wheel or source distribution archive (expected one of `.whl`, `.tar.gz`, `.zip`, `.tar.bz2`, `.tar.lz`, `.tar.lzma`, `.tar.xz`, `.tar.zst`, `.tar`, `.tbz`, `.tgz`, `.tlz`, or `.txz`))
DEBUG Skipping file for protobuf: "protobuf-2.0.0beta-py2.4.egg" (not a wheel or source distribution archive (expected one of `.whl`, `.tar.gz`, `.zip`, `.tar.bz2`, `.tar.lz`, `.tar.lzma`, `.tar.xz`, `.tar.zst`, `.tar`, `.tbz`, `.tgz`, `.tlz`, or `.txz`))
DEBUG Skipping file for protobuf: "protobuf-2.0.3-py2.4.egg" (not a wheel or source distribution archive (expected one of `.whl`, `.tar.gz`, `.zip`, `.tar.bz2`, `.tar.lz`, `.tar.lzma`, `.tar.xz`, `.tar.zst`, `.tar`, `.tbz`, `.tgz`, `.tlz`, or `.txz`))
DEBUG Skipping file for protobuf: "protobuf-2.3.0-py2.5.egg" (not a wheel or source distribution archive (expected one of `.whl`, `.tar.gz`, `.zip`, `.tar.bz2`, `.tar.lz`, `.tar.lzma`, `.tar.xz`, `.tar.zst`, `.tar`, `.tbz`, `.tgz`, `.tlz`, or `.txz`))
DEBUG Skipping file for protobuf: "protobuf-2.4.1-py2.6.egg" (not a wheel or source distribution archive (expected one of `.whl`, `.tar.gz`, `.zip`, `.tar.bz2`, `.tar.lz`, `.tar.lzma`, `.tar.xz`, `.tar.zst`, `.tar`, `.tbz`, `.tgz`, `.tlz`, or `.txz`))
DEBUG Skipping file for protobuf: "protobuf-2.5.0-py2.7.egg" (not a wheel or source distribution archive (expected one of `.whl`, `.tar.gz`, `.zip`, `.tar.bz2`, `.tar.lz`, `.tar.lzma`, `.tar.xz`, `.tar.zst`, `.tar`, `.tbz`, `.tgz`, `.tlz`, or `.txz`))
DEBUG Skipping file for protobuf: "protobuf-2.6.0-py2.7.egg" (not a wheel or source distribution archive (expected one of `.whl`, `.tar.gz`, `.zip`, `.tar.bz2`, `.tar.lz`, `.tar.lzma`, `.tar.xz`, `.tar.zst`, `.tar`, `.tbz`, `.tgz`, `.tlz`, or `.txz`))
DEBUG Skipping file for protobuf: "protobuf-2.6.1-py2.6.egg" (not a wheel or source distribution archive (expected one of `.whl`, `.tar.gz`, `.zip`, `.tar.bz2`, `.tar.lz`, `.tar.lzma`, `.tar.xz`, `.tar.zst`, `.tar`, `.tbz`, `.tgz`, `.tlz`, or `.txz`))
DEBUG Skipping file for protobuf: "protobuf-2.6.1-py2.7.egg" (not a wheel or source distribution archive (expected one of `.whl`, `.tar.gz`, `.zip`, `.tar.bz2`, `.tar.lz`, `.tar.lzma`, `.tar.xz`, `.tar.zst`, `.tar`, `.tbz`, `.tgz`, `.tlz`, or `.txz`))
DEBUG Skipping file for protobuf: "protobuf-3.0.0a2-py2.7.egg" (not a wheel or source distribution archive (expected one of `.whl`, `.tar.gz`, `.zip`, `.tar.bz2`, `.tar.lz`, `.tar.lzma`, `.tar.xz`, `.tar.zst`, `.tar`, `.tbz`, `.tgz`, `.tlz`, or `.txz`))
DEBUG Skipping file for protobuf: "protobuf-3.0.0a3-py2.7.egg" (not a wheel or source distribution archive (expected one of `.whl`, `.tar.gz`, `.zip`, `.tar.bz2`, `.tar.lz`, `.tar.lzma`, `.tar.xz`, `.tar.zst`, `.tar`, `.tbz`, `.tgz`, `.tlz`, or `.txz`))
DEBUG Skipping file for protobuf: "protobuf-3.0.0b1-py2.7.egg" (not a wheel or source distribution archive (expected one of `.whl`, `.tar.gz`, `.zip`, `.tar.bz2`, `.tar.lz`, `.tar.lzma`, `.tar.xz`, `.tar.zst`, `.tar`, `.tbz`, `.tgz`, `.tlz`, or `.txz`))
DEBUG Skipping file for protobuf: "protobuf-3.0.0b1.post2-py2.7.egg" (not a wheel or source distribution archive (expected one of `.whl`, `.tar.gz`, `.zip`, `.tar.bz2`, `.tar.lz`, `.tar.lzma`, `.tar.xz`, `.tar.zst`, `.tar`, `.tbz`, `.tgz`, `.tlz`, or `.txz`))
DEBUG Skipping file for protobuf: "protobuf-3.0.0b3-py2.7.egg" (not a wheel or source distribution archive (expected one of `.whl`, `.tar.gz`, `.zip`, `.tar.bz2`, `.tar.lz`, `.tar.lzma`, `.tar.xz`, `.tar.zst`, `.tar`, `.tbz`, `.tgz`, `.tlz`, or `.txz`))
DEBUG Skipping file for protobuf: "protobuf-3.0.0b4-py2.7.egg" (not a wheel or source distribution archive (expected one of `.whl`, `.tar.gz`, `.zip`, `.tar.bz2`, `.tar.lz`, `.tar.lzma`, `.tar.xz`, `.tar.zst`, `.tar`, `.tbz`, `.tgz`, `.tlz`, or `.txz`))
DEBUG Skipping file for protobuf: "protobuf-3.0.0-py2.7.egg" (not a wheel or source distribution archive (expected one of `.whl`, `.tar.gz`, `.zip`, `.tar.bz2`, `.tar.lz`, `.tar.lzma`, `.tar.xz`, `.tar.zst`, `.tar`, `.tbz`, `.tgz`, `.tlz`, or `.txz`))
DEBUG Skipping file for protobuf: "protobuf-3.1.0-py2.7.egg" (not a wheel or source distribution archive (expected one of `.whl`, `.tar.gz`, `.zip`, `.tar.bz2`, `.tar.lz`, `.tar.lzma`, `.tar.xz`, `.tar.zst`, `.tar`, `.tbz`, `.tgz`, `.tlz`, or `.txz`))
DEBUG Skipping file for protobuf: "protobuf-3.1.0.post1-py2.7.egg" (not a wheel or source distribution archive (expected one of `.whl`, `.tar.gz`, `.zip`, `.tar.bz2`, `.tar.lz`, `.tar.lzma`, `.tar.xz`, `.tar.zst`, `.tar`, `.tbz`, `.tgz`, `.tlz`, or `.txz`))
DEBUG Skipping file for protobuf: "protobuf-3.2.0rc1-py2.7.egg" (not a wheel or source distribution archive (expected one of `.whl`, `.tar.gz`, `.zip`, `.tar.bz2`, `.tar.lz`, `.tar.lzma`, `.tar.xz`, `.tar.zst`, `.tar`, `.tbz`, `.tgz`, `.tlz`, or `.txz`))
DEBUG Skipping file for protobuf: "protobuf-3.2.0rc1.post1-py2.7.egg" (not a wheel or source distribution archive (expected one of `.whl`, `.tar.gz`, `.zip`, `.tar.bz2`, `.tar.lz`, `.tar.lzma`, `.tar.xz`, `.tar.zst`, `.tar`, `.tbz`, `.tgz`, `.tlz`, or `.txz`))
DEBUG Skipping file for protobuf: "protobuf-3.2.0rc2-py2.7.egg" (not a wheel or source distribution archive (expected one of `.whl`, `.tar.gz`, `.zip`, `.tar.bz2`, `.tar.lz`, `.tar.lzma`, `.tar.xz`, `.tar.zst`, `.tar`, `.tbz`, `.tgz`, `.tlz`, or `.txz`))
DEBUG Skipping file for protobuf: "protobuf-3.2.0-py2.7.egg" (not a wheel or source distribution archive (expected one of `.whl`, `.tar.gz`, `.zip`, `.tar.bz2`, `.tar.lz`, `.tar.lzma`, `.tar.xz`, `.tar.zst`, `.tar`, `.tbz`, `.tgz`, `.tlz`, or `.txz`))
DEBUG Skipping file for protobuf: "protobuf-3.4.0-py2.7.egg" (not a wheel or source distribution archive (expected one of `.whl`, `.tar.gz`, `.zip`, `.tar.bz2`, `.tar.lz`, `.tar.lzma`, `.tar.xz`, `.tar.zst`, `.tar`, `.tbz`, `.tgz`, `.tlz`, or `.txz`))
DEBUG Skipping file for protobuf: "protobuf-3.5.0.post1-py2.7.egg" (not a wheel or source distribution archive (expected one of `.whl`, `.tar.gz`, `.zip`, `.tar.bz2`, `.tar.lz`, `.tar.lzma`, `.tar.xz`, `.tar.zst`, `.tar`, `.tbz`, `.tgz`, `.tlz`, or `.txz`))
DEBUG Skipping file for protobuf: "protobuf-3.5.1-py2.7.egg" (not a wheel or source distribution archive (expected one of `.whl`, `.tar.gz`, `.zip`, `.tar.bz2`, `.tar.lz`, `.tar.lzma`, `.tar.xz`, `.tar.zst`, `.tar`, `.tbz`, `.tgz`, `.tlz`, or `.txz`))
DEBUG Skipping file for protobuf: "protobuf-3.5.2-py2.7.egg" (not a wheel or source distribution archive (expected one of `.whl`, `.tar.gz`, `.zip`, `.tar.bz2`, `.tar.lz`, `.tar.lzma`, `.tar.xz`, `.tar.zst`, `.tar`, `.tbz`, `.tgz`, `.tlz`, or `.txz`))
DEBUG Skipping file for protobuf: "protobuf-3.5.2.post1-py2.7.egg" (not a wheel or source distribution archive (expected one of `.whl`, `.tar.gz`, `.zip`, `.tar.bz2`, `.tar.lz`, `.tar.lzma`, `.tar.xz`, `.tar.zst`, `.tar`, `.tbz`, `.tgz`, `.tlz`, or `.txz`))
DEBUG Skipping file for protobuf: "protobuf-3.6.0-py2.7.egg" (not a wheel or source distribution archive (expected one of `.whl`, `.tar.gz`, `.zip`, `.tar.bz2`, `.tar.lz`, `.tar.lzma`, `.tar.xz`, `.tar.zst`, `.tar`, `.tbz`, `.tgz`, `.tlz`, or `.txz`))
DEBUG Skipping file for protobuf: "protobuf-3.6.1-py2.7.egg" (not a wheel or source distribution archive (expected one of `.whl`, `.tar.gz`, `.zip`, `.tar.bz2`, `.tar.lz`, `.tar.lzma`, `.tar.xz`, `.tar.zst`, `.tar`, `.tbz`, `.tgz`, `.tlz`, or `.txz`))
DEBUG Skipping file for protobuf: "protobuf-3.7.0rc2-py2.7.egg" (not a wheel or source distribution archive (expected one of `.whl`, `.tar.gz`, `.zip`, `.tar.bz2`, `.tar.lz`, `.tar.lzma`, `.tar.xz`, `.tar.zst`, `.tar`, `.tbz`, `.tgz`, `.tlz`, or `.txz`))
DEBUG Skipping file for protobuf: "protobuf-3.7.0rc3-py2.7.egg" (not a wheel or source distribution archive (expected one of `.whl`, `.tar.gz`, `.zip`, `.tar.bz2`, `.tar.lz`, `.tar.lzma`, `.tar.xz`, `.tar.zst`, `.tar`, `.tbz`, `.tgz`, `.tlz`, or `.txz`))
DEBUG Skipping file for protobuf: "protobuf-3.7.0-py2.7.egg" (not a wheel or source distribution archive (expected one of `.whl`, `.tar.gz`, `.zip`, `.tar.bz2`, `.tar.lz`, `.tar.lzma`, `.tar.xz`, `.tar.zst`, `.tar`, `.tbz`, `.tgz`, `.tlz`, or `.txz`))
DEBUG Skipping file for protobuf: "protobuf-3.7.1-py2.7.egg" (not a wheel or source distribution archive (expected one of `.whl`, `.tar.gz`, `.zip`, `.tar.bz2`, `.tar.lz`, `.tar.lzma`, `.tar.xz`, `.tar.zst`, `.tar`, `.tbz`, `.tgz`, `.tlz`, or `.txz`))
DEBUG Skipping file for protobuf: "protobuf-3.8.0rc1-py2.7.egg" (not a wheel or source distribution archive (expected one of `.whl`, `.tar.gz`, `.zip`, `.tar.bz2`, `.tar.lz`, `.tar.lzma`, `.tar.xz`, `.tar.zst`, `.tar`, `.tbz`, `.tgz`, `.tlz`, or `.txz`))
DEBUG Skipping file for protobuf: "protobuf-3.8.0-py2.7.egg" (not a wheel or source distribution archive (expected one of `.whl`, `.tar.gz`, `.zip`, `.tar.bz2`, `.tar.lz`, `.tar.lzma`, `.tar.xz`, `.tar.zst`, `.tar`, `.tbz`, `.tgz`, `.tlz`, or `.txz`))
DEBUG Skipping file for protobuf: "protobuf-3.9.0rc1-py2.7.egg" (not a wheel or source distribution archive (expected one of `.whl`, `.tar.gz`, `.zip`, `.tar.bz2`, `.tar.lz`, `.tar.lzma`, `.tar.xz`, `.tar.zst`, `.tar`, `.tbz`, `.tgz`, `.tlz`, or `.txz`))
DEBUG Skipping file for protobuf: "protobuf-3.9.0-py2.7.egg" (not a wheel or source distribution archive (expected one of `.whl`, `.tar.gz`, `.zip`, `.tar.bz2`, `.tar.lz`, `.tar.lzma`, `.tar.xz`, `.tar.zst`, `.tar`, `.tbz`, `.tgz`, `.tlz`, or `.txz`))
DEBUG Skipping file for protobuf: "protobuf-3.9.1-py2.7.egg" (not a wheel or source distribution archive (expected one of `.whl`, `.tar.gz`, `.zip`, `.tar.bz2`, `.tar.lz`, `.tar.lzma`, `.tar.xz`, `.tar.zst`, `.tar`, `.tbz`, `.tgz`, `.tlz`, or `.txz`))
DEBUG Skipping file for protobuf: "protobuf-3.9.2-py2.7.egg" (not a wheel or source distribution archive (expected one of `.whl`, `.tar.gz`, `.zip`, `.tar.bz2`, `.tar.lz`, `.tar.lzma`, `.tar.xz`, `.tar.zst`, `.tar`, `.tbz`, `.tgz`, `.tlz`, or `.txz`))
DEBUG Skipping file for protobuf: "protobuf-3.10.0rc1-py2.7.egg" (not a wheel or source distribution archive (expected one of `.whl`, `.tar.gz`, `.zip`, `.tar.bz2`, `.tar.lz`, `.tar.lzma`, `.tar.xz`, `.tar.zst`, `.tar`, `.tbz`, `.tgz`, `.tlz`, or `.txz`))
DEBUG Skipping file for protobuf: "protobuf-3.10.0-py2.7.egg" (not a wheel or source distribution archive (expected one of `.whl`, `.tar.gz`, `.zip`, `.tar.bz2`, `.tar.lz`, `.tar.lzma`, `.tar.xz`, `.tar.zst`, `.tar`, `.tbz`, `.tgz`, `.tlz`, or `.txz`))
DEBUG Skipping file for protobuf: "protobuf-3.11.0rc1-py2.7.egg" (not a wheel or source distribution archive (expected one of `.whl`, `.tar.gz`, `.zip`, `.tar.bz2`, `.tar.lz`, `.tar.lzma`, `.tar.xz`, `.tar.zst`, `.tar`, `.tbz`, `.tgz`, `.tlz`, or `.txz`))
DEBUG Skipping file for protobuf: "protobuf-3.11.0rc2-py2.7.egg" (not a wheel or source distribution archive (expected one of `.whl`, `.tar.gz`, `.zip`, `.tar.bz2`, `.tar.lz`, `.tar.lzma`, `.tar.xz`, `.tar.zst`, `.tar`, `.tbz`, `.tgz`, `.tlz`, or `.txz`))
DEBUG Skipping file for protobuf: "protobuf-3.11.0-py2.7.egg" (not a wheel or source distribution archive (expected one of `.whl`, `.tar.gz`, `.zip`, `.tar.bz2`, `.tar.lz`, `.tar.lzma`, `.tar.xz`, `.tar.zst`, `.tar`, `.tbz`, `.tgz`, `.tlz`, or `.txz`))
DEBUG Skipping file for protobuf: "protobuf-3.11.1-py2.7.egg" (not a wheel or source distribution archive (expected one of `.whl`, `.tar.gz`, `.zip`, `.tar.bz2`, `.tar.lz`, `.tar.lzma`, `.tar.xz`, `.tar.zst`, `.tar`, `.tbz`, `.tgz`, `.tlz`, or `.txz`))
DEBUG Skipping file for protobuf: "protobuf-3.11.2-py2.7.egg" (not a wheel or source distribution archive (expected one of `.whl`, `.tar.gz`, `.zip`, `.tar.bz2`, `.tar.lz`, `.tar.lzma`, `.tar.xz`, `.tar.zst`, `.tar`, `.tbz`, `.tgz`, `.tlz`, or `.txz`))
DEBUG Skipping file for protobuf: "protobuf-3.11.3-py2.7.egg" (not a wheel or source distribution archive (expected one of `.whl`, `.tar.gz`, `.zip`, `.tar.bz2`, `.tar.lz`, `.tar.lzma`, `.tar.xz`, `.tar.zst`, `.tar`, `.tbz`, `.tgz`, `.tlz`, or `.txz`))
DEBUG No cache entry for: https://files.pythonhosted.org/packages/1c/54/1dc810ea558d1320b597aa140a514f2fdf1d2ea09c38cf556f13ea712ec9/pandas-3.0.5-cp312-cp312-macosx_10_13_x86_64.whl.metadata
DEBUG Sending fresh GET request for: https://files.pythonhosted.org/packages/1c/54/1dc810ea558d1320b597aa140a514f2fdf1d2ea09c38cf556f13ea712ec9/pandas-3.0.5-cp312-cp312-macosx_10_13_x86_64.whl.metadata
DEBUG Skipping file for pillow: "Pillow-1.7.5-py2.4-win32.egg" (not a wheel or source distribution archive (expected one of `.whl`, `.tar.gz`, `.zip`, `.tar.bz2`, `.tar.lz`, `.tar.lzma`, `.tar.xz`, `.tar.zst`, `.tar`, `.tbz`, `.tgz`, `.tlz`, or `.txz`))
DEBUG Skipping file for pillow: "Pillow-1.7.5-py2.5-win32.egg" (not a wheel or source distribution archive (expected one of `.whl`, `.tar.gz`, `.zip`, `.tar.bz2`, `.tar.lz`, `.tar.lzma`, `.tar.xz`, `.tar.zst`, `.tar`, `.tbz`, `.tgz`, `.tlz`, or `.txz`))
DEBUG Skipping file for pillow: "Pillow-1.7.5-py2.6-win32.egg" (not a wheel or source distribution archive (expected one of `.whl`, `.tar.gz`, `.zip`, `.tar.bz2`, `.tar.lz`, `.tar.lzma`, `.tar.xz`, `.tar.zst`, `.tar`, `.tbz`, `.tgz`, `.tlz`, or `.txz`))
DEBUG Skipping file for pillow: "Pillow-1.7.5-py2.7-win32.egg" (not a wheel or source distribution archive (expected one of `.whl`, `.tar.gz`, `.zip`, `.tar.bz2`, `.tar.lz`, `.tar.lzma`, `.tar.xz`, `.tar.zst`, `.tar`, `.tbz`, `.tgz`, `.tlz`, or `.txz`))
DEBUG Skipping file for pillow: "Pillow-1.7.6-py2.4-win32.egg" (not a wheel or source distribution archive (expected one of `.whl`, `.tar.gz`, `.zip`, `.tar.bz2`, `.tar.lz`, `.tar.lzma`, `.tar.xz`, `.tar.zst`, `.tar`, `.tbz`, `.tgz`, `.tlz`, or `.txz`))
DEBUG Skipping file for pillow: "Pillow-1.7.6-py2.5-win32.egg" (not a wheel or source distribution archive (expected one of `.whl`, `.tar.gz`, `.zip`, `.tar.bz2`, `.tar.lz`, `.tar.lzma`, `.tar.xz`, `.tar.zst`, `.tar`, `.tbz`, `.tgz`, `.tlz`, or `.txz`))
DEBUG Skipping file for pillow: "Pillow-1.7.6-py2.6-win32.egg" (not a wheel or source distribution archive (expected one of `.whl`, `.tar.gz`, `.zip`, `.tar.bz2`, `.tar.lz`, `.tar.lzma`, `.tar.xz`, `.tar.zst`, `.tar`, `.tbz`, `.tgz`, `.tlz`, or `.txz`))
DEBUG Skipping file for pillow: "Pillow-1.7.6-py2.7-win32.egg" (not a wheel or source distribution archive (expected one of `.whl`, `.tar.gz`, `.zip`, `.tar.bz2`, `.tar.lz`, `.tar.lzma`, `.tar.xz`, `.tar.zst`, `.tar`, `.tbz`, `.tgz`, `.tlz`, or `.txz`))
DEBUG Skipping file for pillow: "Pillow-1.7.7-py2.4-win32.egg" (not a wheel or source distribution archive (expected one of `.whl`, `.tar.gz`, `.zip`, `.tar.bz2`, `.tar.lz`, `.tar.lzma`, `.tar.xz`, `.tar.zst`, `.tar`, `.tbz`, `.tgz`, `.tlz`, or `.txz`))
DEBUG Skipping file for pillow: "Pillow-1.7.7-py2.5-win32.egg" (not a wheel or source distribution archive (expected one of `.whl`, `.tar.gz`, `.zip`, `.tar.bz2`, `.tar.lz`, `.tar.lzma`, `.tar.xz`, `.tar.zst`, `.tar`, `.tbz`, `.tgz`, `.tlz`, or `.txz`))
DEBUG Skipping file for pillow: "Pillow-1.7.7-py2.6-win32.egg" (not a wheel or source distribution archive (expected one of `.whl`, `.tar.gz`, `.zip`, `.tar.bz2`, `.tar.lz`, `.tar.lzma`, `.tar.xz`, `.tar.zst`, `.tar`, `.tbz`, `.tgz`, `.tlz`, or `.txz`))
DEBUG Skipping file for pillow: "Pillow-1.7.7-py2.7-win32.egg" (not a wheel or source distribution archive (expected one of `.whl`, `.tar.gz`, `.zip`, `.tar.bz2`, `.tar.lz`, `.tar.lzma`, `.tar.xz`, `.tar.zst`, `.tar`, `.tbz`, `.tgz`, `.tlz`, or `.txz`))
DEBUG Skipping file for pillow: "Pillow-1.7.8-py2.4-win32.egg" (not a wheel or source distribution archive (expected one of `.whl`, `.tar.gz`, `.zip`, `.tar.bz2`, `.tar.lz`, `.tar.lzma`, `.tar.xz`, `.tar.zst`, `.tar`, `.tbz`, `.tgz`, `.tlz`, or `.txz`))
DEBUG Skipping file for pillow: "Pillow-1.7.8-py2.5-win32.egg" (not a wheel or source distribution archive (expected one of `.whl`, `.tar.gz`, `.zip`, `.tar.bz2`, `.tar.lz`, `.tar.lzma`, `.tar.xz`, `.tar.zst`, `.tar`, `.tbz`, `.tgz`, `.tlz`, or `.txz`))
DEBUG Skipping file for pillow: "Pillow-1.7.8-py2.6-win-amd64.egg" (not a wheel or source distribution archive (expected one of `.whl`, `.tar.gz`, `.zip`, `.tar.bz2`, `.tar.lz`, `.tar.lzma`, `.tar.xz`, `.tar.zst`, `.tar`, `.tbz`, `.tgz`, `.tlz`, or `.txz`))
DEBUG Skipping file for pillow: "Pillow-1.7.8-py2.6-win32.egg" (not a wheel or source distribution archive (expected one of `.whl`, `.tar.gz`, `.zip`, `.tar.bz2`, `.tar.lz`, `.tar.lzma`, `.tar.xz`, `.tar.zst`, `.tar`, `.tbz`, `.tgz`, `.tlz`, or `.txz`))
DEBUG Skipping file for pillow: "Pillow-1.7.8-py2.7-win-amd64.egg" (not a wheel or source distribution archive (expected one of `.whl`, `.tar.gz`, `.zip`, `.tar.bz2`, `.tar.lz`, `.tar.lzma`, `.tar.xz`, `.tar.zst`, `.tar`, `.tbz`, `.tgz`, `.tlz`, or `.txz`))
DEBUG Skipping file for pillow: "Pillow-1.7.8-py2.7-win32.egg" (not a wheel or source distribution archive (expected one of `.whl`, `.tar.gz`, `.zip`, `.tar.bz2`, `.tar.lz`, `.tar.lzma`, `.tar.xz`, `.tar.zst`, `.tar`, `.tbz`, `.tgz`, `.tlz`, or `.txz`))
DEBUG Skipping file for pillow: "Pillow-2.0.0-py2.6-win-amd64.egg" (not a wheel or source distribution archive (expected one of `.whl`, `.tar.gz`, `.zip`, `.tar.bz2`, `.tar.lz`, `.tar.lzma`, `.tar.xz`, `.tar.zst`, `.tar`, `.tbz`, `.tgz`, `.tlz`, or `.txz`))
DEBUG Skipping file for pillow: "Pillow-2.0.0-py2.6-win32.egg" (not a wheel or source distribution archive (expected one of `.whl`, `.tar.gz`, `.zip`, `.tar.bz2`, `.tar.lz`, `.tar.lzma`, `.tar.xz`, `.tar.zst`, `.tar`, `.tbz`, `.tgz`, `.tlz`, or `.txz`))
DEBUG Skipping file for pillow: "Pillow-2.0.0-py2.7-win-amd64.egg" (not a wheel or source distribution archive (expected one of `.whl`, `.tar.gz`, `.zip`, `.tar.bz2`, `.tar.lz`, `.tar.lzma`, `.tar.xz`, `.tar.zst`, `.tar`, `.tbz`, `.tgz`, `.tlz`, or `.txz`))
DEBUG Skipping file for pillow: "Pillow-2.0.0-py2.7-win32.egg" (not a wheel or source distribution archive (expected one of `.whl`, `.tar.gz`, `.zip`, `.tar.bz2`, `.tar.lz`, `.tar.lzma`, `.tar.xz`, `.tar.zst`, `.tar`, `.tbz`, `.tgz`, `.tlz`, or `.txz`))
DEBUG Skipping file for pillow: "Pillow-2.0.0-py3.2-win-amd64.egg" (not a wheel or source distribution archive (expected one of `.whl`, `.tar.gz`, `.zip`, `.tar.bz2`, `.tar.lz`, `.tar.lzma`, `.tar.xz`, `.tar.zst`, `.tar`, `.tbz`, `.tgz`, `.tlz`, or `.txz`))
DEBUG Skipping file for pillow: "Pillow-2.0.0-py3.2-win32.egg" (not a wheel or source distribution archive (expected one of `.whl`, `.tar.gz`, `.zip`, `.tar.bz2`, `.tar.lz`, `.tar.lzma`, `.tar.xz`, `.tar.zst`, `.tar`, `.tbz`, `.tgz`, `.tlz`, or `.txz`))
DEBUG Skipping file for pillow: "Pillow-2.0.0-py3.3-win-amd64.egg" (not a wheel or source distribution archive (expected one of `.whl`, `.tar.gz`, `.zip`, `.tar.bz2`, `.tar.lz`, `.tar.lzma`, `.tar.xz`, `.tar.zst`, `.tar`, `.tbz`, `.tgz`, `.tlz`, or `.txz`))
DEBUG Skipping file for pillow: "Pillow-2.0.0-py3.3-win32.egg" (not a wheel or source distribution archive (expected one of `.whl`, `.tar.gz`, `.zip`, `.tar.bz2`, `.tar.lz`, `.tar.lzma`, `.tar.xz`, `.tar.zst`, `.tar`, `.tbz`, `.tgz`, `.tlz`, or `.txz`))
DEBUG Skipping file for pillow: "Pillow-2.0.0.win-amd64-py2.6.exe" (not a wheel or source distribution archive (expected one of `.whl`, `.tar.gz`, `.zip`, `.tar.bz2`, `.tar.lz`, `.tar.lzma`, `.tar.xz`, `.tar.zst`, `.tar`, `.tbz`, `.tgz`, `.tlz`, or `.txz`))
DEBUG Skipping file for pillow: "Pillow-2.0.0.win-amd64-py2.7.exe" (not a wheel or source distribution archive (expected one of `.whl`, `.tar.gz`, `.zip`, `.tar.bz2`, `.tar.lz`, `.tar.lzma`, `.tar.xz`, `.tar.zst`, `.tar`, `.tbz`, `.tgz`, `.tlz`, or `.txz`))
DEBUG Skipping file for pillow: "Pillow-2.0.0.win-amd64-py3.2.exe" (not a wheel or source distribution archive (expected one of `.whl`, `.tar.gz`, `.zip`, `.tar.bz2`, `.tar.lz`, `.tar.lzma`, `.tar.xz`, `.tar.zst`, `.tar`, `.tbz`, `.tgz`, `.tlz`, or `.txz`))
DEBUG Skipping file for pillow: "Pillow-2.0.0.win-amd64-py3.3.exe" (not a wheel or source distribution archive (expected one of `.whl`, `.tar.gz`, `.zip`, `.tar.bz2`, `.tar.lz`, `.tar.lzma`, `.tar.xz`, `.tar.zst`, `.tar`, `.tbz`, `.tgz`, `.tlz`, or `.txz`))
DEBUG Skipping file for pillow: "Pillow-2.0.0.win32-py2.6.exe" (not a wheel or source distribution archive (expected one of `.whl`, `.tar.gz`, `.zip`, `.tar.bz2`, `.tar.lz`, `.tar.lzma`, `.tar.xz`, `.tar.zst`, `.tar`, `.tbz`, `.tgz`, `.tlz`, or `.txz`))
DEBUG Skipping file for pillow: "Pillow-2.0.0.win32-py2.7.exe" (not a wheel or source distribution archive (expected one of `.whl`, `.tar.gz`, `.zip`, `.tar.bz2`, `.tar.lz`, `.tar.lzma`, `.tar.xz`, `.tar.zst`, `.tar`, `.tbz`, `.tgz`, `.tlz`, or `.txz`))
DEBUG Skipping file for pillow: "Pillow-2.0.0.win32-py3.2.exe" (not a wheel or source distribution archive (expected one of `.whl`, `.tar.gz`, `.zip`, `.tar.bz2`, `.tar.lz`, `.tar.lzma`, `.tar.xz`, `.tar.zst`, `.tar`, `.tbz`, `.tgz`, `.tlz`, or `.txz`))
DEBUG Skipping file for pillow: "Pillow-2.0.0.win32-py3.3.exe" (not a wheel or source distribution archive (expected one of `.whl`, `.tar.gz`, `.zip`, `.tar.bz2`, `.tar.lz`, `.tar.lzma`, `.tar.xz`, `.tar.zst`, `.tar`, `.tbz`, `.tgz`, `.tlz`, or `.txz`))
DEBUG Skipping file for pillow: "Pillow-2.1.0-py2.6-win-amd64.egg" (not a wheel or source distribution archive (expected one of `.whl`, `.tar.gz`, `.zip`, `.tar.bz2`, `.tar.lz`, `.tar.lzma`, `.tar.xz`, `.tar.zst`, `.tar`, `.tbz`, `.tgz`, `.tlz`, or `.txz`))
DEBUG Skipping file for pillow: "Pillow-2.1.0-py2.6-win32.egg" (not a wheel or source distribution archive (expected one of `.whl`, `.tar.gz`, `.zip`, `.tar.bz2`, `.tar.lz`, `.tar.lzma`, `.tar.xz`, `.tar.zst`, `.tar`, `.tbz`, `.tgz`, `.tlz`, or `.txz`))
DEBUG Skipping file for pillow: "Pillow-2.1.0-py2.7-win-amd64.egg" (not a wheel or source distribution archive (expected one of `.whl`, `.tar.gz`, `.zip`, `.tar.bz2`, `.tar.lz`, `.tar.lzma`, `.tar.xz`, `.tar.zst`, `.tar`, `.tbz`, `.tgz`, `.tlz`, or `.txz`))
DEBUG Skipping file for pillow: "Pillow-2.1.0-py2.7-win32.egg" (not a wheel or source distribution archive (expected one of `.whl`, `.tar.gz`, `.zip`, `.tar.bz2`, `.tar.lz`, `.tar.lzma`, `.tar.xz`, `.tar.zst`, `.tar`, `.tbz`, `.tgz`, `.tlz`, or `.txz`))
DEBUG Skipping file for pillow: "Pillow-2.1.0-py3.2-win-amd64.egg" (not a wheel or source distribution archive (expected one of `.whl`, `.tar.gz`, `.zip`, `.tar.bz2`, `.tar.lz`, `.tar.lzma`, `.tar.xz`, `.tar.zst`, `.tar`, `.tbz`, `.tgz`, `.tlz`, or `.txz`))
DEBUG Skipping file for pillow: "Pillow-2.1.0-py3.2-win32.egg" (not a wheel or source distribution archive (expected one of `.whl`, `.tar.gz`, `.zip`, `.tar.bz2`, `.tar.lz`, `.tar.lzma`, `.tar.xz`, `.tar.zst`, `.tar`, `.tbz`, `.tgz`, `.tlz`, or `.txz`))
DEBUG Skipping file for pillow: "Pillow-2.1.0-py3.3-win-amd64.egg" (not a wheel or source distribution archive (expected one of `.whl`, `.tar.gz`, `.zip`, `.tar.bz2`, `.tar.lz`, `.tar.lzma`, `.tar.xz`, `.tar.zst`, `.tar`, `.tbz`, `.tgz`, `.tlz`, or `.txz`))
DEBUG Skipping file for pillow: "Pillow-2.1.0-py3.3-win32.egg" (not a wheel or source distribution archive (expected one of `.whl`, `.tar.gz`, `.zip`, `.tar.bz2`, `.tar.lz`, `.tar.lzma`, `.tar.xz`, `.tar.zst`, `.tar`, `.tbz`, `.tgz`, `.tlz`, or `.txz`))
DEBUG Skipping file for pillow: "Pillow-2.1.0.win-amd64-py2.6.exe" (not a wheel or source distribution archive (expected one of `.whl`, `.tar.gz`, `.zip`, `.tar.bz2`, `.tar.lz`, `.tar.lzma`, `.tar.xz`, `.tar.zst`, `.tar`, `.tbz`, `.tgz`, `.tlz`, or `.txz`))
DEBUG Skipping file for pillow: "Pillow-2.1.0.win-amd64-py2.7.exe" (not a wheel or source distribution archive (expected one of `.whl`, `.tar.gz`, `.zip`, `.tar.bz2`, `.tar.lz`, `.tar.lzma`, `.tar.xz`, `.tar.zst`, `.tar`, `.tbz`, `.tgz`, `.tlz`, or `.txz`))
DEBUG Skipping file for pillow: "Pillow-2.1.0.win-amd64-py3.2.exe" (not a wheel or source distribution archive (expected one of `.whl`, `.tar.gz`, `.zip`, `.tar.bz2`, `.tar.lz`, `.tar.lzma`, `.tar.xz`, `.tar.zst`, `.tar`, `.tbz`, `.tgz`, `.tlz`, or `.txz`))
DEBUG Skipping file for pillow: "Pillow-2.1.0.win-amd64-py3.3.exe" (not a wheel or source distribution archive (expected one of `.whl`, `.tar.gz`, `.zip`, `.tar.bz2`, `.tar.lz`, `.tar.lzma`, `.tar.xz`, `.tar.zst`, `.tar`, `.tbz`, `.tgz`, `.tlz`, or `.txz`))
DEBUG Skipping file for pillow: "Pillow-2.1.0.win32-py2.6.exe" (not a wheel or source distribution archive (expected one of `.whl`, `.tar.gz`, `.zip`, `.tar.bz2`, `.tar.lz`, `.tar.lzma`, `.tar.xz`, `.tar.zst`, `.tar`, `.tbz`, `.tgz`, `.tlz`, or `.txz`))
DEBUG Skipping file for pillow: "Pillow-2.1.0.win32-py2.7.exe" (not a wheel or source distribution archive (expected one of `.whl`, `.tar.gz`, `.zip`, `.tar.bz2`, `.tar.lz`, `.tar.lzma`, `.tar.xz`, `.tar.zst`, `.tar`, `.tbz`, `.tgz`, `.tlz`, or `.txz`))
DEBUG Skipping file for pillow: "Pillow-2.1.0.win32-py3.2.exe" (not a wheel or source distribution archive (expected one of `.whl`, `.tar.gz`, `.zip`, `.tar.bz2`, `.tar.lz`, `.tar.lzma`, `.tar.xz`, `.tar.zst`, `.tar`, `.tbz`, `.tgz`, `.tlz`, or `.txz`))
DEBUG Skipping file for pillow: "Pillow-2.1.0.win32-py3.3.exe" (not a wheel or source distribution archive (expected one of `.whl`, `.tar.gz`, `.zip`, `.tar.bz2`, `.tar.lz`, `.tar.lzma`, `.tar.xz`, `.tar.zst`, `.tar`, `.tbz`, `.tgz`, `.tlz`, or `.txz`))
DEBUG Skipping file for pillow: "Pillow-2.2.1-py2.6-win-amd64.egg" (not a wheel or source distribution archive (expected one of `.whl`, `.tar.gz`, `.zip`, `.tar.bz2`, `.tar.lz`, `.tar.lzma`, `.tar.xz`, `.tar.zst`, `.tar`, `.tbz`, `.tgz`, `.tlz`, or `.txz`))
DEBUG Skipping file for pillow: "Pillow-2.2.1-py2.6-win32.egg" (not a wheel or source distribution archive (expected one of `.whl`, `.tar.gz`, `.zip`, `.tar.bz2`, `.tar.lz`, `.tar.lzma`, `.tar.xz`, `.tar.zst`, `.tar`, `.tbz`, `.tgz`, `.tlz`, or `.txz`))
DEBUG Skipping file for pillow: "Pillow-2.2.1-py2.7-win-amd64.egg" (not a wheel or source distribution archive (expected one of `.whl`, `.tar.gz`, `.zip`, `.tar.bz2`, `.tar.lz`, `.tar.lzma`, `.tar.xz`, `.tar.zst`, `.tar`, `.tbz`, `.tgz`, `.tlz`, or `.txz`))
DEBUG Skipping file for pillow: "Pillow-2.2.1-py2.7-win32.egg" (not a wheel or source distribution archive (expected one of `.whl`, `.tar.gz`, `.zip`, `.tar.bz2`, `.tar.lz`, `.tar.lzma`, `.tar.xz`, `.tar.zst`, `.tar`, `.tbz`, `.tgz`, `.tlz`, or `.txz`))
DEBUG Skipping file for pillow: "Pillow-2.2.1-py3.2-win-amd64.egg" (not a wheel or source distribution archive (expected one of `.whl`, `.tar.gz`, `.zip`, `.tar.bz2`, `.tar.lz`, `.tar.lzma`, `.tar.xz`, `.tar.zst`, `.tar`, `.tbz`, `.tgz`, `.tlz`, or `.txz`))
DEBUG Skipping file for pillow: "Pillow-2.2.1-py3.2-win32.egg" (not a wheel or source distribution archive (expected one of `.whl`, `.tar.gz`, `.zip`, `.tar.bz2`, `.tar.lz`, `.tar.lzma`, `.tar.xz`, `.tar.zst`, `.tar`, `.tbz`, `.tgz`, `.tlz`, or `.txz`))
DEBUG Skipping file for pillow: "Pillow-2.2.1-py3.3-win-amd64.egg" (not a wheel or source distribution archive (expected one of `.whl`, `.tar.gz`, `.zip`, `.tar.bz2`, `.tar.lz`, `.tar.lzma`, `.tar.xz`, `.tar.zst`, `.tar`, `.tbz`, `.tgz`, `.tlz`, or `.txz`))
DEBUG Skipping file for pillow: "Pillow-2.2.1-py3.3-win32.egg" (not a wheel or source distribution archive (expected one of `.whl`, `.tar.gz`, `.zip`, `.tar.bz2`, `.tar.lz`, `.tar.lzma`, `.tar.xz`, `.tar.zst`, `.tar`, `.tbz`, `.tgz`, `.tlz`, or `.txz`))
DEBUG Skipping file for pillow: "Pillow-2.2.1.win-amd64-py2.6.exe" (not a wheel or source distribution archive (expected one of `.whl`, `.tar.gz`, `.zip`, `.tar.bz2`, `.tar.lz`, `.tar.lzma`, `.tar.xz`, `.tar.zst`, `.tar`, `.tbz`, `.tgz`, `.tlz`, or `.txz`))
DEBUG Skipping file for pillow: "Pillow-2.2.1.win-amd64-py2.7.exe" (not a wheel or source distribution archive (expected one of `.whl`, `.tar.gz`, `.zip`, `.tar.bz2`, `.tar.lz`, `.tar.lzma`, `.tar.xz`, `.tar.zst`, `.tar`, `.tbz`, `.tgz`, `.tlz`, or `.txz`))
DEBUG Skipping file for pillow: "Pillow-2.2.1.win-amd64-py3.2.exe" (not a wheel or source distribution archive (expected one of `.whl`, `.tar.gz`, `.zip`, `.tar.bz2`, `.tar.lz`, `.tar.lzma`, `.tar.xz`, `.tar.zst`, `.tar`, `.tbz`, `.tgz`, `.tlz`, or `.txz`))
DEBUG Skipping file for pillow: "Pillow-2.2.1.win-amd64-py3.3.exe" (not a wheel or source distribution archive (expected one of `.whl`, `.tar.gz`, `.zip`, `.tar.bz2`, `.tar.lz`, `.tar.lzma`, `.tar.xz`, `.tar.zst`, `.tar`, `.tbz`, `.tgz`, `.tlz`, or `.txz`))
DEBUG Skipping file for pillow: "Pillow-2.2.1.win32-py2.6.exe" (not a wheel or source distribution archive (expected one of `.whl`, `.tar.gz`, `.zip`, `.tar.bz2`, `.tar.lz`, `.tar.lzma`, `.tar.xz`, `.tar.zst`, `.tar`, `.tbz`, `.tgz`, `.tlz`, or `.txz`))
DEBUG Skipping file for pillow: "Pillow-2.2.1.win32-py2.7.exe" (not a wheel or source distribution archive (expected one of `.whl`, `.tar.gz`, `.zip`, `.tar.bz2`, `.tar.lz`, `.tar.lzma`, `.tar.xz`, `.tar.zst`, `.tar`, `.tbz`, `.tgz`, `.tlz`, or `.txz`))
DEBUG Skipping file for pillow: "Pillow-2.2.1.win32-py3.2.exe" (not a wheel or source distribution archive (expected one of `.whl`, `.tar.gz`, `.zip`, `.tar.bz2`, `.tar.lz`, `.tar.lzma`, `.tar.xz`, `.tar.zst`, `.tar`, `.tbz`, `.tgz`, `.tlz`, or `.txz`))
DEBUG Skipping file for pillow: "Pillow-2.2.1.win32-py3.3.exe" (not a wheel or source distribution archive (expected one of `.whl`, `.tar.gz`, `.zip`, `.tar.bz2`, `.tar.lz`, `.tar.lzma`, `.tar.xz`, `.tar.zst`, `.tar`, `.tbz`, `.tgz`, `.tlz`, or `.txz`))
DEBUG Skipping file for pillow: "Pillow-2.2.2-py2.6-win-amd64.egg" (not a wheel or source distribution archive (expected one of `.whl`, `.tar.gz`, `.zip`, `.tar.bz2`, `.tar.lz`, `.tar.lzma`, `.tar.xz`, `.tar.zst`, `.tar`, `.tbz`, `.tgz`, `.tlz`, or `.txz`))
DEBUG Skipping file for pillow: "Pillow-2.2.2-py2.6-win32.egg" (not a wheel or source distribution archive (expected one of `.whl`, `.tar.gz`, `.zip`, `.tar.bz2`, `.tar.lz`, `.tar.lzma`, `.tar.xz`, `.tar.zst`, `.tar`, `.tbz`, `.tgz`, `.tlz`, or `.txz`))
DEBUG Skipping file for pillow: "Pillow-2.2.2-py2.7-win-amd64.egg" (not a wheel or source distribution archive (expected one of `.whl`, `.tar.gz`, `.zip`, `.tar.bz2`, `.tar.lz`, `.tar.lzma`, `.tar.xz`, `.tar.zst`, `.tar`, `.tbz`, `.tgz`, `.tlz`, or `.txz`))
DEBUG Skipping file for pillow: "Pillow-2.2.2-py2.7-win32.egg" (not a wheel or source distribution archive (expected one of `.whl`, `.tar.gz`, `.zip`, `.tar.bz2`, `.tar.lz`, `.tar.lzma`, `.tar.xz`, `.tar.zst`, `.tar`, `.tbz`, `.tgz`, `.tlz`, or `.txz`))
DEBUG Skipping file for pillow: "Pillow-2.2.2-py3.2-win-amd64.egg" (not a wheel or source distribution archive (expected one of `.whl`, `.tar.gz`, `.zip`, `.tar.bz2`, `.tar.lz`, `.tar.lzma`, `.tar.xz`, `.tar.zst`, `.tar`, `.tbz`, `.tgz`, `.tlz`, or `.txz`))
DEBUG Skipping file for pillow: "Pillow-2.2.2-py3.2-win32.egg" (not a wheel or source distribution archive (expected one of `.whl`, `.tar.gz`, `.zip`, `.tar.bz2`, `.tar.lz`, `.tar.lzma`, `.tar.xz`, `.tar.zst`, `.tar`, `.tbz`, `.tgz`, `.tlz`, or `.txz`))
DEBUG Skipping file for pillow: "Pillow-2.2.2-py3.3-win-amd64.egg" (not a wheel or source distribution archive (expected one of `.whl`, `.tar.gz`, `.zip`, `.tar.bz2`, `.tar.lz`, `.tar.lzma`, `.tar.xz`, `.tar.zst`, `.tar`, `.tbz`, `.tgz`, `.tlz`, or `.txz`))
DEBUG Skipping file for pillow: "Pillow-2.2.2-py3.3-win32.egg" (not a wheel or source distribution archive (expected one of `.whl`, `.tar.gz`, `.zip`, `.tar.bz2`, `.tar.lz`, `.tar.lzma`, `.tar.xz`, `.tar.zst`, `.tar`, `.tbz`, `.tgz`, `.tlz`, or `.txz`))
DEBUG Skipping file for pillow: "Pillow-2.2.2-py3.4-win-amd64.egg" (not a wheel or source distribution archive (expected one of `.whl`, `.tar.gz`, `.zip`, `.tar.bz2`, `.tar.lz`, `.tar.lzma`, `.tar.xz`, `.tar.zst`, `.tar`, `.tbz`, `.tgz`, `.tlz`, or `.txz`))
DEBUG Skipping file for pillow: "Pillow-2.2.2-py3.4-win32.egg" (not a wheel or source distribution archive (expected one of `.whl`, `.tar.gz`, `.zip`, `.tar.bz2`, `.tar.lz`, `.tar.lzma`, `.tar.xz`, `.tar.zst`, `.tar`, `.tbz`, `.tgz`, `.tlz`, or `.txz`))
DEBUG Skipping file for pillow: "Pillow-2.2.2.win-amd64-py2.6.exe" (not a wheel or source distribution archive (expected one of `.whl`, `.tar.gz`, `.zip`, `.tar.bz2`, `.tar.lz`, `.tar.lzma`, `.tar.xz`, `.tar.zst`, `.tar`, `.tbz`, `.tgz`, `.tlz`, or `.txz`))
DEBUG Skipping file for pillow: "Pillow-2.2.2.win-amd64-py2.7.exe" (not a wheel or source distribution archive (expected one of `.whl`, `.tar.gz`, `.zip`, `.tar.bz2`, `.tar.lz`, `.tar.lzma`, `.tar.xz`, `.tar.zst`, `.tar`, `.tbz`, `.tgz`, `.tlz`, or `.txz`))
DEBUG Skipping file for pillow: "Pillow-2.2.2.win-amd64-py3.2.exe" (not a wheel or source distribution archive (expected one of `.whl`, `.tar.gz`, `.zip`, `.tar.bz2`, `.tar.lz`, `.tar.lzma`, `.tar.xz`, `.tar.zst`, `.tar`, `.tbz`, `.tgz`, `.tlz`, or `.txz`))
DEBUG Skipping file for pillow: "Pillow-2.2.2.win-amd64-py3.3.exe" (not a wheel or source distribution archive (expected one of `.whl`, `.tar.gz`, `.zip`, `.tar.bz2`, `.tar.lz`, `.tar.lzma`, `.tar.xz`, `.tar.zst`, `.tar`, `.tbz`, `.tgz`, `.tlz`, or `.txz`))
DEBUG Skipping file for pillow: "Pillow-2.2.2.win-amd64-py3.4.exe" (not a wheel or source distribution archive (expected one of `.whl`, `.tar.gz`, `.zip`, `.tar.bz2`, `.tar.lz`, `.tar.lzma`, `.tar.xz`, `.tar.zst`, `.tar`, `.tbz`, `.tgz`, `.tlz`, or `.txz`))
DEBUG Skipping file for pillow: "Pillow-2.2.2.win32-py2.6.exe" (not a wheel or source distribution archive (expected one of `.whl`, `.tar.gz`, `.zip`, `.tar.bz2`, `.tar.lz`, `.tar.lzma`, `.tar.xz`, `.tar.zst`, `.tar`, `.tbz`, `.tgz`, `.tlz`, or `.txz`))
DEBUG Skipping file for pillow: "Pillow-2.2.2.win32-py2.7.exe" (not a wheel or source distribution archive (expected one of `.whl`, `.tar.gz`, `.zip`, `.tar.bz2`, `.tar.lz`, `.tar.lzma`, `.tar.xz`, `.tar.zst`, `.tar`, `.tbz`, `.tgz`, `.tlz`, or `.txz`))
DEBUG Skipping file for pillow: "Pillow-2.2.2.win32-py3.2.exe" (not a wheel or source distribution archive (expected one of `.whl`, `.tar.gz`, `.zip`, `.tar.bz2`, `.tar.lz`, `.tar.lzma`, `.tar.xz`, `.tar.zst`, `.tar`, `.tbz`, `.tgz`, `.tlz`, or `.txz`))
DEBUG Skipping file for pillow: "Pillow-2.2.2.win32-py3.3.exe" (not a wheel or source distribution archive (expected one of `.whl`, `.tar.gz`, `.zip`, `.tar.bz2`, `.tar.lz`, `.tar.lzma`, `.tar.xz`, `.tar.zst`, `.tar`, `.tbz`, `.tgz`, `.tlz`, or `.txz`))
DEBUG Skipping file for pillow: "Pillow-2.2.2.win32-py3.4.exe" (not a wheel or source distribution archive (expected one of `.whl`, `.tar.gz`, `.zip`, `.tar.bz2`, `.tar.lz`, `.tar.lzma`, `.tar.xz`, `.tar.zst`, `.tar`, `.tbz`, `.tgz`, `.tlz`, or `.txz`))
DEBUG Skipping file for pillow: "Pillow-2.3.0-py2.6-win-amd64.egg" (not a wheel or source distribution archive (expected one of `.whl`, `.tar.gz`, `.zip`, `.tar.bz2`, `.tar.lz`, `.tar.lzma`, `.tar.xz`, `.tar.zst`, `.tar`, `.tbz`, `.tgz`, `.tlz`, or `.txz`))
DEBUG Skipping file for pillow: "Pillow-2.3.0-py2.6-win32.egg" (not a wheel or source distribution archive (expected one of `.whl`, `.tar.gz`, `.zip`, `.tar.bz2`, `.tar.lz`, `.tar.lzma`, `.tar.xz`, `.tar.zst`, `.tar`, `.tbz`, `.tgz`, `.tlz`, or `.txz`))
DEBUG Skipping file for pillow: "Pillow-2.3.0-py2.7-win-amd64.egg" (not a wheel or source distribution archive (expected one of `.whl`, `.tar.gz`, `.zip`, `.tar.bz2`, `.tar.lz`, `.tar.lzma`, `.tar.xz`, `.tar.zst`, `.tar`, `.tbz`, `.tgz`, `.tlz`, or `.txz`))
DEBUG Skipping file for pillow: "Pillow-2.3.0-py2.7-win32.egg" (not a wheel or source distribution archive (expected one of `.whl`, `.tar.gz`, `.zip`, `.tar.bz2`, `.tar.lz`, `.tar.lzma`, `.tar.xz`, `.tar.zst`, `.tar`, `.tbz`, `.tgz`, `.tlz`, or `.txz`))
DEBUG Skipping file for pillow: "Pillow-2.3.0-py3.2-win-amd64.egg" (not a wheel or source distribution archive (expected one of `.whl`, `.tar.gz`, `.zip`, `.tar.bz2`, `.tar.lz`, `.tar.lzma`, `.tar.xz`, `.tar.zst`, `.tar`, `.tbz`, `.tgz`, `.tlz`, or `.txz`))
DEBUG Skipping file for pillow: "Pillow-2.3.0-py3.2-win32.egg" (not a wheel or source distribution archive (expected one of `.whl`, `.tar.gz`, `.zip`, `.tar.bz2`, `.tar.lz`, `.tar.lzma`, `.tar.xz`, `.tar.zst`, `.tar`, `.tbz`, `.tgz`, `.tlz`, or `.txz`))
DEBUG Skipping file for pillow: "Pillow-2.3.0-py3.3-win-amd64.egg" (not a wheel or source distribution archive (expected one of `.whl`, `.tar.gz`, `.zip`, `.tar.bz2`, `.tar.lz`, `.tar.lzma`, `.tar.xz`, `.tar.zst`, `.tar`, `.tbz`, `.tgz`, `.tlz`, or `.txz`))
DEBUG Skipping file for pillow: "Pillow-2.3.0-py3.3-win32.egg" (not a wheel or source distribution archive (expected one of `.whl`, `.tar.gz`, `.zip`, `.tar.bz2`, `.tar.lz`, `.tar.lzma`, `.tar.xz`, `.tar.zst`, `.tar`, `.tbz`, `.tgz`, `.tlz`, or `.txz`))
DEBUG Skipping file for pillow: "Pillow-2.3.0-py3.4-win-amd64.egg" (not a wheel or source distribution archive (expected one of `.whl`, `.tar.gz`, `.zip`, `.tar.bz2`, `.tar.lz`, `.tar.lzma`, `.tar.xz`, `.tar.zst`, `.tar`, `.tbz`, `.tgz`, `.tlz`, or `.txz`))
DEBUG Skipping file for pillow: "Pillow-2.3.0-py3.4-win32.egg" (not a wheel or source distribution archive (expected one of `.whl`, `.tar.gz`, `.zip`, `.tar.bz2`, `.tar.lz`, `.tar.lzma`, `.tar.xz`, `.tar.zst`, `.tar`, `.tbz`, `.tgz`, `.tlz`, or `.txz`))
DEBUG Skipping file for pillow: "Pillow-2.3.0.win-amd64-py2.6.exe" (not a wheel or source distribution archive (expected one of `.whl`, `.tar.gz`, `.zip`, `.tar.bz2`, `.tar.lz`, `.tar.lzma`, `.tar.xz`, `.tar.zst`, `.tar`, `.tbz`, `.tgz`, `.tlz`, or `.txz`))
DEBUG Skipping file for pillow: "Pillow-2.3.0.win-amd64-py2.7.exe" (not a wheel or source distribution archive (expected one of `.whl`, `.tar.gz`, `.zip`, `.tar.bz2`, `.tar.lz`, `.tar.lzma`, `.tar.xz`, `.tar.zst`, `.tar`, `.tbz`, `.tgz`, `.tlz`, or `.txz`))
DEBUG Skipping file for pillow: "Pillow-2.3.0.win-amd64-py3.2.exe" (not a wheel or source distribution archive (expected one of `.whl`, `.tar.gz`, `.zip`, `.tar.bz2`, `.tar.lz`, `.tar.lzma`, `.tar.xz`, `.tar.zst`, `.tar`, `.tbz`, `.tgz`, `.tlz`, or `.txz`))
DEBUG Skipping file for pillow: "Pillow-2.3.0.win-amd64-py3.3.exe" (not a wheel or source distribution archive (expected one of `.whl`, `.tar.gz`, `.zip`, `.tar.bz2`, `.tar.lz`, `.tar.lzma`, `.tar.xz`, `.tar.zst`, `.tar`, `.tbz`, `.tgz`, `.tlz`, or `.txz`))
DEBUG Skipping file for pillow: "Pillow-2.3.0.win-amd64-py3.4.exe" (not a wheel or source distribution archive (expected one of `.whl`, `.tar.gz`, `.zip`, `.tar.bz2`, `.tar.lz`, `.tar.lzma`, `.tar.xz`, `.tar.zst`, `.tar`, `.tbz`, `.tgz`, `.tlz`, or `.txz`))
DEBUG Skipping file for pillow: "Pillow-2.3.0.win32-py2.6.exe" (not a wheel or source distribution archive (expected one of `.whl`, `.tar.gz`, `.zip`, `.tar.bz2`, `.tar.lz`, `.tar.lzma`, `.tar.xz`, `.tar.zst`, `.tar`, `.tbz`, `.tgz`, `.tlz`, or `.txz`))
DEBUG Skipping file for pillow: "Pillow-2.3.0.win32-py2.7.exe" (not a wheel or source distribution archive (expected one of `.whl`, `.tar.gz`, `.zip`, `.tar.bz2`, `.tar.lz`, `.tar.lzma`, `.tar.xz`, `.tar.zst`, `.tar`, `.tbz`, `.tgz`, `.tlz`, or `.txz`))
DEBUG Skipping file for pillow: "Pillow-2.3.0.win32-py3.2.exe" (not a wheel or source distribution archive (expected one of `.whl`, `.tar.gz`, `.zip`, `.tar.bz2`, `.tar.lz`, `.tar.lzma`, `.tar.xz`, `.tar.zst`, `.tar`, `.tbz`, `.tgz`, `.tlz`, or `.txz`))
DEBUG Skipping file for pillow: "Pillow-2.3.0.win32-py3.3.exe" (not a wheel or source distribution archive (expected one of `.whl`, `.tar.gz`, `.zip`, `.tar.bz2`, `.tar.lz`, `.tar.lzma`, `.tar.xz`, `.tar.zst`, `.tar`, `.tbz`, `.tgz`, `.tlz`, or `.txz`))
DEBUG Skipping file for pillow: "Pillow-2.3.0.win32-py3.4.exe" (not a wheel or source distribution archive (expected one of `.whl`, `.tar.gz`, `.zip`, `.tar.bz2`, `.tar.lz`, `.tar.lzma`, `.tar.xz`, `.tar.zst`, `.tar`, `.tbz`, `.tgz`, `.tlz`, or `.txz`))
DEBUG Skipping file for pillow: "Pillow-2.4.0-py2.6-win-amd64.egg" (not a wheel or source distribution archive (expected one of `.whl`, `.tar.gz`, `.zip`, `.tar.bz2`, `.tar.lz`, `.tar.lzma`, `.tar.xz`, `.tar.zst`, `.tar`, `.tbz`, `.tgz`, `.tlz`, or `.txz`))
DEBUG Skipping file for pillow: "Pillow-2.4.0-py2.6-win32.egg" (not a wheel or source distribution archive (expected one of `.whl`, `.tar.gz`, `.zip`, `.tar.bz2`, `.tar.lz`, `.tar.lzma`, `.tar.xz`, `.tar.zst`, `.tar`, `.tbz`, `.tgz`, `.tlz`, or `.txz`))
DEBUG Skipping file for pillow: "Pillow-2.4.0-py2.7-win-amd64.egg" (not a wheel or source distribution archive (expected one of `.whl`, `.tar.gz`, `.zip`, `.tar.bz2`, `.tar.lz`, `.tar.lzma`, `.tar.xz`, `.tar.zst`, `.tar`, `.tbz`, `.tgz`, `.tlz`, or `.txz`))
DEBUG Skipping file for pillow: "Pillow-2.4.0-py2.7-win32.egg" (not a wheel or source distribution archive (expected one of `.whl`, `.tar.gz`, `.zip`, `.tar.bz2`, `.tar.lz`, `.tar.lzma`, `.tar.xz`, `.tar.zst`, `.tar`, `.tbz`, `.tgz`, `.tlz`, or `.txz`))
DEBUG Skipping file for pillow: "Pillow-2.4.0-py3.2-win-amd64.egg" (not a wheel or source distribution archive (expected one of `.whl`, `.tar.gz`, `.zip`, `.tar.bz2`, `.tar.lz`, `.tar.lzma`, `.tar.xz`, `.tar.zst`, `.tar`, `.tbz`, `.tgz`, `.tlz`, or `.txz`))
DEBUG Skipping file for pillow: "Pillow-2.4.0-py3.2-win32.egg" (not a wheel or source distribution archive (expected one of `.whl`, `.tar.gz`, `.zip`, `.tar.bz2`, `.tar.lz`, `.tar.lzma`, `.tar.xz`, `.tar.zst`, `.tar`, `.tbz`, `.tgz`, `.tlz`, or `.txz`))
DEBUG Skipping file for pillow: "Pillow-2.4.0-py3.3-win-amd64.egg" (not a wheel or source distribution archive (expected one of `.whl`, `.tar.gz`, `.zip`, `.tar.bz2`, `.tar.lz`, `.tar.lzma`, `.tar.xz`, `.tar.zst`, `.tar`, `.tbz`, `.tgz`, `.tlz`, or `.txz`))
DEBUG Skipping file for pillow: "Pillow-2.4.0-py3.3-win32.egg" (not a wheel or source distribution archive (expected one of `.whl`, `.tar.gz`, `.zip`, `.tar.bz2`, `.tar.lz`, `.tar.lzma`, `.tar.xz`, `.tar.zst`, `.tar`, `.tbz`, `.tgz`, `.tlz`, or `.txz`))
DEBUG Skipping file for pillow: "Pillow-2.4.0-py3.4-win-amd64.egg" (not a wheel or source distribution archive (expected one of `.whl`, `.tar.gz`, `.zip`, `.tar.bz2`, `.tar.lz`, `.tar.lzma`, `.tar.xz`, `.tar.zst`, `.tar`, `.tbz`, `.tgz`, `.tlz`, or `.txz`))
DEBUG Skipping file for pillow: "Pillow-2.4.0-py3.4-win32.egg" (not a wheel or source distribution archive (expected one of `.whl`, `.tar.gz`, `.zip`, `.tar.bz2`, `.tar.lz`, `.tar.lzma`, `.tar.xz`, `.tar.zst`, `.tar`, `.tbz`, `.tgz`, `.tlz`, or `.txz`))
DEBUG Skipping file for pillow: "Pillow-2.4.0.win-amd64-py2.6.exe" (not a wheel or source distribution archive (expected one of `.whl`, `.tar.gz`, `.zip`, `.tar.bz2`, `.tar.lz`, `.tar.lzma`, `.tar.xz`, `.tar.zst`, `.tar`, `.tbz`, `.tgz`, `.tlz`, or `.txz`))
DEBUG Skipping file for pillow: "Pillow-2.4.0.win-amd64-py2.7.exe" (not a wheel or source distribution archive (expected one of `.whl`, `.tar.gz`, `.zip`, `.tar.bz2`, `.tar.lz`, `.tar.lzma`, `.tar.xz`, `.tar.zst`, `.tar`, `.tbz`, `.tgz`, `.tlz`, or `.txz`))
DEBUG Skipping file for pillow: "Pillow-2.4.0.win-amd64-py3.2.exe" (not a wheel or source distribution archive (expected one of `.whl`, `.tar.gz`, `.zip`, `.tar.bz2`, `.tar.lz`, `.tar.lzma`, `.tar.xz`, `.tar.zst`, `.tar`, `.tbz`, `.tgz`, `.tlz`, or `.txz`))
DEBUG Skipping file for pillow: "Pillow-2.4.0.win-amd64-py3.3.exe" (not a wheel or source distribution archive (expected one of `.whl`, `.tar.gz`, `.zip`, `.tar.bz2`, `.tar.lz`, `.tar.lzma`, `.tar.xz`, `.tar.zst`, `.tar`, `.tbz`, `.tgz`, `.tlz`, or `.txz`))
DEBUG Skipping file for pillow: "Pillow-2.4.0.win-amd64-py3.4.exe" (not a wheel or source distribution archive (expected one of `.whl`, `.tar.gz`, `.zip`, `.tar.bz2`, `.tar.lz`, `.tar.lzma`, `.tar.xz`, `.tar.zst`, `.tar`, `.tbz`, `.tgz`, `.tlz`, or `.txz`))
DEBUG Skipping file for pillow: "Pillow-2.4.0.win32-py2.6.exe" (not a wheel or source distribution archive (expected one of `.whl`, `.tar.gz`, `.zip`, `.tar.bz2`, `.tar.lz`, `.tar.lzma`, `.tar.xz`, `.tar.zst`, `.tar`, `.tbz`, `.tgz`, `.tlz`, or `.txz`))
DEBUG Skipping file for pillow: "Pillow-2.4.0.win32-py2.7.exe" (not a wheel or source distribution archive (expected one of `.whl`, `.tar.gz`, `.zip`, `.tar.bz2`, `.tar.lz`, `.tar.lzma`, `.tar.xz`, `.tar.zst`, `.tar`, `.tbz`, `.tgz`, `.tlz`, or `.txz`))
DEBUG Skipping file for pillow: "Pillow-2.4.0.win32-py3.2.exe" (not a wheel or source distribution archive (expected one of `.whl`, `.tar.gz`, `.zip`, `.tar.bz2`, `.tar.lz`, `.tar.lzma`, `.tar.xz`, `.tar.zst`, `.tar`, `.tbz`, `.tgz`, `.tlz`, or `.txz`))
DEBUG Skipping file for pillow: "Pillow-2.4.0.win32-py3.3.exe" (not a wheel or source distribution archive (expected one of `.whl`, `.tar.gz`, `.zip`, `.tar.bz2`, `.tar.lz`, `.tar.lzma`, `.tar.xz`, `.tar.zst`, `.tar`, `.tbz`, `.tgz`, `.tlz`, or `.txz`))
DEBUG Skipping file for pillow: "Pillow-2.4.0.win32-py3.4.exe" (not a wheel or source distribution archive (expected one of `.whl`, `.tar.gz`, `.zip`, `.tar.bz2`, `.tar.lz`, `.tar.lzma`, `.tar.xz`, `.tar.zst`, `.tar`, `.tbz`, `.tgz`, `.tlz`, or `.txz`))
DEBUG Skipping file for pillow: "Pillow-2.5.0-py2.6-win-amd64.egg" (not a wheel or source distribution archive (expected one of `.whl`, `.tar.gz`, `.zip`, `.tar.bz2`, `.tar.lz`, `.tar.lzma`, `.tar.xz`, `.tar.zst`, `.tar`, `.tbz`, `.tgz`, `.tlz`, or `.txz`))
DEBUG Skipping file for pillow: "Pillow-2.5.0-py2.6-win32.egg" (not a wheel or source distribution archive (expected one of `.whl`, `.tar.gz`, `.zip`, `.tar.bz2`, `.tar.lz`, `.tar.lzma`, `.tar.xz`, `.tar.zst`, `.tar`, `.tbz`, `.tgz`, `.tlz`, or `.txz`))
DEBUG Skipping file for pillow: "Pillow-2.5.0-py2.7-win-amd64.egg" (not a wheel or source distribution archive (expected one of `.whl`, `.tar.gz`, `.zip`, `.tar.bz2`, `.tar.lz`, `.tar.lzma`, `.tar.xz`, `.tar.zst`, `.tar`, `.tbz`, `.tgz`, `.tlz`, or `.txz`))
DEBUG Skipping file for pillow: "Pillow-2.5.0-py2.7-win32.egg" (not a wheel or source distribution archive (expected one of `.whl`, `.tar.gz`, `.zip`, `.tar.bz2`, `.tar.lz`, `.tar.lzma`, `.tar.xz`, `.tar.zst`, `.tar`, `.tbz`, `.tgz`, `.tlz`, or `.txz`))
DEBUG Skipping file for pillow: "Pillow-2.5.0-py3.2-win-amd64.egg" (not a wheel or source distribution archive (expected one of `.whl`, `.tar.gz`, `.zip`, `.tar.bz2`, `.tar.lz`, `.tar.lzma`, `.tar.xz`, `.tar.zst`, `.tar`, `.tbz`, `.tgz`, `.tlz`, or `.txz`))
DEBUG Skipping file for pillow: "Pillow-2.5.0-py3.2-win32.egg" (not a wheel or source distribution archive (expected one of `.whl`, `.tar.gz`, `.zip`, `.tar.bz2`, `.tar.lz`, `.tar.lzma`, `.tar.xz`, `.tar.zst`, `.tar`, `.tbz`, `.tgz`, `.tlz`, or `.txz`))
DEBUG Skipping file for pillow: "Pillow-2.5.0-py3.3-win-amd64.egg" (not a wheel or source distribution archive (expected one of `.whl`, `.tar.gz`, `.zip`, `.tar.bz2`, `.tar.lz`, `.tar.lzma`, `.tar.xz`, `.tar.zst`, `.tar`, `.tbz`, `.tgz`, `.tlz`, or `.txz`))
DEBUG Skipping file for pillow: "Pillow-2.5.0-py3.3-win32.egg" (not a wheel or source distribution archive (expected one of `.whl`, `.tar.gz`, `.zip`, `.tar.bz2`, `.tar.lz`, `.tar.lzma`, `.tar.xz`, `.tar.zst`, `.tar`, `.tbz`, `.tgz`, `.tlz`, or `.txz`))
DEBUG Skipping file for pillow: "Pillow-2.5.0-py3.4-win-amd64.egg" (not a wheel or source distribution archive (expected one of `.whl`, `.tar.gz`, `.zip`, `.tar.bz2`, `.tar.lz`, `.tar.lzma`, `.tar.xz`, `.tar.zst`, `.tar`, `.tbz`, `.tgz`, `.tlz`, or `.txz`))
DEBUG Skipping file for pillow: "Pillow-2.5.0-py3.4-win32.egg" (not a wheel or source distribution archive (expected one of `.whl`, `.tar.gz`, `.zip`, `.tar.bz2`, `.tar.lz`, `.tar.lzma`, `.tar.xz`, `.tar.zst`, `.tar`, `.tbz`, `.tgz`, `.tlz`, or `.txz`))
DEBUG Skipping file for pillow: "Pillow-2.5.0.win-amd64-py2.6.exe" (not a wheel or source distribution archive (expected one of `.whl`, `.tar.gz`, `.zip`, `.tar.bz2`, `.tar.lz`, `.tar.lzma`, `.tar.xz`, `.tar.zst`, `.tar`, `.tbz`, `.tgz`, `.tlz`, or `.txz`))
DEBUG Skipping file for pillow: "Pillow-2.5.0.win-amd64-py2.7.exe" (not a wheel or source distribution archive (expected one of `.whl`, `.tar.gz`, `.zip`, `.tar.bz2`, `.tar.lz`, `.tar.lzma`, `.tar.xz`, `.tar.zst`, `.tar`, `.tbz`, `.tgz`, `.tlz`, or `.txz`))
DEBUG Skipping file for pillow: "Pillow-2.5.0.win-amd64-py3.2.exe" (not a wheel or source distribution archive (expected one of `.whl`, `.tar.gz`, `.zip`, `.tar.bz2`, `.tar.lz`, `.tar.lzma`, `.tar.xz`, `.tar.zst`, `.tar`, `.tbz`, `.tgz`, `.tlz`, or `.txz`))
DEBUG Skipping file for pillow: "Pillow-2.5.0.win-amd64-py3.3.exe" (not a wheel or source distribution archive (expected one of `.whl`, `.tar.gz`, `.zip`, `.tar.bz2`, `.tar.lz`, `.tar.lzma`, `.tar.xz`, `.tar.zst`, `.tar`, `.tbz`, `.tgz`, `.tlz`, or `.txz`))
DEBUG Skipping file for pillow: "Pillow-2.5.0.win-amd64-py3.4.exe" (not a wheel or source distribution archive (expected one of `.whl`, `.tar.gz`, `.zip`, `.tar.bz2`, `.tar.lz`, `.tar.lzma`, `.tar.xz`, `.tar.zst`, `.tar`, `.tbz`, `.tgz`, `.tlz`, or `.txz`))
DEBUG Skipping file for pillow: "Pillow-2.5.0.win32-py2.6.exe" (not a wheel or source distribution archive (expected one of `.whl`, `.tar.gz`, `.zip`, `.tar.bz2`, `.tar.lz`, `.tar.lzma`, `.tar.xz`, `.tar.zst`, `.tar`, `.tbz`, `.tgz`, `.tlz`, or `.txz`))
DEBUG Skipping file for pillow: "Pillow-2.5.0.win32-py2.7.exe" (not a wheel or source distribution archive (expected one of `.whl`, `.tar.gz`, `.zip`, `.tar.bz2`, `.tar.lz`, `.tar.lzma`, `.tar.xz`, `.tar.zst`, `.tar`, `.tbz`, `.tgz`, `.tlz`, or `.txz`))
DEBUG Skipping file for pillow: "Pillow-2.5.0.win32-py3.2.exe" (not a wheel or source distribution archive (expected one of `.whl`, `.tar.gz`, `.zip`, `.tar.bz2`, `.tar.lz`, `.tar.lzma`, `.tar.xz`, `.tar.zst`, `.tar`, `.tbz`, `.tgz`, `.tlz`, or `.txz`))
DEBUG Skipping file for pillow: "Pillow-2.5.0.win32-py3.3.exe" (not a wheel or source distribution archive (expected one of `.whl`, `.tar.gz`, `.zip`, `.tar.bz2`, `.tar.lz`, `.tar.lzma`, `.tar.xz`, `.tar.zst`, `.tar`, `.tbz`, `.tgz`, `.tlz`, or `.txz`))
DEBUG Skipping file for pillow: "Pillow-2.5.0.win32-py3.4.exe" (not a wheel or source distribution archive (expected one of `.whl`, `.tar.gz`, `.zip`, `.tar.bz2`, `.tar.lz`, `.tar.lzma`, `.tar.xz`, `.tar.zst`, `.tar`, `.tbz`, `.tgz`, `.tlz`, or `.txz`))
DEBUG Skipping file for pillow: "Pillow-2.5.1-py2.6-win-amd64.egg" (not a wheel or source distribution archive (expected one of `.whl`, `.tar.gz`, `.zip`, `.tar.bz2`, `.tar.lz`, `.tar.lzma`, `.tar.xz`, `.tar.zst`, `.tar`, `.tbz`, `.tgz`, `.tlz`, or `.txz`))
DEBUG Skipping file for pillow: "Pillow-2.5.1-py2.6-win32.egg" (not a wheel or source distribution archive (expected one of `.whl`, `.tar.gz`, `.zip`, `.tar.bz2`, `.tar.lz`, `.tar.lzma`, `.tar.xz`, `.tar.zst`, `.tar`, `.tbz`, `.tgz`, `.tlz`, or `.txz`))
DEBUG Skipping file for pillow: "Pillow-2.5.1-py2.7-win-amd64.egg" (not a wheel or source distribution archive (expected one of `.whl`, `.tar.gz`, `.zip`, `.tar.bz2`, `.tar.lz`, `.tar.lzma`, `.tar.xz`, `.tar.zst`, `.tar`, `.tbz`, `.tgz`, `.tlz`, or `.txz`))
DEBUG Skipping file for pillow: "Pillow-2.5.1-py2.7-win32.egg" (not a wheel or source distribution archive (expected one of `.whl`, `.tar.gz`, `.zip`, `.tar.bz2`, `.tar.lz`, `.tar.lzma`, `.tar.xz`, `.tar.zst`, `.tar`, `.tbz`, `.tgz`, `.tlz`, or `.txz`))
DEBUG Skipping file for pillow: "Pillow-2.5.1-py3.2-win-amd64.egg" (not a wheel or source distribution archive (expected one of `.whl`, `.tar.gz`, `.zip`, `.tar.bz2`, `.tar.lz`, `.tar.lzma`, `.tar.xz`, `.tar.zst`, `.tar`, `.tbz`, `.tgz`, `.tlz`, or `.txz`))
DEBUG Skipping file for pillow: "Pillow-2.5.1-py3.2-win32.egg" (not a wheel or source distribution archive (expected one of `.whl`, `.tar.gz`, `.zip`, `.tar.bz2`, `.tar.lz`, `.tar.lzma`, `.tar.xz`, `.tar.zst`, `.tar`, `.tbz`, `.tgz`, `.tlz`, or `.txz`))
DEBUG Skipping file for pillow: "Pillow-2.5.1-py3.3-win-amd64.egg" (not a wheel or source distribution archive (expected one of `.whl`, `.tar.gz`, `.zip`, `.tar.bz2`, `.tar.lz`, `.tar.lzma`, `.tar.xz`, `.tar.zst`, `.tar`, `.tbz`, `.tgz`, `.tlz`, or `.txz`))
DEBUG Skipping file for pillow: "Pillow-2.5.1-py3.3-win32.egg" (not a wheel or source distribution archive (expected one of `.whl`, `.tar.gz`, `.zip`, `.tar.bz2`, `.tar.lz`, `.tar.lzma`, `.tar.xz`, `.tar.zst`, `.tar`, `.tbz`, `.tgz`, `.tlz`, or `.txz`))
DEBUG Skipping file for pillow: "Pillow-2.5.1-py3.4-win-amd64.egg" (not a wheel or source distribution archive (expected one of `.whl`, `.tar.gz`, `.zip`, `.tar.bz2`, `.tar.lz`, `.tar.lzma`, `.tar.xz`, `.tar.zst`, `.tar`, `.tbz`, `.tgz`, `.tlz`, or `.txz`))
DEBUG Skipping file for pillow: "Pillow-2.5.1-py3.4-win32.egg" (not a wheel or source distribution archive (expected one of `.whl`, `.tar.gz`, `.zip`, `.tar.bz2`, `.tar.lz`, `.tar.lzma`, `.tar.xz`, `.tar.zst`, `.tar`, `.tbz`, `.tgz`, `.tlz`, or `.txz`))
DEBUG Skipping file for pillow: "Pillow-2.5.1.win-amd64-py2.6.exe" (not a wheel or source distribution archive (expected one of `.whl`, `.tar.gz`, `.zip`, `.tar.bz2`, `.tar.lz`, `.tar.lzma`, `.tar.xz`, `.tar.zst`, `.tar`, `.tbz`, `.tgz`, `.tlz`, or `.txz`))
DEBUG Skipping file for pillow: "Pillow-2.5.1.win-amd64-py2.7.exe" (not a wheel or source distribution archive (expected one of `.whl`, `.tar.gz`, `.zip`, `.tar.bz2`, `.tar.lz`, `.tar.lzma`, `.tar.xz`, `.tar.zst`, `.tar`, `.tbz`, `.tgz`, `.tlz`, or `.txz`))
DEBUG Skipping file for pillow: "Pillow-2.5.1.win-amd64-py3.2.exe" (not a wheel or source distribution archive (expected one of `.whl`, `.tar.gz`, `.zip`, `.tar.bz2`, `.tar.lz`, `.tar.lzma`, `.tar.xz`, `.tar.zst`, `.tar`, `.tbz`, `.tgz`, `.tlz`, or `.txz`))
DEBUG Skipping file for pillow: "Pillow-2.5.1.win-amd64-py3.3.exe" (not a wheel or source distribution archive (expected one of `.whl`, `.tar.gz`, `.zip`, `.tar.bz2`, `.tar.lz`, `.tar.lzma`, `.tar.xz`, `.tar.zst`, `.tar`, `.tbz`, `.tgz`, `.tlz`, or `.txz`))
DEBUG Skipping file for pillow: "Pillow-2.5.1.win-amd64-py3.4.exe" (not a wheel or source distribution archive (expected one of `.whl`, `.tar.gz`, `.zip`, `.tar.bz2`, `.tar.lz`, `.tar.lzma`, `.tar.xz`, `.tar.zst`, `.tar`, `.tbz`, `.tgz`, `.tlz`, or `.txz`))
DEBUG Skipping file for pillow: "Pillow-2.5.1.win32-py2.6.exe" (not a wheel or source distribution archive (expected one of `.whl`, `.tar.gz`, `.zip`, `.tar.bz2`, `.tar.lz`, `.tar.lzma`, `.tar.xz`, `.tar.zst`, `.tar`, `.tbz`, `.tgz`, `.tlz`, or `.txz`))
DEBUG Skipping file for pillow: "Pillow-2.5.1.win32-py2.7.exe" (not a wheel or source distribution archive (expected one of `.whl`, `.tar.gz`, `.zip`, `.tar.bz2`, `.tar.lz`, `.tar.lzma`, `.tar.xz`, `.tar.zst`, `.tar`, `.tbz`, `.tgz`, `.tlz`, or `.txz`))
DEBUG Skipping file for pillow: "Pillow-2.5.1.win32-py3.2.exe" (not a wheel or source distribution archive (expected one of `.whl`, `.tar.gz`, `.zip`, `.tar.bz2`, `.tar.lz`, `.tar.lzma`, `.tar.xz`, `.tar.zst`, `.tar`, `.tbz`, `.tgz`, `.tlz`, or `.txz`))
DEBUG Skipping file for pillow: "Pillow-2.5.1.win32-py3.3.exe" (not a wheel or source distribution archive (expected one of `.whl`, `.tar.gz`, `.zip`, `.tar.bz2`, `.tar.lz`, `.tar.lzma`, `.tar.xz`, `.tar.zst`, `.tar`, `.tbz`, `.tgz`, `.tlz`, or `.txz`))
DEBUG Skipping file for pillow: "Pillow-2.5.1.win32-py3.4.exe" (not a wheel or source distribution archive (expected one of `.whl`, `.tar.gz`, `.zip`, `.tar.bz2`, `.tar.lz`, `.tar.lzma`, `.tar.xz`, `.tar.zst`, `.tar`, `.tbz`, `.tgz`, `.tlz`, or `.txz`))
DEBUG Skipping file for pillow: "Pillow-2.5.2-py2.6-win-amd64.egg" (not a wheel or source distribution archive (expected one of `.whl`, `.tar.gz`, `.zip`, `.tar.bz2`, `.tar.lz`, `.tar.lzma`, `.tar.xz`, `.tar.zst`, `.tar`, `.tbz`, `.tgz`, `.tlz`, or `.txz`))
DEBUG Skipping file for pillow: "Pillow-2.5.2-py2.6-win32.egg" (not a wheel or source distribution archive (expected one of `.whl`, `.tar.gz`, `.zip`, `.tar.bz2`, `.tar.lz`, `.tar.lzma`, `.tar.xz`, `.tar.zst`, `.tar`, `.tbz`, `.tgz`, `.tlz`, or `.txz`))
DEBUG Skipping file for pillow: "Pillow-2.5.2-py2.7-win-amd64.egg" (not a wheel or source distribution archive (expected one of `.whl`, `.tar.gz`, `.zip`, `.tar.bz2`, `.tar.lz`, `.tar.lzma`, `.tar.xz`, `.tar.zst`, `.tar`, `.tbz`, `.tgz`, `.tlz`, or `.txz`))
DEBUG Skipping file for pillow: "Pillow-2.5.2-py2.7-win32.egg" (not a wheel or source distribution archive (expected one of `.whl`, `.tar.gz`, `.zip`, `.tar.bz2`, `.tar.lz`, `.tar.lzma`, `.tar.xz`, `.tar.zst`, `.tar`, `.tbz`, `.tgz`, `.tlz`, or `.txz`))
DEBUG Skipping file for pillow: "Pillow-2.5.2-py3.2-win-amd64.egg" (not a wheel or source distribution archive (expected one of `.whl`, `.tar.gz`, `.zip`, `.tar.bz2`, `.tar.lz`, `.tar.lzma`, `.tar.xz`, `.tar.zst`, `.tar`, `.tbz`, `.tgz`, `.tlz`, or `.txz`))
DEBUG Skipping file for pillow: "Pillow-2.5.2-py3.2-win32.egg" (not a wheel or source distribution archive (expected one of `.whl`, `.tar.gz`, `.zip`, `.tar.bz2`, `.tar.lz`, `.tar.lzma`, `.tar.xz`, `.tar.zst`, `.tar`, `.tbz`, `.tgz`, `.tlz`, or `.txz`))
DEBUG Skipping file for pillow: "Pillow-2.5.2-py3.3-win-amd64.egg" (not a wheel or source distribution archive (expected one of `.whl`, `.tar.gz`, `.zip`, `.tar.bz2`, `.tar.lz`, `.tar.lzma`, `.tar.xz`, `.tar.zst`, `.tar`, `.tbz`, `.tgz`, `.tlz`, or `.txz`))
DEBUG Skipping file for pillow: "Pillow-2.5.2-py3.3-win32.egg" (not a wheel or source distribution archive (expected one of `.whl`, `.tar.gz`, `.zip`, `.tar.bz2`, `.tar.lz`, `.tar.lzma`, `.tar.xz`, `.tar.zst`, `.tar`, `.tbz`, `.tgz`, `.tlz`, or `.txz`))
DEBUG Skipping file for pillow: "Pillow-2.5.2-py3.4-win-amd64.egg" (not a wheel or source distribution archive (expected one of `.whl`, `.tar.gz`, `.zip`, `.tar.bz2`, `.tar.lz`, `.tar.lzma`, `.tar.xz`, `.tar.zst`, `.tar`, `.tbz`, `.tgz`, `.tlz`, or `.txz`))
DEBUG Skipping file for pillow: "Pillow-2.5.2-py3.4-win32.egg" (not a wheel or source distribution archive (expected one of `.whl`, `.tar.gz`, `.zip`, `.tar.bz2`, `.tar.lz`, `.tar.lzma`, `.tar.xz`, `.tar.zst`, `.tar`, `.tbz`, `.tgz`, `.tlz`, or `.txz`))
DEBUG Skipping file for pillow: "Pillow-2.5.2.win-amd64-py2.6.exe" (not a wheel or source distribution archive (expected one of `.whl`, `.tar.gz`, `.zip`, `.tar.bz2`, `.tar.lz`, `.tar.lzma`, `.tar.xz`, `.tar.zst`, `.tar`, `.tbz`, `.tgz`, `.tlz`, or `.txz`))
DEBUG Skipping file for pillow: "Pillow-2.5.2.win-amd64-py2.7.exe" (not a wheel or source distribution archive (expected one of `.whl`, `.tar.gz`, `.zip`, `.tar.bz2`, `.tar.lz`, `.tar.lzma`, `.tar.xz`, `.tar.zst`, `.tar`, `.tbz`, `.tgz`, `.tlz`, or `.txz`))
DEBUG Skipping file for pillow: "Pillow-2.5.2.win-amd64-py3.2.exe" (not a wheel or source distribution archive (expected one of `.whl`, `.tar.gz`, `.zip`, `.tar.bz2`, `.tar.lz`, `.tar.lzma`, `.tar.xz`, `.tar.zst`, `.tar`, `.tbz`, `.tgz`, `.tlz`, or `.txz`))
DEBUG Skipping file for pillow: "Pillow-2.5.2.win-amd64-py3.3.exe" (not a wheel or source distribution archive (expected one of `.whl`, `.tar.gz`, `.zip`, `.tar.bz2`, `.tar.lz`, `.tar.lzma`, `.tar.xz`, `.tar.zst`, `.tar`, `.tbz`, `.tgz`, `.tlz`, or `.txz`))
DEBUG Skipping file for pillow: "Pillow-2.5.2.win-amd64-py3.4.exe" (not a wheel or source distribution archive (expected one of `.whl`, `.tar.gz`, `.zip`, `.tar.bz2`, `.tar.lz`, `.tar.lzma`, `.tar.xz`, `.tar.zst`, `.tar`, `.tbz`, `.tgz`, `.tlz`, or `.txz`))
DEBUG Skipping file for pillow: "Pillow-2.5.2.win32-py2.6.exe" (not a wheel or source distribution archive (expected one of `.whl`, `.tar.gz`, `.zip`, `.tar.bz2`, `.tar.lz`, `.tar.lzma`, `.tar.xz`, `.tar.zst`, `.tar`, `.tbz`, `.tgz`, `.tlz`, or `.txz`))
DEBUG Skipping file for pillow: "Pillow-2.5.2.win32-py2.7.exe" (not a wheel or source distribution archive (expected one of `.whl`, `.tar.gz`, `.zip`, `.tar.bz2`, `.tar.lz`, `.tar.lzma`, `.tar.xz`, `.tar.zst`, `.tar`, `.tbz`, `.tgz`, `.tlz`, or `.txz`))
DEBUG Skipping file for pillow: "Pillow-2.5.2.win32-py3.2.exe" (not a wheel or source distribution archive (expected one of `.whl`, `.tar.gz`, `.zip`, `.tar.bz2`, `.tar.lz`, `.tar.lzma`, `.tar.xz`, `.tar.zst`, `.tar`, `.tbz`, `.tgz`, `.tlz`, or `.txz`))
DEBUG Skipping file for pillow: "Pillow-2.5.2.win32-py3.3.exe" (not a wheel or source distribution archive (expected one of `.whl`, `.tar.gz`, `.zip`, `.tar.bz2`, `.tar.lz`, `.tar.lzma`, `.tar.xz`, `.tar.zst`, `.tar`, `.tbz`, `.tgz`, `.tlz`, or `.txz`))
DEBUG Skipping file for pillow: "Pillow-2.5.2.win32-py3.4.exe" (not a wheel or source distribution archive (expected one of `.whl`, `.tar.gz`, `.zip`, `.tar.bz2`, `.tar.lz`, `.tar.lzma`, `.tar.xz`, `.tar.zst`, `.tar`, `.tbz`, `.tgz`, `.tlz`, or `.txz`))
DEBUG Skipping file for pillow: "Pillow-2.5.3-py2.6-win-amd64.egg" (not a wheel or source distribution archive (expected one of `.whl`, `.tar.gz`, `.zip`, `.tar.bz2`, `.tar.lz`, `.tar.lzma`, `.tar.xz`, `.tar.zst`, `.tar`, `.tbz`, `.tgz`, `.tlz`, or `.txz`))
DEBUG Skipping file for pillow: "Pillow-2.5.3-py2.6-win32.egg" (not a wheel or source distribution archive (expected one of `.whl`, `.tar.gz`, `.zip`, `.tar.bz2`, `.tar.lz`, `.tar.lzma`, `.tar.xz`, `.tar.zst`, `.tar`, `.tbz`, `.tgz`, `.tlz`, or `.txz`))
DEBUG Skipping file for pillow: "Pillow-2.5.3-py2.7-win-amd64.egg" (not a wheel or source distribution archive (expected one of `.whl`, `.tar.gz`, `.zip`, `.tar.bz2`, `.tar.lz`, `.tar.lzma`, `.tar.xz`, `.tar.zst`, `.tar`, `.tbz`, `.tgz`, `.tlz`, or `.txz`))
DEBUG Skipping file for pillow: "Pillow-2.5.3-py2.7-win32.egg" (not a wheel or source distribution archive (expected one of `.whl`, `.tar.gz`, `.zip`, `.tar.bz2`, `.tar.lz`, `.tar.lzma`, `.tar.xz`, `.tar.zst`, `.tar`, `.tbz`, `.tgz`, `.tlz`, or `.txz`))
DEBUG Skipping file for pillow: "Pillow-2.5.3-py3.2-win-amd64.egg" (not a wheel or source distribution archive (expected one of `.whl`, `.tar.gz`, `.zip`, `.tar.bz2`, `.tar.lz`, `.tar.lzma`, `.tar.xz`, `.tar.zst`, `.tar`, `.tbz`, `.tgz`, `.tlz`, or `.txz`))
DEBUG Skipping file for pillow: "Pillow-2.5.3-py3.2-win32.egg" (not a wheel or source distribution archive (expected one of `.whl`, `.tar.gz`, `.zip`, `.tar.bz2`, `.tar.lz`, `.tar.lzma`, `.tar.xz`, `.tar.zst`, `.tar`, `.tbz`, `.tgz`, `.tlz`, or `.txz`))
DEBUG Skipping file for pillow: "Pillow-2.5.3-py3.3-win-amd64.egg" (not a wheel or source distribution archive (expected one of `.whl`, `.tar.gz`, `.zip`, `.tar.bz2`, `.tar.lz`, `.tar.lzma`, `.tar.xz`, `.tar.zst`, `.tar`, `.tbz`, `.tgz`, `.tlz`, or `.txz`))
DEBUG Skipping file for pillow: "Pillow-2.5.3-py3.3-win32.egg" (not a wheel or source distribution archive (expected one of `.whl`, `.tar.gz`, `.zip`, `.tar.bz2`, `.tar.lz`, `.tar.lzma`, `.tar.xz`, `.tar.zst`, `.tar`, `.tbz`, `.tgz`, `.tlz`, or `.txz`))
DEBUG Skipping file for pillow: "Pillow-2.5.3-py3.4-win-amd64.egg" (not a wheel or source distribution archive (expected one of `.whl`, `.tar.gz`, `.zip`, `.tar.bz2`, `.tar.lz`, `.tar.lzma`, `.tar.xz`, `.tar.zst`, `.tar`, `.tbz`, `.tgz`, `.tlz`, or `.txz`))
DEBUG Skipping file for pillow: "Pillow-2.5.3-py3.4-win32.egg" (not a wheel or source distribution archive (expected one of `.whl`, `.tar.gz`, `.zip`, `.tar.bz2`, `.tar.lz`, `.tar.lzma`, `.tar.xz`, `.tar.zst`, `.tar`, `.tbz`, `.tgz`, `.tlz`, or `.txz`))
DEBUG Skipping file for pillow: "Pillow-2.5.3.win-amd64-py2.6.exe" (not a wheel or source distribution archive (expected one of `.whl`, `.tar.gz`, `.zip`, `.tar.bz2`, `.tar.lz`, `.tar.lzma`, `.tar.xz`, `.tar.zst`, `.tar`, `.tbz`, `.tgz`, `.tlz`, or `.txz`))
DEBUG Skipping file for pillow: "Pillow-2.5.3.win-amd64-py2.7.exe" (not a wheel or source distribution archive (expected one of `.whl`, `.tar.gz`, `.zip`, `.tar.bz2`, `.tar.lz`, `.tar.lzma`, `.tar.xz`, `.tar.zst`, `.tar`, `.tbz`, `.tgz`, `.tlz`, or `.txz`))
DEBUG Skipping file for pillow: "Pillow-2.5.3.win-amd64-py3.2.exe" (not a wheel or source distribution archive (expected one of `.whl`, `.tar.gz`, `.zip`, `.tar.bz2`, `.tar.lz`, `.tar.lzma`, `.tar.xz`, `.tar.zst`, `.tar`, `.tbz`, `.tgz`, `.tlz`, or `.txz`))
DEBUG Skipping file for pillow: "Pillow-2.5.3.win-amd64-py3.3.exe" (not a wheel or source distribution archive (expected one of `.whl`, `.tar.gz`, `.zip`, `.tar.bz2`, `.tar.lz`, `.tar.lzma`, `.tar.xz`, `.tar.zst`, `.tar`, `.tbz`, `.tgz`, `.tlz`, or `.txz`))
DEBUG Skipping file for pillow: "Pillow-2.5.3.win-amd64-py3.4.exe" (not a wheel or source distribution archive (expected one of `.whl`, `.tar.gz`, `.zip`, `.tar.bz2`, `.tar.lz`, `.tar.lzma`, `.tar.xz`, `.tar.zst`, `.tar`, `.tbz`, `.tgz`, `.tlz`, or `.txz`))
DEBUG Skipping file for pillow: "Pillow-2.5.3.win32-py2.6.exe" (not a wheel or source distribution archive (expected one of `.whl`, `.tar.gz`, `.zip`, `.tar.bz2`, `.tar.lz`, `.tar.lzma`, `.tar.xz`, `.tar.zst`, `.tar`, `.tbz`, `.tgz`, `.tlz`, or `.txz`))
DEBUG Skipping file for pillow: "Pillow-2.5.3.win32-py2.7.exe" (not a wheel or source distribution archive (expected one of `.whl`, `.tar.gz`, `.zip`, `.tar.bz2`, `.tar.lz`, `.tar.lzma`, `.tar.xz`, `.tar.zst`, `.tar`, `.tbz`, `.tgz`, `.tlz`, or `.txz`))
DEBUG Skipping file for pillow: "Pillow-2.5.3.win32-py3.2.exe" (not a wheel or source distribution archive (expected one of `.whl`, `.tar.gz`, `.zip`, `.tar.bz2`, `.tar.lz`, `.tar.lzma`, `.tar.xz`, `.tar.zst`, `.tar`, `.tbz`, `.tgz`, `.tlz`, or `.txz`))
DEBUG Skipping file for pillow: "Pillow-2.5.3.win32-py3.3.exe" (not a wheel or source distribution archive (expected one of `.whl`, `.tar.gz`, `.zip`, `.tar.bz2`, `.tar.lz`, `.tar.lzma`, `.tar.xz`, `.tar.zst`, `.tar`, `.tbz`, `.tgz`, `.tlz`, or `.txz`))
DEBUG Skipping file for pillow: "Pillow-2.5.3.win32-py3.4.exe" (not a wheel or source distribution archive (expected one of `.whl`, `.tar.gz`, `.zip`, `.tar.bz2`, `.tar.lz`, `.tar.lzma`, `.tar.xz`, `.tar.zst`, `.tar`, `.tbz`, `.tgz`, `.tlz`, or `.txz`))
DEBUG Skipping file for pillow: "Pillow-2.6.0-py2.6-win-amd64.egg" (not a wheel or source distribution archive (expected one of `.whl`, `.tar.gz`, `.zip`, `.tar.bz2`, `.tar.lz`, `.tar.lzma`, `.tar.xz`, `.tar.zst`, `.tar`, `.tbz`, `.tgz`, `.tlz`, or `.txz`))
DEBUG Skipping file for pillow: "Pillow-2.6.0-py2.6-win32.egg" (not a wheel or source distribution archive (expected one of `.whl`, `.tar.gz`, `.zip`, `.tar.bz2`, `.tar.lz`, `.tar.lzma`, `.tar.xz`, `.tar.zst`, `.tar`, `.tbz`, `.tgz`, `.tlz`, or `.txz`))
DEBUG Skipping file for pillow: "Pillow-2.6.0-py2.7-win-amd64.egg" (not a wheel or source distribution archive (expected one of `.whl`, `.tar.gz`, `.zip`, `.tar.bz2`, `.tar.lz`, `.tar.lzma`, `.tar.xz`, `.tar.zst`, `.tar`, `.tbz`, `.tgz`, `.tlz`, or `.txz`))
DEBUG Skipping file for pillow: "Pillow-2.6.0-py2.7-win32.egg" (not a wheel or source distribution archive (expected one of `.whl`, `.tar.gz`, `.zip`, `.tar.bz2`, `.tar.lz`, `.tar.lzma`, `.tar.xz`, `.tar.zst`, `.tar`, `.tbz`, `.tgz`, `.tlz`, or `.txz`))
DEBUG Skipping file for pillow: "Pillow-2.6.0-py3.2-win-amd64.egg" (not a wheel or source distribution archive (expected one of `.whl`, `.tar.gz`, `.zip`, `.tar.bz2`, `.tar.lz`, `.tar.lzma`, `.tar.xz`, `.tar.zst`, `.tar`, `.tbz`, `.tgz`, `.tlz`, or `.txz`))
DEBUG Skipping file for pillow: "Pillow-2.6.0-py3.2-win32.egg" (not a wheel or source distribution archive (expected one of `.whl`, `.tar.gz`, `.zip`, `.tar.bz2`, `.tar.lz`, `.tar.lzma`, `.tar.xz`, `.tar.zst`, `.tar`, `.tbz`, `.tgz`, `.tlz`, or `.txz`))
DEBUG Skipping file for pillow: "Pillow-2.6.0-py3.3-win-amd64.egg" (not a wheel or source distribution archive (expected one of `.whl`, `.tar.gz`, `.zip`, `.tar.bz2`, `.tar.lz`, `.tar.lzma`, `.tar.xz`, `.tar.zst`, `.tar`, `.tbz`, `.tgz`, `.tlz`, or `.txz`))
DEBUG Skipping file for pillow: "Pillow-2.6.0-py3.3-win32.egg" (not a wheel or source distribution archive (expected one of `.whl`, `.tar.gz`, `.zip`, `.tar.bz2`, `.tar.lz`, `.tar.lzma`, `.tar.xz`, `.tar.zst`, `.tar`, `.tbz`, `.tgz`, `.tlz`, or `.txz`))
DEBUG Skipping file for pillow: "Pillow-2.6.0-py3.4-win-amd64.egg" (not a wheel or source distribution archive (expected one of `.whl`, `.tar.gz`, `.zip`, `.tar.bz2`, `.tar.lz`, `.tar.lzma`, `.tar.xz`, `.tar.zst`, `.tar`, `.tbz`, `.tgz`, `.tlz`, or `.txz`))
DEBUG Skipping file for pillow: "Pillow-2.6.0-py3.4-win32.egg" (not a wheel or source distribution archive (expected one of `.whl`, `.tar.gz`, `.zip`, `.tar.bz2`, `.tar.lz`, `.tar.lzma`, `.tar.xz`, `.tar.zst`, `.tar`, `.tbz`, `.tgz`, `.tlz`, or `.txz`))
DEBUG Skipping file for pillow: "Pillow-2.6.0.win-amd64-py2.6.exe" (not a wheel or source distribution archive (expected one of `.whl`, `.tar.gz`, `.zip`, `.tar.bz2`, `.tar.lz`, `.tar.lzma`, `.tar.xz`, `.tar.zst`, `.tar`, `.tbz`, `.tgz`, `.tlz`, or `.txz`))
DEBUG Skipping file for pillow: "Pillow-2.6.0.win-amd64-py2.7.exe" (not a wheel or source distribution archive (expected one of `.whl`, `.tar.gz`, `.zip`, `.tar.bz2`, `.tar.lz`, `.tar.lzma`, `.tar.xz`, `.tar.zst`, `.tar`, `.tbz`, `.tgz`, `.tlz`, or `.txz`))
DEBUG Skipping file for pillow: "Pillow-2.6.0.win-amd64-py3.2.exe" (not a wheel or source distribution archive (expected one of `.whl`, `.tar.gz`, `.zip`, `.tar.bz2`, `.tar.lz`, `.tar.lzma`, `.tar.xz`, `.tar.zst`, `.tar`, `.tbz`, `.tgz`, `.tlz`, or `.txz`))
DEBUG Skipping file for pillow: "Pillow-2.6.0.win-amd64-py3.3.exe" (not a wheel or source distribution archive (expected one of `.whl`, `.tar.gz`, `.zip`, `.tar.bz2`, `.tar.lz`, `.tar.lzma`, `.tar.xz`, `.tar.zst`, `.tar`, `.tbz`, `.tgz`, `.tlz`, or `.txz`))
DEBUG Skipping file for pillow: "Pillow-2.6.0.win-amd64-py3.4.exe" (not a wheel or source distribution archive (expected one of `.whl`, `.tar.gz`, `.zip`, `.tar.bz2`, `.tar.lz`, `.tar.lzma`, `.tar.xz`, `.tar.zst`, `.tar`, `.tbz`, `.tgz`, `.tlz`, or `.txz`))
DEBUG Skipping file for pillow: "Pillow-2.6.0.win32-py2.6.exe" (not a wheel or source distribution archive (expected one of `.whl`, `.tar.gz`, `.zip`, `.tar.bz2`, `.tar.lz`, `.tar.lzma`, `.tar.xz`, `.tar.zst`, `.tar`, `.tbz`, `.tgz`, `.tlz`, or `.txz`))
DEBUG Skipping file for pillow: "Pillow-2.6.0.win32-py2.7.exe" (not a wheel or source distribution archive (expected one of `.whl`, `.tar.gz`, `.zip`, `.tar.bz2`, `.tar.lz`, `.tar.lzma`, `.tar.xz`, `.tar.zst`, `.tar`, `.tbz`, `.tgz`, `.tlz`, or `.txz`))
DEBUG Skipping file for pillow: "Pillow-2.6.0.win32-py3.2.exe" (not a wheel or source distribution archive (expected one of `.whl`, `.tar.gz`, `.zip`, `.tar.bz2`, `.tar.lz`, `.tar.lzma`, `.tar.xz`, `.tar.zst`, `.tar`, `.tbz`, `.tgz`, `.tlz`, or `.txz`))
DEBUG Skipping file for pillow: "Pillow-2.6.0.win32-py3.3.exe" (not a wheel or source distribution archive (expected one of `.whl`, `.tar.gz`, `.zip`, `.tar.bz2`, `.tar.lz`, `.tar.lzma`, `.tar.xz`, `.tar.zst`, `.tar`, `.tbz`, `.tgz`, `.tlz`, or `.txz`))
DEBUG Skipping file for pillow: "Pillow-2.6.0.win32-py3.4.exe" (not a wheel or source distribution archive (expected one of `.whl`, `.tar.gz`, `.zip`, `.tar.bz2`, `.tar.lz`, `.tar.lzma`, `.tar.xz`, `.tar.zst`, `.tar`, `.tbz`, `.tgz`, `.tlz`, or `.txz`))
DEBUG Skipping file for pillow: "Pillow-2.6.1-py2.6-win-amd64.egg" (not a wheel or source distribution archive (expected one of `.whl`, `.tar.gz`, `.zip`, `.tar.bz2`, `.tar.lz`, `.tar.lzma`, `.tar.xz`, `.tar.zst`, `.tar`, `.tbz`, `.tgz`, `.tlz`, or `.txz`))
DEBUG Skipping file for pillow: "Pillow-2.6.1-py2.6-win32.egg" (not a wheel or source distribution archive (expected one of `.whl`, `.tar.gz`, `.zip`, `.tar.bz2`, `.tar.lz`, `.tar.lzma`, `.tar.xz`, `.tar.zst`, `.tar`, `.tbz`, `.tgz`, `.tlz`, or `.txz`))
DEBUG Skipping file for pillow: "Pillow-2.6.1-py2.7-win-amd64.egg" (not a wheel or source distribution archive (expected one of `.whl`, `.tar.gz`, `.zip`, `.tar.bz2`, `.tar.lz`, `.tar.lzma`, `.tar.xz`, `.tar.zst`, `.tar`, `.tbz`, `.tgz`, `.tlz`, or `.txz`))
DEBUG Skipping file for pillow: "Pillow-2.6.1-py2.7-win32.egg" (not a wheel or source distribution archive (expected one of `.whl`, `.tar.gz`, `.zip`, `.tar.bz2`, `.tar.lz`, `.tar.lzma`, `.tar.xz`, `.tar.zst`, `.tar`, `.tbz`, `.tgz`, `.tlz`, or `.txz`))
DEBUG Skipping file for pillow: "Pillow-2.6.1-py3.2-win-amd64.egg" (not a wheel or source distribution archive (expected one of `.whl`, `.tar.gz`, `.zip`, `.tar.bz2`, `.tar.lz`, `.tar.lzma`, `.tar.xz`, `.tar.zst`, `.tar`, `.tbz`, `.tgz`, `.tlz`, or `.txz`))
DEBUG Skipping file for pillow: "Pillow-2.6.1-py3.2-win32.egg" (not a wheel or source distribution archive (expected one of `.whl`, `.tar.gz`, `.zip`, `.tar.bz2`, `.tar.lz`, `.tar.lzma`, `.tar.xz`, `.tar.zst`, `.tar`, `.tbz`, `.tgz`, `.tlz`, or `.txz`))
DEBUG Skipping file for pillow: "Pillow-2.6.1-py3.3-win-amd64.egg" (not a wheel or source distribution archive (expected one of `.whl`, `.tar.gz`, `.zip`, `.tar.bz2`, `.tar.lz`, `.tar.lzma`, `.tar.xz`, `.tar.zst`, `.tar`, `.tbz`, `.tgz`, `.tlz`, or `.txz`))
DEBUG Skipping file for pillow: "Pillow-2.6.1-py3.3-win32.egg" (not a wheel or source distribution archive (expected one of `.whl`, `.tar.gz`, `.zip`, `.tar.bz2`, `.tar.lz`, `.tar.lzma`, `.tar.xz`, `.tar.zst`, `.tar`, `.tbz`, `.tgz`, `.tlz`, or `.txz`))
DEBUG Skipping file for pillow: "Pillow-2.6.1-py3.4-win-amd64.egg" (not a wheel or source distribution archive (expected one of `.whl`, `.tar.gz`, `.zip`, `.tar.bz2`, `.tar.lz`, `.tar.lzma`, `.tar.xz`, `.tar.zst`, `.tar`, `.tbz`, `.tgz`, `.tlz`, or `.txz`))
DEBUG Skipping file for pillow: "Pillow-2.6.1-py3.4-win32.egg" (not a wheel or source distribution archive (expected one of `.whl`, `.tar.gz`, `.zip`, `.tar.bz2`, `.tar.lz`, `.tar.lzma`, `.tar.xz`, `.tar.zst`, `.tar`, `.tbz`, `.tgz`, `.tlz`, or `.txz`))
DEBUG Skipping file for pillow: "Pillow-2.6.1.win-amd64-py2.6.exe" (not a wheel or source distribution archive (expected one of `.whl`, `.tar.gz`, `.zip`, `.tar.bz2`, `.tar.lz`, `.tar.lzma`, `.tar.xz`, `.tar.zst`, `.tar`, `.tbz`, `.tgz`, `.tlz`, or `.txz`))
DEBUG Skipping file for pillow: "Pillow-2.6.1.win-amd64-py2.7.exe" (not a wheel or source distribution archive (expected one of `.whl`, `.tar.gz`, `.zip`, `.tar.bz2`, `.tar.lz`, `.tar.lzma`, `.tar.xz`, `.tar.zst`, `.tar`, `.tbz`, `.tgz`, `.tlz`, or `.txz`))
DEBUG Skipping file for pillow: "Pillow-2.6.1.win-amd64-py3.2.exe" (not a wheel or source distribution archive (expected one of `.whl`, `.tar.gz`, `.zip`, `.tar.bz2`, `.tar.lz`, `.tar.lzma`, `.tar.xz`, `.tar.zst`, `.tar`, `.tbz`, `.tgz`, `.tlz`, or `.txz`))
DEBUG Skipping file for pillow: "Pillow-2.6.1.win-amd64-py3.3.exe" (not a wheel or source distribution archive (expected one of `.whl`, `.tar.gz`, `.zip`, `.tar.bz2`, `.tar.lz`, `.tar.lzma`, `.tar.xz`, `.tar.zst`, `.tar`, `.tbz`, `.tgz`, `.tlz`, or `.txz`))
DEBUG Skipping file for pillow: "Pillow-2.6.1.win-amd64-py3.4.exe" (not a wheel or source distribution archive (expected one of `.whl`, `.tar.gz`, `.zip`, `.tar.bz2`, `.tar.lz`, `.tar.lzma`, `.tar.xz`, `.tar.zst`, `.tar`, `.tbz`, `.tgz`, `.tlz`, or `.txz`))
DEBUG Skipping file for pillow: "Pillow-2.6.1.win32-py2.6.exe" (not a wheel or source distribution archive (expected one of `.whl`, `.tar.gz`, `.zip`, `.tar.bz2`, `.tar.lz`, `.tar.lzma`, `.tar.xz`, `.tar.zst`, `.tar`, `.tbz`, `.tgz`, `.tlz`, or `.txz`))
DEBUG Skipping file for pillow: "Pillow-2.6.1.win32-py2.7.exe" (not a wheel or source distribution archive (expected one of `.whl`, `.tar.gz`, `.zip`, `.tar.bz2`, `.tar.lz`, `.tar.lzma`, `.tar.xz`, `.tar.zst`, `.tar`, `.tbz`, `.tgz`, `.tlz`, or `.txz`))
DEBUG Skipping file for pillow: "Pillow-2.6.1.win32-py3.2.exe" (not a wheel or source distribution archive (expected one of `.whl`, `.tar.gz`, `.zip`, `.tar.bz2`, `.tar.lz`, `.tar.lzma`, `.tar.xz`, `.tar.zst`, `.tar`, `.tbz`, `.tgz`, `.tlz`, or `.txz`))
DEBUG Skipping file for pillow: "Pillow-2.6.1.win32-py3.3.exe" (not a wheel or source distribution archive (expected one of `.whl`, `.tar.gz`, `.zip`, `.tar.bz2`, `.tar.lz`, `.tar.lzma`, `.tar.xz`, `.tar.zst`, `.tar`, `.tbz`, `.tgz`, `.tlz`, or `.txz`))
DEBUG Skipping file for pillow: "Pillow-2.6.1.win32-py3.4.exe" (not a wheel or source distribution archive (expected one of `.whl`, `.tar.gz`, `.zip`, `.tar.bz2`, `.tar.lz`, `.tar.lzma`, `.tar.xz`, `.tar.zst`, `.tar`, `.tbz`, `.tgz`, `.tlz`, or `.txz`))
DEBUG Skipping file for pillow: "Pillow-2.6.2-py2.6-win-amd64.egg" (not a wheel or source distribution archive (expected one of `.whl`, `.tar.gz`, `.zip`, `.tar.bz2`, `.tar.lz`, `.tar.lzma`, `.tar.xz`, `.tar.zst`, `.tar`, `.tbz`, `.tgz`, `.tlz`, or `.txz`))
DEBUG Skipping file for pillow: "Pillow-2.6.2-py2.6-win32.egg" (not a wheel or source distribution archive (expected one of `.whl`, `.tar.gz`, `.zip`, `.tar.bz2`, `.tar.lz`, `.tar.lzma`, `.tar.xz`, `.tar.zst`, `.tar`, `.tbz`, `.tgz`, `.tlz`, or `.txz`))
DEBUG Skipping file for pillow: "Pillow-2.6.2-py2.7-win-amd64.egg" (not a wheel or source distribution archive (expected one of `.whl`, `.tar.gz`, `.zip`, `.tar.bz2`, `.tar.lz`, `.tar.lzma`, `.tar.xz`, `.tar.zst`, `.tar`, `.tbz`, `.tgz`, `.tlz`, or `.txz`))
DEBUG Skipping file for pillow: "Pillow-2.6.2-py2.7-win32.egg" (not a wheel or source distribution archive (expected one of `.whl`, `.tar.gz`, `.zip`, `.tar.bz2`, `.tar.lz`, `.tar.lzma`, `.tar.xz`, `.tar.zst`, `.tar`, `.tbz`, `.tgz`, `.tlz`, or `.txz`))
DEBUG Skipping file for pillow: "Pillow-2.6.2-py3.2-win-amd64.egg" (not a wheel or source distribution archive (expected one of `.whl`, `.tar.gz`, `.zip`, `.tar.bz2`, `.tar.lz`, `.tar.lzma`, `.tar.xz`, `.tar.zst`, `.tar`, `.tbz`, `.tgz`, `.tlz`, or `.txz`))
DEBUG Skipping file for pillow: "Pillow-2.6.2-py3.2-win32.egg" (not a wheel or source distribution archive (expected one of `.whl`, `.tar.gz`, `.zip`, `.tar.bz2`, `.tar.lz`, `.tar.lzma`, `.tar.xz`, `.tar.zst`, `.tar`, `.tbz`, `.tgz`, `.tlz`, or `.txz`))
DEBUG Skipping file for pillow: "Pillow-2.6.2-py3.3-win-amd64.egg" (not a wheel or source distribution archive (expected one of `.whl`, `.tar.gz`, `.zip`, `.tar.bz2`, `.tar.lz`, `.tar.lzma`, `.tar.xz`, `.tar.zst`, `.tar`, `.tbz`, `.tgz`, `.tlz`, or `.txz`))
DEBUG Skipping file for pillow: "Pillow-2.6.2-py3.3-win32.egg" (not a wheel or source distribution archive (expected one of `.whl`, `.tar.gz`, `.zip`, `.tar.bz2`, `.tar.lz`, `.tar.lzma`, `.tar.xz`, `.tar.zst`, `.tar`, `.tbz`, `.tgz`, `.tlz`, or `.txz`))
DEBUG Skipping file for pillow: "Pillow-2.6.2-py3.4-win-amd64.egg" (not a wheel or source distribution archive (expected one of `.whl`, `.tar.gz`, `.zip`, `.tar.bz2`, `.tar.lz`, `.tar.lzma`, `.tar.xz`, `.tar.zst`, `.tar`, `.tbz`, `.tgz`, `.tlz`, or `.txz`))
DEBUG Skipping file for pillow: "Pillow-2.6.2-py3.4-win32.egg" (not a wheel or source distribution archive (expected one of `.whl`, `.tar.gz`, `.zip`, `.tar.bz2`, `.tar.lz`, `.tar.lzma`, `.tar.xz`, `.tar.zst`, `.tar`, `.tbz`, `.tgz`, `.tlz`, or `.txz`))
DEBUG Skipping file for pillow: "Pillow-2.6.2.win-amd64-py2.6.exe" (not a wheel or source distribution archive (expected one of `.whl`, `.tar.gz`, `.zip`, `.tar.bz2`, `.tar.lz`, `.tar.lzma`, `.tar.xz`, `.tar.zst`, `.tar`, `.tbz`, `.tgz`, `.tlz`, or `.txz`))
DEBUG Skipping file for pillow: "Pillow-2.6.2.win-amd64-py2.7.exe" (not a wheel or source distribution archive (expected one of `.whl`, `.tar.gz`, `.zip`, `.tar.bz2`, `.tar.lz`, `.tar.lzma`, `.tar.xz`, `.tar.zst`, `.tar`, `.tbz`, `.tgz`, `.tlz`, or `.txz`))
DEBUG Skipping file for pillow: "Pillow-2.6.2.win-amd64-py3.2.exe" (not a wheel or source distribution archive (expected one of `.whl`, `.tar.gz`, `.zip`, `.tar.bz2`, `.tar.lz`, `.tar.lzma`, `.tar.xz`, `.tar.zst`, `.tar`, `.tbz`, `.tgz`, `.tlz`, or `.txz`))
DEBUG Skipping file for pillow: "Pillow-2.6.2.win-amd64-py3.3.exe" (not a wheel or source distribution archive (expected one of `.whl`, `.tar.gz`, `.zip`, `.tar.bz2`, `.tar.lz`, `.tar.lzma`, `.tar.xz`, `.tar.zst`, `.tar`, `.tbz`, `.tgz`, `.tlz`, or `.txz`))
DEBUG Skipping file for pillow: "Pillow-2.6.2.win-amd64-py3.4.exe" (not a wheel or source distribution archive (expected one of `.whl`, `.tar.gz`, `.zip`, `.tar.bz2`, `.tar.lz`, `.tar.lzma`, `.tar.xz`, `.tar.zst`, `.tar`, `.tbz`, `.tgz`, `.tlz`, or `.txz`))
DEBUG Skipping file for pillow: "Pillow-2.6.2.win32-py2.6.exe" (not a wheel or source distribution archive (expected one of `.whl`, `.tar.gz`, `.zip`, `.tar.bz2`, `.tar.lz`, `.tar.lzma`, `.tar.xz`, `.tar.zst`, `.tar`, `.tbz`, `.tgz`, `.tlz`, or `.txz`))
DEBUG Skipping file for pillow: "Pillow-2.6.2.win32-py2.7.exe" (not a wheel or source distribution archive (expected one of `.whl`, `.tar.gz`, `.zip`, `.tar.bz2`, `.tar.lz`, `.tar.lzma`, `.tar.xz`, `.tar.zst`, `.tar`, `.tbz`, `.tgz`, `.tlz`, or `.txz`))
DEBUG Skipping file for pillow: "Pillow-2.6.2.win32-py3.2.exe" (not a wheel or source distribution archive (expected one of `.whl`, `.tar.gz`, `.zip`, `.tar.bz2`, `.tar.lz`, `.tar.lzma`, `.tar.xz`, `.tar.zst`, `.tar`, `.tbz`, `.tgz`, `.tlz`, or `.txz`))
DEBUG Skipping file for pillow: "Pillow-2.6.2.win32-py3.3.exe" (not a wheel or source distribution archive (expected one of `.whl`, `.tar.gz`, `.zip`, `.tar.bz2`, `.tar.lz`, `.tar.lzma`, `.tar.xz`, `.tar.zst`, `.tar`, `.tbz`, `.tgz`, `.tlz`, or `.txz`))
DEBUG Skipping file for pillow: "Pillow-2.6.2.win32-py3.4.exe" (not a wheel or source distribution archive (expected one of `.whl`, `.tar.gz`, `.zip`, `.tar.bz2`, `.tar.lz`, `.tar.lzma`, `.tar.xz`, `.tar.zst`, `.tar`, `.tbz`, `.tgz`, `.tlz`, or `.txz`))
DEBUG Skipping file for pillow: "Pillow-2.7.0-py2.6-win-amd64.egg" (not a wheel or source distribution archive (expected one of `.whl`, `.tar.gz`, `.zip`, `.tar.bz2`, `.tar.lz`, `.tar.lzma`, `.tar.xz`, `.tar.zst`, `.tar`, `.tbz`, `.tgz`, `.tlz`, or `.txz`))
DEBUG Skipping file for pillow: "Pillow-2.7.0-py2.6-win32.egg" (not a wheel or source distribution archive (expected one of `.whl`, `.tar.gz`, `.zip`, `.tar.bz2`, `.tar.lz`, `.tar.lzma`, `.tar.xz`, `.tar.zst`, `.tar`, `.tbz`, `.tgz`, `.tlz`, or `.txz`))
DEBUG Skipping file for pillow: "Pillow-2.7.0-py2.7-win-amd64.egg" (not a wheel or source distribution archive (expected one of `.whl`, `.tar.gz`, `.zip`, `.tar.bz2`, `.tar.lz`, `.tar.lzma`, `.tar.xz`, `.tar.zst`, `.tar`, `.tbz`, `.tgz`, `.tlz`, or `.txz`))
DEBUG Skipping file for pillow: "Pillow-2.7.0-py2.7-win32.egg" (not a wheel or source distribution archive (expected one of `.whl`, `.tar.gz`, `.zip`, `.tar.bz2`, `.tar.lz`, `.tar.lzma`, `.tar.xz`, `.tar.zst`, `.tar`, `.tbz`, `.tgz`, `.tlz`, or `.txz`))
DEBUG Skipping file for pillow: "Pillow-2.7.0-py3.2-win-amd64.egg" (not a wheel or source distribution archive (expected one of `.whl`, `.tar.gz`, `.zip`, `.tar.bz2`, `.tar.lz`, `.tar.lzma`, `.tar.xz`, `.tar.zst`, `.tar`, `.tbz`, `.tgz`, `.tlz`, or `.txz`))
DEBUG Skipping file for pillow: "Pillow-2.7.0-py3.2-win32.egg" (not a wheel or source distribution archive (expected one of `.whl`, `.tar.gz`, `.zip`, `.tar.bz2`, `.tar.lz`, `.tar.lzma`, `.tar.xz`, `.tar.zst`, `.tar`, `.tbz`, `.tgz`, `.tlz`, or `.txz`))
DEBUG Skipping file for pillow: "Pillow-2.7.0-py3.3-win-amd64.egg" (not a wheel or source distribution archive (expected one of `.whl`, `.tar.gz`, `.zip`, `.tar.bz2`, `.tar.lz`, `.tar.lzma`, `.tar.xz`, `.tar.zst`, `.tar`, `.tbz`, `.tgz`, `.tlz`, or `.txz`))
DEBUG Skipping file for pillow: "Pillow-2.7.0-py3.3-win32.egg" (not a wheel or source distribution archive (expected one of `.whl`, `.tar.gz`, `.zip`, `.tar.bz2`, `.tar.lz`, `.tar.lzma`, `.tar.xz`, `.tar.zst`, `.tar`, `.tbz`, `.tgz`, `.tlz`, or `.txz`))
DEBUG Skipping file for pillow: "Pillow-2.7.0-py3.4-win-amd64.egg" (not a wheel or source distribution archive (expected one of `.whl`, `.tar.gz`, `.zip`, `.tar.bz2`, `.tar.lz`, `.tar.lzma`, `.tar.xz`, `.tar.zst`, `.tar`, `.tbz`, `.tgz`, `.tlz`, or `.txz`))
DEBUG Skipping file for pillow: "Pillow-2.7.0-py3.4-win32.egg" (not a wheel or source distribution archive (expected one of `.whl`, `.tar.gz`, `.zip`, `.tar.bz2`, `.tar.lz`, `.tar.lzma`, `.tar.xz`, `.tar.zst`, `.tar`, `.tbz`, `.tgz`, `.tlz`, or `.txz`))
DEBUG Skipping file for pillow: "Pillow-2.7.0.win-amd64-py2.6.exe" (not a wheel or source distribution archive (expected one of `.whl`, `.tar.gz`, `.zip`, `.tar.bz2`, `.tar.lz`, `.tar.lzma`, `.tar.xz`, `.tar.zst`, `.tar`, `.tbz`, `.tgz`, `.tlz`, or `.txz`))
DEBUG Skipping file for pillow: "Pillow-2.7.0.win-amd64-py2.7.exe" (not a wheel or source distribution archive (expected one of `.whl`, `.tar.gz`, `.zip`, `.tar.bz2`, `.tar.lz`, `.tar.lzma`, `.tar.xz`, `.tar.zst`, `.tar`, `.tbz`, `.tgz`, `.tlz`, or `.txz`))
DEBUG Skipping file for pillow: "Pillow-2.7.0.win-amd64-py3.2.exe" (not a wheel or source distribution archive (expected one of `.whl`, `.tar.gz`, `.zip`, `.tar.bz2`, `.tar.lz`, `.tar.lzma`, `.tar.xz`, `.tar.zst`, `.tar`, `.tbz`, `.tgz`, `.tlz`, or `.txz`))
DEBUG Skipping file for pillow: "Pillow-2.7.0.win-amd64-py3.3.exe" (not a wheel or source distribution archive (expected one of `.whl`, `.tar.gz`, `.zip`, `.tar.bz2`, `.tar.lz`, `.tar.lzma`, `.tar.xz`, `.tar.zst`, `.tar`, `.tbz`, `.tgz`, `.tlz`, or `.txz`))
DEBUG Skipping file for pillow: "Pillow-2.7.0.win-amd64-py3.4.exe" (not a wheel or source distribution archive (expected one of `.whl`, `.tar.gz`, `.zip`, `.tar.bz2`, `.tar.lz`, `.tar.lzma`, `.tar.xz`, `.tar.zst`, `.tar`, `.tbz`, `.tgz`, `.tlz`, or `.txz`))
DEBUG Skipping file for pillow: "Pillow-2.7.0.win32-py2.6.exe" (not a wheel or source distribution archive (expected one of `.whl`, `.tar.gz`, `.zip`, `.tar.bz2`, `.tar.lz`, `.tar.lzma`, `.tar.xz`, `.tar.zst`, `.tar`, `.tbz`, `.tgz`, `.tlz`, or `.txz`))
DEBUG Skipping file for pillow: "Pillow-2.7.0.win32-py2.7.exe" (not a wheel or source distribution archive (expected one of `.whl`, `.tar.gz`, `.zip`, `.tar.bz2`, `.tar.lz`, `.tar.lzma`, `.tar.xz`, `.tar.zst`, `.tar`, `.tbz`, `.tgz`, `.tlz`, or `.txz`))
DEBUG Skipping file for pillow: "Pillow-2.7.0.win32-py3.2.exe" (not a wheel or source distribution archive (expected one of `.whl`, `.tar.gz`, `.zip`, `.tar.bz2`, `.tar.lz`, `.tar.lzma`, `.tar.xz`, `.tar.zst`, `.tar`, `.tbz`, `.tgz`, `.tlz`, or `.txz`))
DEBUG Skipping file for pillow: "Pillow-2.7.0.win32-py3.3.exe" (not a wheel or source distribution archive (expected one of `.whl`, `.tar.gz`, `.zip`, `.tar.bz2`, `.tar.lz`, `.tar.lzma`, `.tar.xz`, `.tar.zst`, `.tar`, `.tbz`, `.tgz`, `.tlz`, or `.txz`))
DEBUG Skipping file for pillow: "Pillow-2.7.0.win32-py3.4.exe" (not a wheel or source distribution archive (expected one of `.whl`, `.tar.gz`, `.zip`, `.tar.bz2`, `.tar.lz`, `.tar.lzma`, `.tar.xz`, `.tar.zst`, `.tar`, `.tbz`, `.tgz`, `.tlz`, or `.txz`))
DEBUG Skipping file for pillow: "Pillow-2.8.0-py2.6-win-amd64.egg" (not a wheel or source distribution archive (expected one of `.whl`, `.tar.gz`, `.zip`, `.tar.bz2`, `.tar.lz`, `.tar.lzma`, `.tar.xz`, `.tar.zst`, `.tar`, `.tbz`, `.tgz`, `.tlz`, or `.txz`))
DEBUG Skipping file for pillow: "Pillow-2.8.0-py2.6-win32.egg" (not a wheel or source distribution archive (expected one of `.whl`, `.tar.gz`, `.zip`, `.tar.bz2`, `.tar.lz`, `.tar.lzma`, `.tar.xz`, `.tar.zst`, `.tar`, `.tbz`, `.tgz`, `.tlz`, or `.txz`))
DEBUG Skipping file for pillow: "Pillow-2.8.0-py2.7-win-amd64.egg" (not a wheel or source distribution archive (expected one of `.whl`, `.tar.gz`, `.zip`, `.tar.bz2`, `.tar.lz`, `.tar.lzma`, `.tar.xz`, `.tar.zst`, `.tar`, `.tbz`, `.tgz`, `.tlz`, or `.txz`))
DEBUG Skipping file for pillow: "Pillow-2.8.0-py2.7-win32.egg" (not a wheel or source distribution archive (expected one of `.whl`, `.tar.gz`, `.zip`, `.tar.bz2`, `.tar.lz`, `.tar.lzma`, `.tar.xz`, `.tar.zst`, `.tar`, `.tbz`, `.tgz`, `.tlz`, or `.txz`))
DEBUG Skipping file for pillow: "Pillow-2.8.0-py3.2-win-amd64.egg" (not a wheel or source distribution archive (expected one of `.whl`, `.tar.gz`, `.zip`, `.tar.bz2`, `.tar.lz`, `.tar.lzma`, `.tar.xz`, `.tar.zst`, `.tar`, `.tbz`, `.tgz`, `.tlz`, or `.txz`))
DEBUG Skipping file for pillow: "Pillow-2.8.0-py3.2-win32.egg" (not a wheel or source distribution archive (expected one of `.whl`, `.tar.gz`, `.zip`, `.tar.bz2`, `.tar.lz`, `.tar.lzma`, `.tar.xz`, `.tar.zst`, `.tar`, `.tbz`, `.tgz`, `.tlz`, or `.txz`))
DEBUG Skipping file for pillow: "Pillow-2.8.0-py3.3-win-amd64.egg" (not a wheel or source distribution archive (expected one of `.whl`, `.tar.gz`, `.zip`, `.tar.bz2`, `.tar.lz`, `.tar.lzma`, `.tar.xz`, `.tar.zst`, `.tar`, `.tbz`, `.tgz`, `.tlz`, or `.txz`))
DEBUG Skipping file for pillow: "Pillow-2.8.0-py3.3-win32.egg" (not a wheel or source distribution archive (expected one of `.whl`, `.tar.gz`, `.zip`, `.tar.bz2`, `.tar.lz`, `.tar.lzma`, `.tar.xz`, `.tar.zst`, `.tar`, `.tbz`, `.tgz`, `.tlz`, or `.txz`))
DEBUG Skipping file for pillow: "Pillow-2.8.0-py3.4-win-amd64.egg" (not a wheel or source distribution archive (expected one of `.whl`, `.tar.gz`, `.zip`, `.tar.bz2`, `.tar.lz`, `.tar.lzma`, `.tar.xz`, `.tar.zst`, `.tar`, `.tbz`, `.tgz`, `.tlz`, or `.txz`))
DEBUG Skipping file for pillow: "Pillow-2.8.0-py3.4-win32.egg" (not a wheel or source distribution archive (expected one of `.whl`, `.tar.gz`, `.zip`, `.tar.bz2`, `.tar.lz`, `.tar.lzma`, `.tar.xz`, `.tar.zst`, `.tar`, `.tbz`, `.tgz`, `.tlz`, or `.txz`))
DEBUG Skipping file for pillow: "Pillow-2.8.0.win-amd64-py2.6.exe" (not a wheel or source distribution archive (expected one of `.whl`, `.tar.gz`, `.zip`, `.tar.bz2`, `.tar.lz`, `.tar.lzma`, `.tar.xz`, `.tar.zst`, `.tar`, `.tbz`, `.tgz`, `.tlz`, or `.txz`))
DEBUG Skipping file for pillow: "Pillow-2.8.0.win-amd64-py2.7.exe" (not a wheel or source distribution archive (expected one of `.whl`, `.tar.gz`, `.zip`, `.tar.bz2`, `.tar.lz`, `.tar.lzma`, `.tar.xz`, `.tar.zst`, `.tar`, `.tbz`, `.tgz`, `.tlz`, or `.txz`))
DEBUG Skipping file for pillow: "Pillow-2.8.0.win-amd64-py3.2.exe" (not a wheel or source distribution archive (expected one of `.whl`, `.tar.gz`, `.zip`, `.tar.bz2`, `.tar.lz`, `.tar.lzma`, `.tar.xz`, `.tar.zst`, `.tar`, `.tbz`, `.tgz`, `.tlz`, or `.txz`))
DEBUG Skipping file for pillow: "Pillow-2.8.0.win-amd64-py3.3.exe" (not a wheel or source distribution archive (expected one of `.whl`, `.tar.gz`, `.zip`, `.tar.bz2`, `.tar.lz`, `.tar.lzma`, `.tar.xz`, `.tar.zst`, `.tar`, `.tbz`, `.tgz`, `.tlz`, or `.txz`))
DEBUG Skipping file for pillow: "Pillow-2.8.0.win-amd64-py3.4.exe" (not a wheel or source distribution archive (expected one of `.whl`, `.tar.gz`, `.zip`, `.tar.bz2`, `.tar.lz`, `.tar.lzma`, `.tar.xz`, `.tar.zst`, `.tar`, `.tbz`, `.tgz`, `.tlz`, or `.txz`))
DEBUG Skipping file for pillow: "Pillow-2.8.0.win32-py2.6.exe" (not a wheel or source distribution archive (expected one of `.whl`, `.tar.gz`, `.zip`, `.tar.bz2`, `.tar.lz`, `.tar.lzma`, `.tar.xz`, `.tar.zst`, `.tar`, `.tbz`, `.tgz`, `.tlz`, or `.txz`))
DEBUG Skipping file for pillow: "Pillow-2.8.0.win32-py2.7.exe" (not a wheel or source distribution archive (expected one of `.whl`, `.tar.gz`, `.zip`, `.tar.bz2`, `.tar.lz`, `.tar.lzma`, `.tar.xz`, `.tar.zst`, `.tar`, `.tbz`, `.tgz`, `.tlz`, or `.txz`))
DEBUG Skipping file for pillow: "Pillow-2.8.0.win32-py3.2.exe" (not a wheel or source distribution archive (expected one of `.whl`, `.tar.gz`, `.zip`, `.tar.bz2`, `.tar.lz`, `.tar.lzma`, `.tar.xz`, `.tar.zst`, `.tar`, `.tbz`, `.tgz`, `.tlz`, or `.txz`))
DEBUG Skipping file for pillow: "Pillow-2.8.0.win32-py3.3.exe" (not a wheel or source distribution archive (expected one of `.whl`, `.tar.gz`, `.zip`, `.tar.bz2`, `.tar.lz`, `.tar.lzma`, `.tar.xz`, `.tar.zst`, `.tar`, `.tbz`, `.tgz`, `.tlz`, or `.txz`))
DEBUG Skipping file for pillow: "Pillow-2.8.0.win32-py3.4.exe" (not a wheel or source distribution archive (expected one of `.whl`, `.tar.gz`, `.zip`, `.tar.bz2`, `.tar.lz`, `.tar.lzma`, `.tar.xz`, `.tar.zst`, `.tar`, `.tbz`, `.tgz`, `.tlz`, or `.txz`))
DEBUG Skipping file for pillow: "Pillow-2.8.1-py2.6-win-amd64.egg" (not a wheel or source distribution archive (expected one of `.whl`, `.tar.gz`, `.zip`, `.tar.bz2`, `.tar.lz`, `.tar.lzma`, `.tar.xz`, `.tar.zst`, `.tar`, `.tbz`, `.tgz`, `.tlz`, or `.txz`))
DEBUG Skipping file for pillow: "Pillow-2.8.1-py2.6-win32.egg" (not a wheel or source distribution archive (expected one of `.whl`, `.tar.gz`, `.zip`, `.tar.bz2`, `.tar.lz`, `.tar.lzma`, `.tar.xz`, `.tar.zst`, `.tar`, `.tbz`, `.tgz`, `.tlz`, or `.txz`))
DEBUG Skipping file for pillow: "Pillow-2.8.1-py2.7-win-amd64.egg" (not a wheel or source distribution archive (expected one of `.whl`, `.tar.gz`, `.zip`, `.tar.bz2`, `.tar.lz`, `.tar.lzma`, `.tar.xz`, `.tar.zst`, `.tar`, `.tbz`, `.tgz`, `.tlz`, or `.txz`))
DEBUG Skipping file for pillow: "Pillow-2.8.1-py2.7-win32.egg" (not a wheel or source distribution archive (expected one of `.whl`, `.tar.gz`, `.zip`, `.tar.bz2`, `.tar.lz`, `.tar.lzma`, `.tar.xz`, `.tar.zst`, `.tar`, `.tbz`, `.tgz`, `.tlz`, or `.txz`))
DEBUG Skipping file for pillow: "Pillow-2.8.1-py3.2-win-amd64.egg" (not a wheel or source distribution archive (expected one of `.whl`, `.tar.gz`, `.zip`, `.tar.bz2`, `.tar.lz`, `.tar.lzma`, `.tar.xz`, `.tar.zst`, `.tar`, `.tbz`, `.tgz`, `.tlz`, or `.txz`))
DEBUG Skipping file for pillow: "Pillow-2.8.1-py3.2-win32.egg" (not a wheel or source distribution archive (expected one of `.whl`, `.tar.gz`, `.zip`, `.tar.bz2`, `.tar.lz`, `.tar.lzma`, `.tar.xz`, `.tar.zst`, `.tar`, `.tbz`, `.tgz`, `.tlz`, or `.txz`))
DEBUG Skipping file for pillow: "Pillow-2.8.1-py3.3-win-amd64.egg" (not a wheel or source distribution archive (expected one of `.whl`, `.tar.gz`, `.zip`, `.tar.bz2`, `.tar.lz`, `.tar.lzma`, `.tar.xz`, `.tar.zst`, `.tar`, `.tbz`, `.tgz`, `.tlz`, or `.txz`))
DEBUG Skipping file for pillow: "Pillow-2.8.1-py3.3-win32.egg" (not a wheel or source distribution archive (expected one of `.whl`, `.tar.gz`, `.zip`, `.tar.bz2`, `.tar.lz`, `.tar.lzma`, `.tar.xz`, `.tar.zst`, `.tar`, `.tbz`, `.tgz`, `.tlz`, or `.txz`))
DEBUG Skipping file for pillow: "Pillow-2.8.1-py3.4-win-amd64.egg" (not a wheel or source distribution archive (expected one of `.whl`, `.tar.gz`, `.zip`, `.tar.bz2`, `.tar.lz`, `.tar.lzma`, `.tar.xz`, `.tar.zst`, `.tar`, `.tbz`, `.tgz`, `.tlz`, or `.txz`))
DEBUG Skipping file for pillow: "Pillow-2.8.1-py3.4-win32.egg" (not a wheel or source distribution archive (expected one of `.whl`, `.tar.gz`, `.zip`, `.tar.bz2`, `.tar.lz`, `.tar.lzma`, `.tar.xz`, `.tar.zst`, `.tar`, `.tbz`, `.tgz`, `.tlz`, or `.txz`))
DEBUG Skipping file for pillow: "Pillow-2.8.1.win-amd64-py2.6.exe" (not a wheel or source distribution archive (expected one of `.whl`, `.tar.gz`, `.zip`, `.tar.bz2`, `.tar.lz`, `.tar.lzma`, `.tar.xz`, `.tar.zst`, `.tar`, `.tbz`, `.tgz`, `.tlz`, or `.txz`))
DEBUG Skipping file for pillow: "Pillow-2.8.1.win-amd64-py2.7.exe" (not a wheel or source distribution archive (expected one of `.whl`, `.tar.gz`, `.zip`, `.tar.bz2`, `.tar.lz`, `.tar.lzma`, `.tar.xz`, `.tar.zst`, `.tar`, `.tbz`, `.tgz`, `.tlz`, or `.txz`))
DEBUG Skipping file for pillow: "Pillow-2.8.1.win-amd64-py3.2.exe" (not a wheel or source distribution archive (expected one of `.whl`, `.tar.gz`, `.zip`, `.tar.bz2`, `.tar.lz`, `.tar.lzma`, `.tar.xz`, `.tar.zst`, `.tar`, `.tbz`, `.tgz`, `.tlz`, or `.txz`))
DEBUG Skipping file for pillow: "Pillow-2.8.1.win-amd64-py3.3.exe" (not a wheel or source distribution archive (expected one of `.whl`, `.tar.gz`, `.zip`, `.tar.bz2`, `.tar.lz`, `.tar.lzma`, `.tar.xz`, `.tar.zst`, `.tar`, `.tbz`, `.tgz`, `.tlz`, or `.txz`))
DEBUG Skipping file for pillow: "Pillow-2.8.1.win-amd64-py3.4.exe" (not a wheel or source distribution archive (expected one of `.whl`, `.tar.gz`, `.zip`, `.tar.bz2`, `.tar.lz`, `.tar.lzma`, `.tar.xz`, `.tar.zst`, `.tar`, `.tbz`, `.tgz`, `.tlz`, or `.txz`))
DEBUG Skipping file for pillow: "Pillow-2.8.1.win32-py2.6.exe" (not a wheel or source distribution archive (expected one of `.whl`, `.tar.gz`, `.zip`, `.tar.bz2`, `.tar.lz`, `.tar.lzma`, `.tar.xz`, `.tar.zst`, `.tar`, `.tbz`, `.tgz`, `.tlz`, or `.txz`))
DEBUG Skipping file for pillow: "Pillow-2.8.1.win32-py2.7.exe" (not a wheel or source distribution archive (expected one of `.whl`, `.tar.gz`, `.zip`, `.tar.bz2`, `.tar.lz`, `.tar.lzma`, `.tar.xz`, `.tar.zst`, `.tar`, `.tbz`, `.tgz`, `.tlz`, or `.txz`))
DEBUG Skipping file for pillow: "Pillow-2.8.1.win32-py3.2.exe" (not a wheel or source distribution archive (expected one of `.whl`, `.tar.gz`, `.zip`, `.tar.bz2`, `.tar.lz`, `.tar.lzma`, `.tar.xz`, `.tar.zst`, `.tar`, `.tbz`, `.tgz`, `.tlz`, or `.txz`))
DEBUG Skipping file for pillow: "Pillow-2.8.1.win32-py3.3.exe" (not a wheel or source distribution archive (expected one of `.whl`, `.tar.gz`, `.zip`, `.tar.bz2`, `.tar.lz`, `.tar.lzma`, `.tar.xz`, `.tar.zst`, `.tar`, `.tbz`, `.tgz`, `.tlz`, or `.txz`))
DEBUG Skipping file for pillow: "Pillow-2.8.1.win32-py3.4.exe" (not a wheel or source distribution archive (expected one of `.whl`, `.tar.gz`, `.zip`, `.tar.bz2`, `.tar.lz`, `.tar.lzma`, `.tar.xz`, `.tar.zst`, `.tar`, `.tbz`, `.tgz`, `.tlz`, or `.txz`))
DEBUG Skipping file for pillow: "Pillow-2.8.2-py2.6-win-amd64.egg" (not a wheel or source distribution archive (expected one of `.whl`, `.tar.gz`, `.zip`, `.tar.bz2`, `.tar.lz`, `.tar.lzma`, `.tar.xz`, `.tar.zst`, `.tar`, `.tbz`, `.tgz`, `.tlz`, or `.txz`))
DEBUG Skipping file for pillow: "Pillow-2.8.2-py2.6-win32.egg" (not a wheel or source distribution archive (expected one of `.whl`, `.tar.gz`, `.zip`, `.tar.bz2`, `.tar.lz`, `.tar.lzma`, `.tar.xz`, `.tar.zst`, `.tar`, `.tbz`, `.tgz`, `.tlz`, or `.txz`))
DEBUG Skipping file for pillow: "Pillow-2.8.2-py2.7-win-amd64.egg" (not a wheel or source distribution archive (expected one of `.whl`, `.tar.gz`, `.zip`, `.tar.bz2`, `.tar.lz`, `.tar.lzma`, `.tar.xz`, `.tar.zst`, `.tar`, `.tbz`, `.tgz`, `.tlz`, or `.txz`))
DEBUG Skipping file for pillow: "Pillow-2.8.2-py2.7-win32.egg" (not a wheel or source distribution archive (expected one of `.whl`, `.tar.gz`, `.zip`, `.tar.bz2`, `.tar.lz`, `.tar.lzma`, `.tar.xz`, `.tar.zst`, `.tar`, `.tbz`, `.tgz`, `.tlz`, or `.txz`))
DEBUG Skipping file for pillow: "Pillow-2.8.2-py3.2-win-amd64.egg" (not a wheel or source distribution archive (expected one of `.whl`, `.tar.gz`, `.zip`, `.tar.bz2`, `.tar.lz`, `.tar.lzma`, `.tar.xz`, `.tar.zst`, `.tar`, `.tbz`, `.tgz`, `.tlz`, or `.txz`))
DEBUG Skipping file for pillow: "Pillow-2.8.2-py3.2-win32.egg" (not a wheel or source distribution archive (expected one of `.whl`, `.tar.gz`, `.zip`, `.tar.bz2`, `.tar.lz`, `.tar.lzma`, `.tar.xz`, `.tar.zst`, `.tar`, `.tbz`, `.tgz`, `.tlz`, or `.txz`))
DEBUG Skipping file for pillow: "Pillow-2.8.2-py3.3-win-amd64.egg" (not a wheel or source distribution archive (expected one of `.whl`, `.tar.gz`, `.zip`, `.tar.bz2`, `.tar.lz`, `.tar.lzma`, `.tar.xz`, `.tar.zst`, `.tar`, `.tbz`, `.tgz`, `.tlz`, or `.txz`))
DEBUG Skipping file for pillow: "Pillow-2.8.2-py3.3-win32.egg" (not a wheel or source distribution archive (expected one of `.whl`, `.tar.gz`, `.zip`, `.tar.bz2`, `.tar.lz`, `.tar.lzma`, `.tar.xz`, `.tar.zst`, `.tar`, `.tbz`, `.tgz`, `.tlz`, or `.txz`))
DEBUG Skipping file for pillow: "Pillow-2.8.2-py3.4-win-amd64.egg" (not a wheel or source distribution archive (expected one of `.whl`, `.tar.gz`, `.zip`, `.tar.bz2`, `.tar.lz`, `.tar.lzma`, `.tar.xz`, `.tar.zst`, `.tar`, `.tbz`, `.tgz`, `.tlz`, or `.txz`))
DEBUG Skipping file for pillow: "Pillow-2.8.2-py3.4-win32.egg" (not a wheel or source distribution archive (expected one of `.whl`, `.tar.gz`, `.zip`, `.tar.bz2`, `.tar.lz`, `.tar.lzma`, `.tar.xz`, `.tar.zst`, `.tar`, `.tbz`, `.tgz`, `.tlz`, or `.txz`))
DEBUG Skipping file for pillow: "Pillow-2.8.2.win-amd64-py2.6.exe" (not a wheel or source distribution archive (expected one of `.whl`, `.tar.gz`, `.zip`, `.tar.bz2`, `.tar.lz`, `.tar.lzma`, `.tar.xz`, `.tar.zst`, `.tar`, `.tbz`, `.tgz`, `.tlz`, or `.txz`))
DEBUG Skipping file for pillow: "Pillow-2.8.2.win-amd64-py2.7.exe" (not a wheel or source distribution archive (expected one of `.whl`, `.tar.gz`, `.zip`, `.tar.bz2`, `.tar.lz`, `.tar.lzma`, `.tar.xz`, `.tar.zst`, `.tar`, `.tbz`, `.tgz`, `.tlz`, or `.txz`))
DEBUG Skipping file for pillow: "Pillow-2.8.2.win-amd64-py3.2.exe" (not a wheel or source distribution archive (expected one of `.whl`, `.tar.gz`, `.zip`, `.tar.bz2`, `.tar.lz`, `.tar.lzma`, `.tar.xz`, `.tar.zst`, `.tar`, `.tbz`, `.tgz`, `.tlz`, or `.txz`))
DEBUG Skipping file for pillow: "Pillow-2.8.2.win-amd64-py3.3.exe" (not a wheel or source distribution archive (expected one of `.whl`, `.tar.gz`, `.zip`, `.tar.bz2`, `.tar.lz`, `.tar.lzma`, `.tar.xz`, `.tar.zst`, `.tar`, `.tbz`, `.tgz`, `.tlz`, or `.txz`))
DEBUG Skipping file for pillow: "Pillow-2.8.2.win-amd64-py3.4.exe" (not a wheel or source distribution archive (expected one of `.whl`, `.tar.gz`, `.zip`, `.tar.bz2`, `.tar.lz`, `.tar.lzma`, `.tar.xz`, `.tar.zst`, `.tar`, `.tbz`, `.tgz`, `.tlz`, or `.txz`))
DEBUG Skipping file for pillow: "Pillow-2.8.2.win32-py2.6.exe" (not a wheel or source distribution archive (expected one of `.whl`, `.tar.gz`, `.zip`, `.tar.bz2`, `.tar.lz`, `.tar.lzma`, `.tar.xz`, `.tar.zst`, `.tar`, `.tbz`, `.tgz`, `.tlz`, or `.txz`))
DEBUG Skipping file for pillow: "Pillow-2.8.2.win32-py2.7.exe" (not a wheel or source distribution archive (expected one of `.whl`, `.tar.gz`, `.zip`, `.tar.bz2`, `.tar.lz`, `.tar.lzma`, `.tar.xz`, `.tar.zst`, `.tar`, `.tbz`, `.tgz`, `.tlz`, or `.txz`))
DEBUG Skipping file for pillow: "Pillow-2.8.2.win32-py3.2.exe" (not a wheel or source distribution archive (expected one of `.whl`, `.tar.gz`, `.zip`, `.tar.bz2`, `.tar.lz`, `.tar.lzma`, `.tar.xz`, `.tar.zst`, `.tar`, `.tbz`, `.tgz`, `.tlz`, or `.txz`))
DEBUG Skipping file for pillow: "Pillow-2.8.2.win32-py3.3.exe" (not a wheel or source distribution archive (expected one of `.whl`, `.tar.gz`, `.zip`, `.tar.bz2`, `.tar.lz`, `.tar.lzma`, `.tar.xz`, `.tar.zst`, `.tar`, `.tbz`, `.tgz`, `.tlz`, or `.txz`))
DEBUG Skipping file for pillow: "Pillow-2.8.2.win32-py3.4.exe" (not a wheel or source distribution archive (expected one of `.whl`, `.tar.gz`, `.zip`, `.tar.bz2`, `.tar.lz`, `.tar.lzma`, `.tar.xz`, `.tar.zst`, `.tar`, `.tbz`, `.tgz`, `.tlz`, or `.txz`))
DEBUG Skipping file for pillow: "Pillow-2.9.0-py2.6-win-amd64.egg" (not a wheel or source distribution archive (expected one of `.whl`, `.tar.gz`, `.zip`, `.tar.bz2`, `.tar.lz`, `.tar.lzma`, `.tar.xz`, `.tar.zst`, `.tar`, `.tbz`, `.tgz`, `.tlz`, or `.txz`))
DEBUG Skipping file for pillow: "Pillow-2.9.0-py2.6-win32.egg" (not a wheel or source distribution archive (expected one of `.whl`, `.tar.gz`, `.zip`, `.tar.bz2`, `.tar.lz`, `.tar.lzma`, `.tar.xz`, `.tar.zst`, `.tar`, `.tbz`, `.tgz`, `.tlz`, or `.txz`))
DEBUG Skipping file for pillow: "Pillow-2.9.0-py2.7-win-amd64.egg" (not a wheel or source distribution archive (expected one of `.whl`, `.tar.gz`, `.zip`, `.tar.bz2`, `.tar.lz`, `.tar.lzma`, `.tar.xz`, `.tar.zst`, `.tar`, `.tbz`, `.tgz`, `.tlz`, or `.txz`))
DEBUG Skipping file for pillow: "Pillow-2.9.0-py2.7-win32.egg" (not a wheel or source distribution archive (expected one of `.whl`, `.tar.gz`, `.zip`, `.tar.bz2`, `.tar.lz`, `.tar.lzma`, `.tar.xz`, `.tar.zst`, `.tar`, `.tbz`, `.tgz`, `.tlz`, or `.txz`))
DEBUG Skipping file for pillow: "Pillow-2.9.0-py3.2-win-amd64.egg" (not a wheel or source distribution archive (expected one of `.whl`, `.tar.gz`, `.zip`, `.tar.bz2`, `.tar.lz`, `.tar.lzma`, `.tar.xz`, `.tar.zst`, `.tar`, `.tbz`, `.tgz`, `.tlz`, or `.txz`))
DEBUG Skipping file for pillow: "Pillow-2.9.0-py3.2-win32.egg" (not a wheel or source distribution archive (expected one of `.whl`, `.tar.gz`, `.zip`, `.tar.bz2`, `.tar.lz`, `.tar.lzma`, `.tar.xz`, `.tar.zst`, `.tar`, `.tbz`, `.tgz`, `.tlz`, or `.txz`))
DEBUG Skipping file for pillow: "Pillow-2.9.0-py3.3-win-amd64.egg" (not a wheel or source distribution archive (expected one of `.whl`, `.tar.gz`, `.zip`, `.tar.bz2`, `.tar.lz`, `.tar.lzma`, `.tar.xz`, `.tar.zst`, `.tar`, `.tbz`, `.tgz`, `.tlz`, or `.txz`))
DEBUG Skipping file for pillow: "Pillow-2.9.0-py3.3-win32.egg" (not a wheel or source distribution archive (expected one of `.whl`, `.tar.gz`, `.zip`, `.tar.bz2`, `.tar.lz`, `.tar.lzma`, `.tar.xz`, `.tar.zst`, `.tar`, `.tbz`, `.tgz`, `.tlz`, or `.txz`))
DEBUG Skipping file for pillow: "Pillow-2.9.0-py3.4-win-amd64.egg" (not a wheel or source distribution archive (expected one of `.whl`, `.tar.gz`, `.zip`, `.tar.bz2`, `.tar.lz`, `.tar.lzma`, `.tar.xz`, `.tar.zst`, `.tar`, `.tbz`, `.tgz`, `.tlz`, or `.txz`))
DEBUG Skipping file for pillow: "Pillow-2.9.0-py3.4-win32.egg" (not a wheel or source distribution archive (expected one of `.whl`, `.tar.gz`, `.zip`, `.tar.bz2`, `.tar.lz`, `.tar.lzma`, `.tar.xz`, `.tar.zst`, `.tar`, `.tbz`, `.tgz`, `.tlz`, or `.txz`))
DEBUG Skipping file for pillow: "Pillow-2.9.0.win-amd64-py2.6.exe" (not a wheel or source distribution archive (expected one of `.whl`, `.tar.gz`, `.zip`, `.tar.bz2`, `.tar.lz`, `.tar.lzma`, `.tar.xz`, `.tar.zst`, `.tar`, `.tbz`, `.tgz`, `.tlz`, or `.txz`))
DEBUG Skipping file for pillow: "Pillow-2.9.0.win-amd64-py2.7.exe" (not a wheel or source distribution archive (expected one of `.whl`, `.tar.gz`, `.zip`, `.tar.bz2`, `.tar.lz`, `.tar.lzma`, `.tar.xz`, `.tar.zst`, `.tar`, `.tbz`, `.tgz`, `.tlz`, or `.txz`))
DEBUG Skipping file for pillow: "Pillow-2.9.0.win-amd64-py3.2.exe" (not a wheel or source distribution archive (expected one of `.whl`, `.tar.gz`, `.zip`, `.tar.bz2`, `.tar.lz`, `.tar.lzma`, `.tar.xz`, `.tar.zst`, `.tar`, `.tbz`, `.tgz`, `.tlz`, or `.txz`))
DEBUG Skipping file for pillow: "Pillow-2.9.0.win-amd64-py3.3.exe" (not a wheel or source distribution archive (expected one of `.whl`, `.tar.gz`, `.zip`, `.tar.bz2`, `.tar.lz`, `.tar.lzma`, `.tar.xz`, `.tar.zst`, `.tar`, `.tbz`, `.tgz`, `.tlz`, or `.txz`))
DEBUG Skipping file for pillow: "Pillow-2.9.0.win-amd64-py3.4.exe" (not a wheel or source distribution archive (expected one of `.whl`, `.tar.gz`, `.zip`, `.tar.bz2`, `.tar.lz`, `.tar.lzma`, `.tar.xz`, `.tar.zst`, `.tar`, `.tbz`, `.tgz`, `.tlz`, or `.txz`))
DEBUG Skipping file for pillow: "Pillow-2.9.0.win32-py2.6.exe" (not a wheel or source distribution archive (expected one of `.whl`, `.tar.gz`, `.zip`, `.tar.bz2`, `.tar.lz`, `.tar.lzma`, `.tar.xz`, `.tar.zst`, `.tar`, `.tbz`, `.tgz`, `.tlz`, or `.txz`))
DEBUG Skipping file for pillow: "Pillow-2.9.0.win32-py2.7.exe" (not a wheel or source distribution archive (expected one of `.whl`, `.tar.gz`, `.zip`, `.tar.bz2`, `.tar.lz`, `.tar.lzma`, `.tar.xz`, `.tar.zst`, `.tar`, `.tbz`, `.tgz`, `.tlz`, or `.txz`))
DEBUG Skipping file for pillow: "Pillow-2.9.0.win32-py3.2.exe" (not a wheel or source distribution archive (expected one of `.whl`, `.tar.gz`, `.zip`, `.tar.bz2`, `.tar.lz`, `.tar.lzma`, `.tar.xz`, `.tar.zst`, `.tar`, `.tbz`, `.tgz`, `.tlz`, or `.txz`))
DEBUG Skipping file for pillow: "Pillow-2.9.0.win32-py3.3.exe" (not a wheel or source distribution archive (expected one of `.whl`, `.tar.gz`, `.zip`, `.tar.bz2`, `.tar.lz`, `.tar.lzma`, `.tar.xz`, `.tar.zst`, `.tar`, `.tbz`, `.tgz`, `.tlz`, or `.txz`))
DEBUG Skipping file for pillow: "Pillow-2.9.0.win32-py3.4.exe" (not a wheel or source distribution archive (expected one of `.whl`, `.tar.gz`, `.zip`, `.tar.bz2`, `.tar.lz`, `.tar.lzma`, `.tar.xz`, `.tar.zst`, `.tar`, `.tbz`, `.tgz`, `.tlz`, or `.txz`))
DEBUG Skipping file for pillow: "Pillow-3.0.0-py2.6-win-amd64.egg" (not a wheel or source distribution archive (expected one of `.whl`, `.tar.gz`, `.zip`, `.tar.bz2`, `.tar.lz`, `.tar.lzma`, `.tar.xz`, `.tar.zst`, `.tar`, `.tbz`, `.tgz`, `.tlz`, or `.txz`))
DEBUG Skipping file for pillow: "Pillow-3.0.0-py2.6-win32.egg" (not a wheel or source distribution archive (expected one of `.whl`, `.tar.gz`, `.zip`, `.tar.bz2`, `.tar.lz`, `.tar.lzma`, `.tar.xz`, `.tar.zst`, `.tar`, `.tbz`, `.tgz`, `.tlz`, or `.txz`))
DEBUG Skipping file for pillow: "Pillow-3.0.0-py2.7-win-amd64.egg" (not a wheel or source distribution archive (expected one of `.whl`, `.tar.gz`, `.zip`, `.tar.bz2`, `.tar.lz`, `.tar.lzma`, `.tar.xz`, `.tar.zst`, `.tar`, `.tbz`, `.tgz`, `.tlz`, or `.txz`))
DEBUG Skipping file for pillow: "Pillow-3.0.0-py2.7-win32.egg" (not a wheel or source distribution archive (expected one of `.whl`, `.tar.gz`, `.zip`, `.tar.bz2`, `.tar.lz`, `.tar.lzma`, `.tar.xz`, `.tar.zst`, `.tar`, `.tbz`, `.tgz`, `.tlz`, or `.txz`))
DEBUG Skipping file for pillow: "Pillow-3.0.0-py3.2-win-amd64.egg" (not a wheel or source distribution archive (expected one of `.whl`, `.tar.gz`, `.zip`, `.tar.bz2`, `.tar.lz`, `.tar.lzma`, `.tar.xz`, `.tar.zst`, `.tar`, `.tbz`, `.tgz`, `.tlz`, or `.txz`))
DEBUG Skipping file for pillow: "Pillow-3.0.0-py3.2-win32.egg" (not a wheel or source distribution archive (expected one of `.whl`, `.tar.gz`, `.zip`, `.tar.bz2`, `.tar.lz`, `.tar.lzma`, `.tar.xz`, `.tar.zst`, `.tar`, `.tbz`, `.tgz`, `.tlz`, or `.txz`))
DEBUG Skipping file for pillow: "Pillow-3.0.0-py3.3-win-amd64.egg" (not a wheel or source distribution archive (expected one of `.whl`, `.tar.gz`, `.zip`, `.tar.bz2`, `.tar.lz`, `.tar.lzma`, `.tar.xz`, `.tar.zst`, `.tar`, `.tbz`, `.tgz`, `.tlz`, or `.txz`))
DEBUG Skipping file for pillow: "Pillow-3.0.0-py3.3-win32.egg" (not a wheel or source distribution archive (expected one of `.whl`, `.tar.gz`, `.zip`, `.tar.bz2`, `.tar.lz`, `.tar.lzma`, `.tar.xz`, `.tar.zst`, `.tar`, `.tbz`, `.tgz`, `.tlz`, or `.txz`))
DEBUG Skipping file for pillow: "Pillow-3.0.0-py3.4-win-amd64.egg" (not a wheel or source distribution archive (expected one of `.whl`, `.tar.gz`, `.zip`, `.tar.bz2`, `.tar.lz`, `.tar.lzma`, `.tar.xz`, `.tar.zst`, `.tar`, `.tbz`, `.tgz`, `.tlz`, or `.txz`))
DEBUG Skipping file for pillow: "Pillow-3.0.0-py3.4-win32.egg" (not a wheel or source distribution archive (expected one of `.whl`, `.tar.gz`, `.zip`, `.tar.bz2`, `.tar.lz`, `.tar.lzma`, `.tar.xz`, `.tar.zst`, `.tar`, `.tbz`, `.tgz`, `.tlz`, or `.txz`))
DEBUG Skipping file for pillow: "Pillow-3.0.0-py3.5-win-amd64.egg" (not a wheel or source distribution archive (expected one of `.whl`, `.tar.gz`, `.zip`, `.tar.bz2`, `.tar.lz`, `.tar.lzma`, `.tar.xz`, `.tar.zst`, `.tar`, `.tbz`, `.tgz`, `.tlz`, or `.txz`))
DEBUG Skipping file for pillow: "Pillow-3.0.0-py3.5-win32.egg" (not a wheel or source distribution archive (expected one of `.whl`, `.tar.gz`, `.zip`, `.tar.bz2`, `.tar.lz`, `.tar.lzma`, `.tar.xz`, `.tar.zst`, `.tar`, `.tbz`, `.tgz`, `.tlz`, or `.txz`))
DEBUG Skipping file for pillow: "Pillow-3.0.0.win-amd64-py2.6.exe" (not a wheel or source distribution archive (expected one of `.whl`, `.tar.gz`, `.zip`, `.tar.bz2`, `.tar.lz`, `.tar.lzma`, `.tar.xz`, `.tar.zst`, `.tar`, `.tbz`, `.tgz`, `.tlz`, or `.txz`))
DEBUG Skipping file for pillow: "Pillow-3.0.0.win-amd64-py2.7.exe" (not a wheel or source distribution archive (expected one of `.whl`, `.tar.gz`, `.zip`, `.tar.bz2`, `.tar.lz`, `.tar.lzma`, `.tar.xz`, `.tar.zst`, `.tar`, `.tbz`, `.tgz`, `.tlz`, or `.txz`))
DEBUG Skipping file for pillow: "Pillow-3.0.0.win-amd64-py3.2.exe" (not a wheel or source distribution archive (expected one of `.whl`, `.tar.gz`, `.zip`, `.tar.bz2`, `.tar.lz`, `.tar.lzma`, `.tar.xz`, `.tar.zst`, `.tar`, `.tbz`, `.tgz`, `.tlz`, or `.txz`))
DEBUG Skipping file for pillow: "Pillow-3.0.0.win-amd64-py3.3.exe" (not a wheel or source distribution archive (expected one of `.whl`, `.tar.gz`, `.zip`, `.tar.bz2`, `.tar.lz`, `.tar.lzma`, `.tar.xz`, `.tar.zst`, `.tar`, `.tbz`, `.tgz`, `.tlz`, or `.txz`))
DEBUG Skipping file for pillow: "Pillow-3.0.0.win-amd64-py3.4.exe" (not a wheel or source distribution archive (expected one of `.whl`, `.tar.gz`, `.zip`, `.tar.bz2`, `.tar.lz`, `.tar.lzma`, `.tar.xz`, `.tar.zst`, `.tar`, `.tbz`, `.tgz`, `.tlz`, or `.txz`))
DEBUG Skipping file for pillow: "Pillow-3.0.0.win-amd64-py3.5.exe" (not a wheel or source distribution archive (expected one of `.whl`, `.tar.gz`, `.zip`, `.tar.bz2`, `.tar.lz`, `.tar.lzma`, `.tar.xz`, `.tar.zst`, `.tar`, `.tbz`, `.tgz`, `.tlz`, or `.txz`))
DEBUG Skipping file for pillow: "Pillow-3.0.0.win32-py2.6.exe" (not a wheel or source distribution archive (expected one of `.whl`, `.tar.gz`, `.zip`, `.tar.bz2`, `.tar.lz`, `.tar.lzma`, `.tar.xz`, `.tar.zst`, `.tar`, `.tbz`, `.tgz`, `.tlz`, or `.txz`))
DEBUG Skipping file for pillow: "Pillow-3.0.0.win32-py2.7.exe" (not a wheel or source distribution archive (expected one of `.whl`, `.tar.gz`, `.zip`, `.tar.bz2`, `.tar.lz`, `.tar.lzma`, `.tar.xz`, `.tar.zst`, `.tar`, `.tbz`, `.tgz`, `.tlz`, or `.txz`))
DEBUG Skipping file for pillow: "Pillow-3.0.0.win32-py3.2.exe" (not a wheel or source distribution archive (expected one of `.whl`, `.tar.gz`, `.zip`, `.tar.bz2`, `.tar.lz`, `.tar.lzma`, `.tar.xz`, `.tar.zst`, `.tar`, `.tbz`, `.tgz`, `.tlz`, or `.txz`))
DEBUG Skipping file for pillow: "Pillow-3.0.0.win32-py3.3.exe" (not a wheel or source distribution archive (expected one of `.whl`, `.tar.gz`, `.zip`, `.tar.bz2`, `.tar.lz`, `.tar.lzma`, `.tar.xz`, `.tar.zst`, `.tar`, `.tbz`, `.tgz`, `.tlz`, or `.txz`))
DEBUG Skipping file for pillow: "Pillow-3.0.0.win32-py3.4.exe" (not a wheel or source distribution archive (expected one of `.whl`, `.tar.gz`, `.zip`, `.tar.bz2`, `.tar.lz`, `.tar.lzma`, `.tar.xz`, `.tar.zst`, `.tar`, `.tbz`, `.tgz`, `.tlz`, or `.txz`))
DEBUG Skipping file for pillow: "Pillow-3.0.0.win32-py3.5.exe" (not a wheel or source distribution archive (expected one of `.whl`, `.tar.gz`, `.zip`, `.tar.bz2`, `.tar.lz`, `.tar.lzma`, `.tar.xz`, `.tar.zst`, `.tar`, `.tbz`, `.tgz`, `.tlz`, or `.txz`))
DEBUG Skipping file for pillow: "Pillow-3.1.0-py2.6-win-amd64.egg" (not a wheel or source distribution archive (expected one of `.whl`, `.tar.gz`, `.zip`, `.tar.bz2`, `.tar.lz`, `.tar.lzma`, `.tar.xz`, `.tar.zst`, `.tar`, `.tbz`, `.tgz`, `.tlz`, or `.txz`))
DEBUG Skipping file for pillow: "Pillow-3.1.0-py2.6-win32.egg" (not a wheel or source distribution archive (expected one of `.whl`, `.tar.gz`, `.zip`, `.tar.bz2`, `.tar.lz`, `.tar.lzma`, `.tar.xz`, `.tar.zst`, `.tar`, `.tbz`, `.tgz`, `.tlz`, or `.txz`))
DEBUG Skipping file for pillow: "Pillow-3.1.0-py2.7-win-amd64.egg" (not a wheel or source distribution archive (expected one of `.whl`, `.tar.gz`, `.zip`, `.tar.bz2`, `.tar.lz`, `.tar.lzma`, `.tar.xz`, `.tar.zst`, `.tar`, `.tbz`, `.tgz`, `.tlz`, or `.txz`))
DEBUG Skipping file for pillow: "Pillow-3.1.0-py2.7-win32.egg" (not a wheel or source distribution archive (expected one of `.whl`, `.tar.gz`, `.zip`, `.tar.bz2`, `.tar.lz`, `.tar.lzma`, `.tar.xz`, `.tar.zst`, `.tar`, `.tbz`, `.tgz`, `.tlz`, or `.txz`))
DEBUG Skipping file for pillow: "Pillow-3.1.0-py3.2-win-amd64.egg" (not a wheel or source distribution archive (expected one of `.whl`, `.tar.gz`, `.zip`, `.tar.bz2`, `.tar.lz`, `.tar.lzma`, `.tar.xz`, `.tar.zst`, `.tar`, `.tbz`, `.tgz`, `.tlz`, or `.txz`))
DEBUG Skipping file for pillow: "Pillow-3.1.0-py3.2-win32.egg" (not a wheel or source distribution archive (expected one of `.whl`, `.tar.gz`, `.zip`, `.tar.bz2`, `.tar.lz`, `.tar.lzma`, `.tar.xz`, `.tar.zst`, `.tar`, `.tbz`, `.tgz`, `.tlz`, or `.txz`))
DEBUG Skipping file for pillow: "Pillow-3.1.0-py3.3-win-amd64.egg" (not a wheel or source distribution archive (expected one of `.whl`, `.tar.gz`, `.zip`, `.tar.bz2`, `.tar.lz`, `.tar.lzma`, `.tar.xz`, `.tar.zst`, `.tar`, `.tbz`, `.tgz`, `.tlz`, or `.txz`))
DEBUG Skipping file for pillow: "Pillow-3.1.0-py3.3-win32.egg" (not a wheel or source distribution archive (expected one of `.whl`, `.tar.gz`, `.zip`, `.tar.bz2`, `.tar.lz`, `.tar.lzma`, `.tar.xz`, `.tar.zst`, `.tar`, `.tbz`, `.tgz`, `.tlz`, or `.txz`))
DEBUG Skipping file for pillow: "Pillow-3.1.0-py3.4-win-amd64.egg" (not a wheel or source distribution archive (expected one of `.whl`, `.tar.gz`, `.zip`, `.tar.bz2`, `.tar.lz`, `.tar.lzma`, `.tar.xz`, `.tar.zst`, `.tar`, `.tbz`, `.tgz`, `.tlz`, or `.txz`))
DEBUG Skipping file for pillow: "Pillow-3.1.0-py3.4-win32.egg" (not a wheel or source distribution archive (expected one of `.whl`, `.tar.gz`, `.zip`, `.tar.bz2`, `.tar.lz`, `.tar.lzma`, `.tar.xz`, `.tar.zst`, `.tar`, `.tbz`, `.tgz`, `.tlz`, or `.txz`))
DEBUG Skipping file for pillow: "Pillow-3.1.0-py3.5-win-amd64.egg" (not a wheel or source distribution archive (expected one of `.whl`, `.tar.gz`, `.zip`, `.tar.bz2`, `.tar.lz`, `.tar.lzma`, `.tar.xz`, `.tar.zst`, `.tar`, `.tbz`, `.tgz`, `.tlz`, or `.txz`))
DEBUG Skipping file for pillow: "Pillow-3.1.0-py3.5-win32.egg" (not a wheel or source distribution archive (expected one of `.whl`, `.tar.gz`, `.zip`, `.tar.bz2`, `.tar.lz`, `.tar.lzma`, `.tar.xz`, `.tar.zst`, `.tar`, `.tbz`, `.tgz`, `.tlz`, or `.txz`))
DEBUG Skipping file for pillow: "Pillow-3.1.0.win-amd64-py2.6.exe" (not a wheel or source distribution archive (expected one of `.whl`, `.tar.gz`, `.zip`, `.tar.bz2`, `.tar.lz`, `.tar.lzma`, `.tar.xz`, `.tar.zst`, `.tar`, `.tbz`, `.tgz`, `.tlz`, or `.txz`))
DEBUG Skipping file for pillow: "Pillow-3.1.0.win-amd64-py2.7.exe" (not a wheel or source distribution archive (expected one of `.whl`, `.tar.gz`, `.zip`, `.tar.bz2`, `.tar.lz`, `.tar.lzma`, `.tar.xz`, `.tar.zst`, `.tar`, `.tbz`, `.tgz`, `.tlz`, or `.txz`))
DEBUG Skipping file for pillow: "Pillow-3.1.0.win-amd64-py3.2.exe" (not a wheel or source distribution archive (expected one of `.whl`, `.tar.gz`, `.zip`, `.tar.bz2`, `.tar.lz`, `.tar.lzma`, `.tar.xz`, `.tar.zst`, `.tar`, `.tbz`, `.tgz`, `.tlz`, or `.txz`))
DEBUG Skipping file for pillow: "Pillow-3.1.0.win-amd64-py3.3.exe" (not a wheel or source distribution archive (expected one of `.whl`, `.tar.gz`, `.zip`, `.tar.bz2`, `.tar.lz`, `.tar.lzma`, `.tar.xz`, `.tar.zst`, `.tar`, `.tbz`, `.tgz`, `.tlz`, or `.txz`))
DEBUG Skipping file for pillow: "Pillow-3.1.0.win-amd64-py3.4.exe" (not a wheel or source distribution archive (expected one of `.whl`, `.tar.gz`, `.zip`, `.tar.bz2`, `.tar.lz`, `.tar.lzma`, `.tar.xz`, `.tar.zst`, `.tar`, `.tbz`, `.tgz`, `.tlz`, or `.txz`))
DEBUG Skipping file for pillow: "Pillow-3.1.0.win-amd64-py3.5.exe" (not a wheel or source distribution archive (expected one of `.whl`, `.tar.gz`, `.zip`, `.tar.bz2`, `.tar.lz`, `.tar.lzma`, `.tar.xz`, `.tar.zst`, `.tar`, `.tbz`, `.tgz`, `.tlz`, or `.txz`))
DEBUG Skipping file for pillow: "Pillow-3.1.0.win32-py2.6.exe" (not a wheel or source distribution archive (expected one of `.whl`, `.tar.gz`, `.zip`, `.tar.bz2`, `.tar.lz`, `.tar.lzma`, `.tar.xz`, `.tar.zst`, `.tar`, `.tbz`, `.tgz`, `.tlz`, or `.txz`))
DEBUG Skipping file for pillow: "Pillow-3.1.0.win32-py2.7.exe" (not a wheel or source distribution archive (expected one of `.whl`, `.tar.gz`, `.zip`, `.tar.bz2`, `.tar.lz`, `.tar.lzma`, `.tar.xz`, `.tar.zst`, `.tar`, `.tbz`, `.tgz`, `.tlz`, or `.txz`))
DEBUG Skipping file for pillow: "Pillow-3.1.0.win32-py3.2.exe" (not a wheel or source distribution archive (expected one of `.whl`, `.tar.gz`, `.zip`, `.tar.bz2`, `.tar.lz`, `.tar.lzma`, `.tar.xz`, `.tar.zst`, `.tar`, `.tbz`, `.tgz`, `.tlz`, or `.txz`))
DEBUG Skipping file for pillow: "Pillow-3.1.0.win32-py3.3.exe" (not a wheel or source distribution archive (expected one of `.whl`, `.tar.gz`, `.zip`, `.tar.bz2`, `.tar.lz`, `.tar.lzma`, `.tar.xz`, `.tar.zst`, `.tar`, `.tbz`, `.tgz`, `.tlz`, or `.txz`))
DEBUG Skipping file for pillow: "Pillow-3.1.0.win32-py3.4.exe" (not a wheel or source distribution archive (expected one of `.whl`, `.tar.gz`, `.zip`, `.tar.bz2`, `.tar.lz`, `.tar.lzma`, `.tar.xz`, `.tar.zst`, `.tar`, `.tbz`, `.tgz`, `.tlz`, or `.txz`))
DEBUG Skipping file for pillow: "Pillow-3.1.0.win32-py3.5.exe" (not a wheel or source distribution archive (expected one of `.whl`, `.tar.gz`, `.zip`, `.tar.bz2`, `.tar.lz`, `.tar.lzma`, `.tar.xz`, `.tar.zst`, `.tar`, `.tbz`, `.tgz`, `.tlz`, or `.txz`))
DEBUG Skipping file for pillow: "Pillow-3.1.1-py2.6-win-amd64.egg" (not a wheel or source distribution archive (expected one of `.whl`, `.tar.gz`, `.zip`, `.tar.bz2`, `.tar.lz`, `.tar.lzma`, `.tar.xz`, `.tar.zst`, `.tar`, `.tbz`, `.tgz`, `.tlz`, or `.txz`))
DEBUG Skipping file for pillow: "Pillow-3.1.1-py2.6-win32.egg" (not a wheel or source distribution archive (expected one of `.whl`, `.tar.gz`, `.zip`, `.tar.bz2`, `.tar.lz`, `.tar.lzma`, `.tar.xz`, `.tar.zst`, `.tar`, `.tbz`, `.tgz`, `.tlz`, or `.txz`))
DEBUG Skipping file for pillow: "Pillow-3.1.1-py2.7-win-amd64.egg" (not a wheel or source distribution archive (expected one of `.whl`, `.tar.gz`, `.zip`, `.tar.bz2`, `.tar.lz`, `.tar.lzma`, `.tar.xz`, `.tar.zst`, `.tar`, `.tbz`, `.tgz`, `.tlz`, or `.txz`))
DEBUG Skipping file for pillow: "Pillow-3.1.1-py2.7-win32.egg" (not a wheel or source distribution archive (expected one of `.whl`, `.tar.gz`, `.zip`, `.tar.bz2`, `.tar.lz`, `.tar.lzma`, `.tar.xz`, `.tar.zst`, `.tar`, `.tbz`, `.tgz`, `.tlz`, or `.txz`))
DEBUG Skipping file for pillow: "Pillow-3.1.1-py3.2-win-amd64.egg" (not a wheel or source distribution archive (expected one of `.whl`, `.tar.gz`, `.zip`, `.tar.bz2`, `.tar.lz`, `.tar.lzma`, `.tar.xz`, `.tar.zst`, `.tar`, `.tbz`, `.tgz`, `.tlz`, or `.txz`))
DEBUG Skipping file for pillow: "Pillow-3.1.1-py3.2-win32.egg" (not a wheel or source distribution archive (expected one of `.whl`, `.tar.gz`, `.zip`, `.tar.bz2`, `.tar.lz`, `.tar.lzma`, `.tar.xz`, `.tar.zst`, `.tar`, `.tbz`, `.tgz`, `.tlz`, or `.txz`))
DEBUG Skipping file for pillow: "Pillow-3.1.1-py3.3-win-amd64.egg" (not a wheel or source distribution archive (expected one of `.whl`, `.tar.gz`, `.zip`, `.tar.bz2`, `.tar.lz`, `.tar.lzma`, `.tar.xz`, `.tar.zst`, `.tar`, `.tbz`, `.tgz`, `.tlz`, or `.txz`))
DEBUG Skipping file for pillow: "Pillow-3.1.1-py3.3-win32.egg" (not a wheel or source distribution archive (expected one of `.whl`, `.tar.gz`, `.zip`, `.tar.bz2`, `.tar.lz`, `.tar.lzma`, `.tar.xz`, `.tar.zst`, `.tar`, `.tbz`, `.tgz`, `.tlz`, or `.txz`))
DEBUG Skipping file for pillow: "Pillow-3.1.1-py3.4-win-amd64.egg" (not a wheel or source distribution archive (expected one of `.whl`, `.tar.gz`, `.zip`, `.tar.bz2`, `.tar.lz`, `.tar.lzma`, `.tar.xz`, `.tar.zst`, `.tar`, `.tbz`, `.tgz`, `.tlz`, or `.txz`))
DEBUG Skipping file for pillow: "Pillow-3.1.1-py3.4-win32.egg" (not a wheel or source distribution archive (expected one of `.whl`, `.tar.gz`, `.zip`, `.tar.bz2`, `.tar.lz`, `.tar.lzma`, `.tar.xz`, `.tar.zst`, `.tar`, `.tbz`, `.tgz`, `.tlz`, or `.txz`))
DEBUG Skipping file for pillow: "Pillow-3.1.1-py3.5-win-amd64.egg" (not a wheel or source distribution archive (expected one of `.whl`, `.tar.gz`, `.zip`, `.tar.bz2`, `.tar.lz`, `.tar.lzma`, `.tar.xz`, `.tar.zst`, `.tar`, `.tbz`, `.tgz`, `.tlz`, or `.txz`))
DEBUG Skipping file for pillow: "Pillow-3.1.1-py3.5-win32.egg" (not a wheel or source distribution archive (expected one of `.whl`, `.tar.gz`, `.zip`, `.tar.bz2`, `.tar.lz`, `.tar.lzma`, `.tar.xz`, `.tar.zst`, `.tar`, `.tbz`, `.tgz`, `.tlz`, or `.txz`))
DEBUG Skipping file for pillow: "Pillow-3.1.1.win-amd64-py2.6.exe" (not a wheel or source distribution archive (expected one of `.whl`, `.tar.gz`, `.zip`, `.tar.bz2`, `.tar.lz`, `.tar.lzma`, `.tar.xz`, `.tar.zst`, `.tar`, `.tbz`, `.tgz`, `.tlz`, or `.txz`))
DEBUG Skipping file for pillow: "Pillow-3.1.1.win-amd64-py2.7.exe" (not a wheel or source distribution archive (expected one of `.whl`, `.tar.gz`, `.zip`, `.tar.bz2`, `.tar.lz`, `.tar.lzma`, `.tar.xz`, `.tar.zst`, `.tar`, `.tbz`, `.tgz`, `.tlz`, or `.txz`))
DEBUG Skipping file for pillow: "Pillow-3.1.1.win-amd64-py3.2.exe" (not a wheel or source distribution archive (expected one of `.whl`, `.tar.gz`, `.zip`, `.tar.bz2`, `.tar.lz`, `.tar.lzma`, `.tar.xz`, `.tar.zst`, `.tar`, `.tbz`, `.tgz`, `.tlz`, or `.txz`))
DEBUG Skipping file for pillow: "Pillow-3.1.1.win-amd64-py3.3.exe" (not a wheel or source distribution archive (expected one of `.whl`, `.tar.gz`, `.zip`, `.tar.bz2`, `.tar.lz`, `.tar.lzma`, `.tar.xz`, `.tar.zst`, `.tar`, `.tbz`, `.tgz`, `.tlz`, or `.txz`))
DEBUG Skipping file for pillow: "Pillow-3.1.1.win-amd64-py3.4.exe" (not a wheel or source distribution archive (expected one of `.whl`, `.tar.gz`, `.zip`, `.tar.bz2`, `.tar.lz`, `.tar.lzma`, `.tar.xz`, `.tar.zst`, `.tar`, `.tbz`, `.tgz`, `.tlz`, or `.txz`))
DEBUG Skipping file for pillow: "Pillow-3.1.1.win-amd64-py3.5.exe" (not a wheel or source distribution archive (expected one of `.whl`, `.tar.gz`, `.zip`, `.tar.bz2`, `.tar.lz`, `.tar.lzma`, `.tar.xz`, `.tar.zst`, `.tar`, `.tbz`, `.tgz`, `.tlz`, or `.txz`))
DEBUG Skipping file for pillow: "Pillow-3.1.1.win32-py2.6.exe" (not a wheel or source distribution archive (expected one of `.whl`, `.tar.gz`, `.zip`, `.tar.bz2`, `.tar.lz`, `.tar.lzma`, `.tar.xz`, `.tar.zst`, `.tar`, `.tbz`, `.tgz`, `.tlz`, or `.txz`))
DEBUG Skipping file for pillow: "Pillow-3.1.1.win32-py2.7.exe" (not a wheel or source distribution archive (expected one of `.whl`, `.tar.gz`, `.zip`, `.tar.bz2`, `.tar.lz`, `.tar.lzma`, `.tar.xz`, `.tar.zst`, `.tar`, `.tbz`, `.tgz`, `.tlz`, or `.txz`))
DEBUG Skipping file for pillow: "Pillow-3.1.1.win32-py3.2.exe" (not a wheel or source distribution archive (expected one of `.whl`, `.tar.gz`, `.zip`, `.tar.bz2`, `.tar.lz`, `.tar.lzma`, `.tar.xz`, `.tar.zst`, `.tar`, `.tbz`, `.tgz`, `.tlz`, or `.txz`))
DEBUG Skipping file for pillow: "Pillow-3.1.1.win32-py3.3.exe" (not a wheel or source distribution archive (expected one of `.whl`, `.tar.gz`, `.zip`, `.tar.bz2`, `.tar.lz`, `.tar.lzma`, `.tar.xz`, `.tar.zst`, `.tar`, `.tbz`, `.tgz`, `.tlz`, or `.txz`))
DEBUG Skipping file for pillow: "Pillow-3.1.1.win32-py3.4.exe" (not a wheel or source distribution archive (expected one of `.whl`, `.tar.gz`, `.zip`, `.tar.bz2`, `.tar.lz`, `.tar.lzma`, `.tar.xz`, `.tar.zst`, `.tar`, `.tbz`, `.tgz`, `.tlz`, or `.txz`))
DEBUG Skipping file for pillow: "Pillow-3.1.1.win32-py3.5.exe" (not a wheel or source distribution archive (expected one of `.whl`, `.tar.gz`, `.zip`, `.tar.bz2`, `.tar.lz`, `.tar.lzma`, `.tar.xz`, `.tar.zst`, `.tar`, `.tbz`, `.tgz`, `.tlz`, or `.txz`))
DEBUG Skipping file for pillow: "Pillow-3.2.0-py2.6-win-amd64.egg" (not a wheel or source distribution archive (expected one of `.whl`, `.tar.gz`, `.zip`, `.tar.bz2`, `.tar.lz`, `.tar.lzma`, `.tar.xz`, `.tar.zst`, `.tar`, `.tbz`, `.tgz`, `.tlz`, or `.txz`))
DEBUG Skipping file for pillow: "Pillow-3.2.0-py2.6-win32.egg" (not a wheel or source distribution archive (expected one of `.whl`, `.tar.gz`, `.zip`, `.tar.bz2`, `.tar.lz`, `.tar.lzma`, `.tar.xz`, `.tar.zst`, `.tar`, `.tbz`, `.tgz`, `.tlz`, or `.txz`))
DEBUG Skipping file for pillow: "Pillow-3.2.0-py2.7-win-amd64.egg" (not a wheel or source distribution archive (expected one of `.whl`, `.tar.gz`, `.zip`, `.tar.bz2`, `.tar.lz`, `.tar.lzma`, `.tar.xz`, `.tar.zst`, `.tar`, `.tbz`, `.tgz`, `.tlz`, or `.txz`))
DEBUG Skipping file for pillow: "Pillow-3.2.0-py2.7-win32.egg" (not a wheel or source distribution archive (expected one of `.whl`, `.tar.gz`, `.zip`, `.tar.bz2`, `.tar.lz`, `.tar.lzma`, `.tar.xz`, `.tar.zst`, `.tar`, `.tbz`, `.tgz`, `.tlz`, or `.txz`))
DEBUG Skipping file for pillow: "Pillow-3.2.0-py3.2-win-amd64.egg" (not a wheel or source distribution archive (expected one of `.whl`, `.tar.gz`, `.zip`, `.tar.bz2`, `.tar.lz`, `.tar.lzma`, `.tar.xz`, `.tar.zst`, `.tar`, `.tbz`, `.tgz`, `.tlz`, or `.txz`))
DEBUG Skipping file for pillow: "Pillow-3.2.0-py3.2-win32.egg" (not a wheel or source distribution archive (expected one of `.whl`, `.tar.gz`, `.zip`, `.tar.bz2`, `.tar.lz`, `.tar.lzma`, `.tar.xz`, `.tar.zst`, `.tar`, `.tbz`, `.tgz`, `.tlz`, or `.txz`))
DEBUG Skipping file for pillow: "Pillow-3.2.0-py3.3-win-amd64.egg" (not a wheel or source distribution archive (expected one of `.whl`, `.tar.gz`, `.zip`, `.tar.bz2`, `.tar.lz`, `.tar.lzma`, `.tar.xz`, `.tar.zst`, `.tar`, `.tbz`, `.tgz`, `.tlz`, or `.txz`))
DEBUG Skipping file for pillow: "Pillow-3.2.0-py3.3-win32.egg" (not a wheel or source distribution archive (expected one of `.whl`, `.tar.gz`, `.zip`, `.tar.bz2`, `.tar.lz`, `.tar.lzma`, `.tar.xz`, `.tar.zst`, `.tar`, `.tbz`, `.tgz`, `.tlz`, or `.txz`))
DEBUG Skipping file for pillow: "Pillow-3.2.0-py3.4-win-amd64.egg" (not a wheel or source distribution archive (expected one of `.whl`, `.tar.gz`, `.zip`, `.tar.bz2`, `.tar.lz`, `.tar.lzma`, `.tar.xz`, `.tar.zst`, `.tar`, `.tbz`, `.tgz`, `.tlz`, or `.txz`))
DEBUG Skipping file for pillow: "Pillow-3.2.0-py3.4-win32.egg" (not a wheel or source distribution archive (expected one of `.whl`, `.tar.gz`, `.zip`, `.tar.bz2`, `.tar.lz`, `.tar.lzma`, `.tar.xz`, `.tar.zst`, `.tar`, `.tbz`, `.tgz`, `.tlz`, or `.txz`))
DEBUG Skipping file for pillow: "Pillow-3.2.0-py3.5-win-amd64.egg" (not a wheel or source distribution archive (expected one of `.whl`, `.tar.gz`, `.zip`, `.tar.bz2`, `.tar.lz`, `.tar.lzma`, `.tar.xz`, `.tar.zst`, `.tar`, `.tbz`, `.tgz`, `.tlz`, or `.txz`))
DEBUG Skipping file for pillow: "Pillow-3.2.0-py3.5-win32.egg" (not a wheel or source distribution archive (expected one of `.whl`, `.tar.gz`, `.zip`, `.tar.bz2`, `.tar.lz`, `.tar.lzma`, `.tar.xz`, `.tar.zst`, `.tar`, `.tbz`, `.tgz`, `.tlz`, or `.txz`))
DEBUG Skipping file for pillow: "Pillow-3.2.0.win-amd64-py2.6.exe" (not a wheel or source distribution archive (expected one of `.whl`, `.tar.gz`, `.zip`, `.tar.bz2`, `.tar.lz`, `.tar.lzma`, `.tar.xz`, `.tar.zst`, `.tar`, `.tbz`, `.tgz`, `.tlz`, or `.txz`))
DEBUG Skipping file for pillow: "Pillow-3.2.0.win-amd64-py2.7.exe" (not a wheel or source distribution archive (expected one of `.whl`, `.tar.gz`, `.zip`, `.tar.bz2`, `.tar.lz`, `.tar.lzma`, `.tar.xz`, `.tar.zst`, `.tar`, `.tbz`, `.tgz`, `.tlz`, or `.txz`))
DEBUG Skipping file for pillow: "Pillow-3.2.0.win-amd64-py3.2.exe" (not a wheel or source distribution archive (expected one of `.whl`, `.tar.gz`, `.zip`, `.tar.bz2`, `.tar.lz`, `.tar.lzma`, `.tar.xz`, `.tar.zst`, `.tar`, `.tbz`, `.tgz`, `.tlz`, or `.txz`))
DEBUG Skipping file for pillow: "Pillow-3.2.0.win-amd64-py3.3.exe" (not a wheel or source distribution archive (expected one of `.whl`, `.tar.gz`, `.zip`, `.tar.bz2`, `.tar.lz`, `.tar.lzma`, `.tar.xz`, `.tar.zst`, `.tar`, `.tbz`, `.tgz`, `.tlz`, or `.txz`))
DEBUG Skipping file for pillow: "Pillow-3.2.0.win-amd64-py3.4.exe" (not a wheel or source distribution archive (expected one of `.whl`, `.tar.gz`, `.zip`, `.tar.bz2`, `.tar.lz`, `.tar.lzma`, `.tar.xz`, `.tar.zst`, `.tar`, `.tbz`, `.tgz`, `.tlz`, or `.txz`))
DEBUG Skipping file for pillow: "Pillow-3.2.0.win-amd64-py3.5.exe" (not a wheel or source distribution archive (expected one of `.whl`, `.tar.gz`, `.zip`, `.tar.bz2`, `.tar.lz`, `.tar.lzma`, `.tar.xz`, `.tar.zst`, `.tar`, `.tbz`, `.tgz`, `.tlz`, or `.txz`))
DEBUG Skipping file for pillow: "Pillow-3.2.0.win32-py2.6.exe" (not a wheel or source distribution archive (expected one of `.whl`, `.tar.gz`, `.zip`, `.tar.bz2`, `.tar.lz`, `.tar.lzma`, `.tar.xz`, `.tar.zst`, `.tar`, `.tbz`, `.tgz`, `.tlz`, or `.txz`))
DEBUG Skipping file for pillow: "Pillow-3.2.0.win32-py2.7.exe" (not a wheel or source distribution archive (expected one of `.whl`, `.tar.gz`, `.zip`, `.tar.bz2`, `.tar.lz`, `.tar.lzma`, `.tar.xz`, `.tar.zst`, `.tar`, `.tbz`, `.tgz`, `.tlz`, or `.txz`))
DEBUG Skipping file for pillow: "Pillow-3.2.0.win32-py3.2.exe" (not a wheel or source distribution archive (expected one of `.whl`, `.tar.gz`, `.zip`, `.tar.bz2`, `.tar.lz`, `.tar.lzma`, `.tar.xz`, `.tar.zst`, `.tar`, `.tbz`, `.tgz`, `.tlz`, or `.txz`))
DEBUG Skipping file for pillow: "Pillow-3.2.0.win32-py3.3.exe" (not a wheel or source distribution archive (expected one of `.whl`, `.tar.gz`, `.zip`, `.tar.bz2`, `.tar.lz`, `.tar.lzma`, `.tar.xz`, `.tar.zst`, `.tar`, `.tbz`, `.tgz`, `.tlz`, or `.txz`))
DEBUG Skipping file for pillow: "Pillow-3.2.0.win32-py3.4.exe" (not a wheel or source distribution archive (expected one of `.whl`, `.tar.gz`, `.zip`, `.tar.bz2`, `.tar.lz`, `.tar.lzma`, `.tar.xz`, `.tar.zst`, `.tar`, `.tbz`, `.tgz`, `.tlz`, or `.txz`))
DEBUG Skipping file for pillow: "Pillow-3.2.0.win32-py3.5.exe" (not a wheel or source distribution archive (expected one of `.whl`, `.tar.gz`, `.zip`, `.tar.bz2`, `.tar.lz`, `.tar.lzma`, `.tar.xz`, `.tar.zst`, `.tar`, `.tbz`, `.tgz`, `.tlz`, or `.txz`))
DEBUG Skipping file for pillow: "Pillow-3.3.0-py2.6-win-amd64.egg" (not a wheel or source distribution archive (expected one of `.whl`, `.tar.gz`, `.zip`, `.tar.bz2`, `.tar.lz`, `.tar.lzma`, `.tar.xz`, `.tar.zst`, `.tar`, `.tbz`, `.tgz`, `.tlz`, or `.txz`))
DEBUG Skipping file for pillow: "Pillow-3.3.0-py2.6-win32.egg" (not a wheel or source distribution archive (expected one of `.whl`, `.tar.gz`, `.zip`, `.tar.bz2`, `.tar.lz`, `.tar.lzma`, `.tar.xz`, `.tar.zst`, `.tar`, `.tbz`, `.tgz`, `.tlz`, or `.txz`))
DEBUG Skipping file for pillow: "Pillow-3.3.0-py2.7-win-amd64.egg" (not a wheel or source distribution archive (expected one of `.whl`, `.tar.gz`, `.zip`, `.tar.bz2`, `.tar.lz`, `.tar.lzma`, `.tar.xz`, `.tar.zst`, `.tar`, `.tbz`, `.tgz`, `.tlz`, or `.txz`))
DEBUG Skipping file for pillow: "Pillow-3.3.0-py2.7-win32.egg" (not a wheel or source distribution archive (expected one of `.whl`, `.tar.gz`, `.zip`, `.tar.bz2`, `.tar.lz`, `.tar.lzma`, `.tar.xz`, `.tar.zst`, `.tar`, `.tbz`, `.tgz`, `.tlz`, or `.txz`))
DEBUG Skipping file for pillow: "Pillow-3.3.0-py3.2-win-amd64.egg" (not a wheel or source distribution archive (expected one of `.whl`, `.tar.gz`, `.zip`, `.tar.bz2`, `.tar.lz`, `.tar.lzma`, `.tar.xz`, `.tar.zst`, `.tar`, `.tbz`, `.tgz`, `.tlz`, or `.txz`))
DEBUG Skipping file for pillow: "Pillow-3.3.0-py3.2-win32.egg" (not a wheel or source distribution archive (expected one of `.whl`, `.tar.gz`, `.zip`, `.tar.bz2`, `.tar.lz`, `.tar.lzma`, `.tar.xz`, `.tar.zst`, `.tar`, `.tbz`, `.tgz`, `.tlz`, or `.txz`))
DEBUG Skipping file for pillow: "Pillow-3.3.0-py3.3-win-amd64.egg" (not a wheel or source distribution archive (expected one of `.whl`, `.tar.gz`, `.zip`, `.tar.bz2`, `.tar.lz`, `.tar.lzma`, `.tar.xz`, `.tar.zst`, `.tar`, `.tbz`, `.tgz`, `.tlz`, or `.txz`))
DEBUG Skipping file for pillow: "Pillow-3.3.0-py3.3-win32.egg" (not a wheel or source distribution archive (expected one of `.whl`, `.tar.gz`, `.zip`, `.tar.bz2`, `.tar.lz`, `.tar.lzma`, `.tar.xz`, `.tar.zst`, `.tar`, `.tbz`, `.tgz`, `.tlz`, or `.txz`))
DEBUG Skipping file for pillow: "Pillow-3.3.0-py3.4-win-amd64.egg" (not a wheel or source distribution archive (expected one of `.whl`, `.tar.gz`, `.zip`, `.tar.bz2`, `.tar.lz`, `.tar.lzma`, `.tar.xz`, `.tar.zst`, `.tar`, `.tbz`, `.tgz`, `.tlz`, or `.txz`))
DEBUG Skipping file for pillow: "Pillow-3.3.0-py3.4-win32.egg" (not a wheel or source distribution archive (expected one of `.whl`, `.tar.gz`, `.zip`, `.tar.bz2`, `.tar.lz`, `.tar.lzma`, `.tar.xz`, `.tar.zst`, `.tar`, `.tbz`, `.tgz`, `.tlz`, or `.txz`))
DEBUG Skipping file for pillow: "Pillow-3.3.0-py3.5-win-amd64.egg" (not a wheel or source distribution archive (expected one of `.whl`, `.tar.gz`, `.zip`, `.tar.bz2`, `.tar.lz`, `.tar.lzma`, `.tar.xz`, `.tar.zst`, `.tar`, `.tbz`, `.tgz`, `.tlz`, or `.txz`))
DEBUG Skipping file for pillow: "Pillow-3.3.0-py3.5-win32.egg" (not a wheel or source distribution archive (expected one of `.whl`, `.tar.gz`, `.zip`, `.tar.bz2`, `.tar.lz`, `.tar.lzma`, `.tar.xz`, `.tar.zst`, `.tar`, `.tbz`, `.tgz`, `.tlz`, or `.txz`))
DEBUG Skipping file for pillow: "Pillow-3.3.0.win-amd64-py2.6.exe" (not a wheel or source distribution archive (expected one of `.whl`, `.tar.gz`, `.zip`, `.tar.bz2`, `.tar.lz`, `.tar.lzma`, `.tar.xz`, `.tar.zst`, `.tar`, `.tbz`, `.tgz`, `.tlz`, or `.txz`))
DEBUG Skipping file for pillow: "Pillow-3.3.0.win-amd64-py2.7.exe" (not a wheel or source distribution archive (expected one of `.whl`, `.tar.gz`, `.zip`, `.tar.bz2`, `.tar.lz`, `.tar.lzma`, `.tar.xz`, `.tar.zst`, `.tar`, `.tbz`, `.tgz`, `.tlz`, or `.txz`))
DEBUG Skipping file for pillow: "Pillow-3.3.0.win-amd64-py3.2.exe" (not a wheel or source distribution archive (expected one of `.whl`, `.tar.gz`, `.zip`, `.tar.bz2`, `.tar.lz`, `.tar.lzma`, `.tar.xz`, `.tar.zst`, `.tar`, `.tbz`, `.tgz`, `.tlz`, or `.txz`))
DEBUG Skipping file for pillow: "Pillow-3.3.0.win-amd64-py3.3.exe" (not a wheel or source distribution archive (expected one of `.whl`, `.tar.gz`, `.zip`, `.tar.bz2`, `.tar.lz`, `.tar.lzma`, `.tar.xz`, `.tar.zst`, `.tar`, `.tbz`, `.tgz`, `.tlz`, or `.txz`))
DEBUG Skipping file for pillow: "Pillow-3.3.0.win-amd64-py3.4.exe" (not a wheel or source distribution archive (expected one of `.whl`, `.tar.gz`, `.zip`, `.tar.bz2`, `.tar.lz`, `.tar.lzma`, `.tar.xz`, `.tar.zst`, `.tar`, `.tbz`, `.tgz`, `.tlz`, or `.txz`))
DEBUG Skipping file for pillow: "Pillow-3.3.0.win-amd64-py3.5.exe" (not a wheel or source distribution archive (expected one of `.whl`, `.tar.gz`, `.zip`, `.tar.bz2`, `.tar.lz`, `.tar.lzma`, `.tar.xz`, `.tar.zst`, `.tar`, `.tbz`, `.tgz`, `.tlz`, or `.txz`))
DEBUG Skipping file for pillow: "Pillow-3.3.0.win32-py2.6.exe" (not a wheel or source distribution archive (expected one of `.whl`, `.tar.gz`, `.zip`, `.tar.bz2`, `.tar.lz`, `.tar.lzma`, `.tar.xz`, `.tar.zst`, `.tar`, `.tbz`, `.tgz`, `.tlz`, or `.txz`))
DEBUG Skipping file for pillow: "Pillow-3.3.0.win32-py2.7.exe" (not a wheel or source distribution archive (expected one of `.whl`, `.tar.gz`, `.zip`, `.tar.bz2`, `.tar.lz`, `.tar.lzma`, `.tar.xz`, `.tar.zst`, `.tar`, `.tbz`, `.tgz`, `.tlz`, or `.txz`))
DEBUG Skipping file for pillow: "Pillow-3.3.0.win32-py3.2.exe" (not a wheel or source distribution archive (expected one of `.whl`, `.tar.gz`, `.zip`, `.tar.bz2`, `.tar.lz`, `.tar.lzma`, `.tar.xz`, `.tar.zst`, `.tar`, `.tbz`, `.tgz`, `.tlz`, or `.txz`))
DEBUG Skipping file for pillow: "Pillow-3.3.0.win32-py3.3.exe" (not a wheel or source distribution archive (expected one of `.whl`, `.tar.gz`, `.zip`, `.tar.bz2`, `.tar.lz`, `.tar.lzma`, `.tar.xz`, `.tar.zst`, `.tar`, `.tbz`, `.tgz`, `.tlz`, or `.txz`))
DEBUG Skipping file for pillow: "Pillow-3.3.0.win32-py3.4.exe" (not a wheel or source distribution archive (expected one of `.whl`, `.tar.gz`, `.zip`, `.tar.bz2`, `.tar.lz`, `.tar.lzma`, `.tar.xz`, `.tar.zst`, `.tar`, `.tbz`, `.tgz`, `.tlz`, or `.txz`))
DEBUG Skipping file for pillow: "Pillow-3.3.0.win32-py3.5.exe" (not a wheel or source distribution archive (expected one of `.whl`, `.tar.gz`, `.zip`, `.tar.bz2`, `.tar.lz`, `.tar.lzma`, `.tar.xz`, `.tar.zst`, `.tar`, `.tbz`, `.tgz`, `.tlz`, or `.txz`))
DEBUG Skipping file for pillow: "Pillow-3.3.1-py2.6-win-amd64.egg" (not a wheel or source distribution archive (expected one of `.whl`, `.tar.gz`, `.zip`, `.tar.bz2`, `.tar.lz`, `.tar.lzma`, `.tar.xz`, `.tar.zst`, `.tar`, `.tbz`, `.tgz`, `.tlz`, or `.txz`))
DEBUG Skipping file for pillow: "Pillow-3.3.1-py2.6-win32.egg" (not a wheel or source distribution archive (expected one of `.whl`, `.tar.gz`, `.zip`, `.tar.bz2`, `.tar.lz`, `.tar.lzma`, `.tar.xz`, `.tar.zst`, `.tar`, `.tbz`, `.tgz`, `.tlz`, or `.txz`))
DEBUG Skipping file for pillow: "Pillow-3.3.1-py2.7-win-amd64.egg" (not a wheel or source distribution archive (expected one of `.whl`, `.tar.gz`, `.zip`, `.tar.bz2`, `.tar.lz`, `.tar.lzma`, `.tar.xz`, `.tar.zst`, `.tar`, `.tbz`, `.tgz`, `.tlz`, or `.txz`))
DEBUG Skipping file for pillow: "Pillow-3.3.1-py2.7-win32.egg" (not a wheel or source distribution archive (expected one of `.whl`, `.tar.gz`, `.zip`, `.tar.bz2`, `.tar.lz`, `.tar.lzma`, `.tar.xz`, `.tar.zst`, `.tar`, `.tbz`, `.tgz`, `.tlz`, or `.txz`))
DEBUG Skipping file for pillow: "Pillow-3.3.1-py3.3-win-amd64.egg" (not a wheel or source distribution archive (expected one of `.whl`, `.tar.gz`, `.zip`, `.tar.bz2`, `.tar.lz`, `.tar.lzma`, `.tar.xz`, `.tar.zst`, `.tar`, `.tbz`, `.tgz`, `.tlz`, or `.txz`))
DEBUG Skipping file for pillow: "Pillow-3.3.1-py3.3-win32.egg" (not a wheel or source distribution archive (expected one of `.whl`, `.tar.gz`, `.zip`, `.tar.bz2`, `.tar.lz`, `.tar.lzma`, `.tar.xz`, `.tar.zst`, `.tar`, `.tbz`, `.tgz`, `.tlz`, or `.txz`))
DEBUG Skipping file for pillow: "Pillow-3.3.1-py3.4-win-amd64.egg" (not a wheel or source distribution archive (expected one of `.whl`, `.tar.gz`, `.zip`, `.tar.bz2`, `.tar.lz`, `.tar.lzma`, `.tar.xz`, `.tar.zst`, `.tar`, `.tbz`, `.tgz`, `.tlz`, or `.txz`))
DEBUG Skipping file for pillow: "Pillow-3.3.1-py3.4-win32.egg" (not a wheel or source distribution archive (expected one of `.whl`, `.tar.gz`, `.zip`, `.tar.bz2`, `.tar.lz`, `.tar.lzma`, `.tar.xz`, `.tar.zst`, `.tar`, `.tbz`, `.tgz`, `.tlz`, or `.txz`))
DEBUG Skipping file for pillow: "Pillow-3.3.1-py3.5-win-amd64.egg" (not a wheel or source distribution archive (expected one of `.whl`, `.tar.gz`, `.zip`, `.tar.bz2`, `.tar.lz`, `.tar.lzma`, `.tar.xz`, `.tar.zst`, `.tar`, `.tbz`, `.tgz`, `.tlz`, or `.txz`))
DEBUG Skipping file for pillow: "Pillow-3.3.1-py3.5-win32.egg" (not a wheel or source distribution archive (expected one of `.whl`, `.tar.gz`, `.zip`, `.tar.bz2`, `.tar.lz`, `.tar.lzma`, `.tar.xz`, `.tar.zst`, `.tar`, `.tbz`, `.tgz`, `.tlz`, or `.txz`))
DEBUG Skipping file for pillow: "Pillow-3.3.1.win-amd64-py2.6.exe" (not a wheel or source distribution archive (expected one of `.whl`, `.tar.gz`, `.zip`, `.tar.bz2`, `.tar.lz`, `.tar.lzma`, `.tar.xz`, `.tar.zst`, `.tar`, `.tbz`, `.tgz`, `.tlz`, or `.txz`))
DEBUG Skipping file for pillow: "Pillow-3.3.1.win-amd64-py2.7.exe" (not a wheel or source distribution archive (expected one of `.whl`, `.tar.gz`, `.zip`, `.tar.bz2`, `.tar.lz`, `.tar.lzma`, `.tar.xz`, `.tar.zst`, `.tar`, `.tbz`, `.tgz`, `.tlz`, or `.txz`))
DEBUG Skipping file for pillow: "Pillow-3.3.1.win-amd64-py3.3.exe" (not a wheel or source distribution archive (expected one of `.whl`, `.tar.gz`, `.zip`, `.tar.bz2`, `.tar.lz`, `.tar.lzma`, `.tar.xz`, `.tar.zst`, `.tar`, `.tbz`, `.tgz`, `.tlz`, or `.txz`))
DEBUG Skipping file for pillow: "Pillow-3.3.1.win-amd64-py3.4.exe" (not a wheel or source distribution archive (expected one of `.whl`, `.tar.gz`, `.zip`, `.tar.bz2`, `.tar.lz`, `.tar.lzma`, `.tar.xz`, `.tar.zst`, `.tar`, `.tbz`, `.tgz`, `.tlz`, or `.txz`))
DEBUG Skipping file for pillow: "Pillow-3.3.1.win-amd64-py3.5.exe" (not a wheel or source distribution archive (expected one of `.whl`, `.tar.gz`, `.zip`, `.tar.bz2`, `.tar.lz`, `.tar.lzma`, `.tar.xz`, `.tar.zst`, `.tar`, `.tbz`, `.tgz`, `.tlz`, or `.txz`))
DEBUG Skipping file for pillow: "Pillow-3.3.1.win32-py2.6.exe" (not a wheel or source distribution archive (expected one of `.whl`, `.tar.gz`, `.zip`, `.tar.bz2`, `.tar.lz`, `.tar.lzma`, `.tar.xz`, `.tar.zst`, `.tar`, `.tbz`, `.tgz`, `.tlz`, or `.txz`))
DEBUG Skipping file for pillow: "Pillow-3.3.1.win32-py2.7.exe" (not a wheel or source distribution archive (expected one of `.whl`, `.tar.gz`, `.zip`, `.tar.bz2`, `.tar.lz`, `.tar.lzma`, `.tar.xz`, `.tar.zst`, `.tar`, `.tbz`, `.tgz`, `.tlz`, or `.txz`))
DEBUG Skipping file for pillow: "Pillow-3.3.1.win32-py3.3.exe" (not a wheel or source distribution archive (expected one of `.whl`, `.tar.gz`, `.zip`, `.tar.bz2`, `.tar.lz`, `.tar.lzma`, `.tar.xz`, `.tar.zst`, `.tar`, `.tbz`, `.tgz`, `.tlz`, or `.txz`))
DEBUG Skipping file for pillow: "Pillow-3.3.1.win32-py3.4.exe" (not a wheel or source distribution archive (expected one of `.whl`, `.tar.gz`, `.zip`, `.tar.bz2`, `.tar.lz`, `.tar.lzma`, `.tar.xz`, `.tar.zst`, `.tar`, `.tbz`, `.tgz`, `.tlz`, or `.txz`))
DEBUG Skipping file for pillow: "Pillow-3.3.1.win32-py3.5.exe" (not a wheel or source distribution archive (expected one of `.whl`, `.tar.gz`, `.zip`, `.tar.bz2`, `.tar.lz`, `.tar.lzma`, `.tar.xz`, `.tar.zst`, `.tar`, `.tbz`, `.tgz`, `.tlz`, or `.txz`))
DEBUG Skipping file for pillow: "Pillow-3.4.0-py2.6-win-amd64.egg" (not a wheel or source distribution archive (expected one of `.whl`, `.tar.gz`, `.zip`, `.tar.bz2`, `.tar.lz`, `.tar.lzma`, `.tar.xz`, `.tar.zst`, `.tar`, `.tbz`, `.tgz`, `.tlz`, or `.txz`))
DEBUG Skipping file for pillow: "Pillow-3.4.0-py2.6-win32.egg" (not a wheel or source distribution archive (expected one of `.whl`, `.tar.gz`, `.zip`, `.tar.bz2`, `.tar.lz`, `.tar.lzma`, `.tar.xz`, `.tar.zst`, `.tar`, `.tbz`, `.tgz`, `.tlz`, or `.txz`))
DEBUG Skipping file for pillow: "Pillow-3.4.0-py2.7-win-amd64.egg" (not a wheel or source distribution archive (expected one of `.whl`, `.tar.gz`, `.zip`, `.tar.bz2`, `.tar.lz`, `.tar.lzma`, `.tar.xz`, `.tar.zst`, `.tar`, `.tbz`, `.tgz`, `.tlz`, or `.txz`))
DEBUG Skipping file for pillow: "Pillow-3.4.0-py2.7-win32.egg" (not a wheel or source distribution archive (expected one of `.whl`, `.tar.gz`, `.zip`, `.tar.bz2`, `.tar.lz`, `.tar.lzma`, `.tar.xz`, `.tar.zst`, `.tar`, `.tbz`, `.tgz`, `.tlz`, or `.txz`))
DEBUG Skipping file for pillow: "Pillow-3.4.0-py3.2-win-amd64.egg" (not a wheel or source distribution archive (expected one of `.whl`, `.tar.gz`, `.zip`, `.tar.bz2`, `.tar.lz`, `.tar.lzma`, `.tar.xz`, `.tar.zst`, `.tar`, `.tbz`, `.tgz`, `.tlz`, or `.txz`))
DEBUG Skipping file for pillow: "Pillow-3.4.0-py3.2-win32.egg" (not a wheel or source distribution archive (expected one of `.whl`, `.tar.gz`, `.zip`, `.tar.bz2`, `.tar.lz`, `.tar.lzma`, `.tar.xz`, `.tar.zst`, `.tar`, `.tbz`, `.tgz`, `.tlz`, or `.txz`))
DEBUG Skipping file for pillow: "Pillow-3.4.0-py3.3-win-amd64.egg" (not a wheel or source distribution archive (expected one of `.whl`, `.tar.gz`, `.zip`, `.tar.bz2`, `.tar.lz`, `.tar.lzma`, `.tar.xz`, `.tar.zst`, `.tar`, `.tbz`, `.tgz`, `.tlz`, or `.txz`))
DEBUG Skipping file for pillow: "Pillow-3.4.0-py3.3-win32.egg" (not a wheel or source distribution archive (expected one of `.whl`, `.tar.gz`, `.zip`, `.tar.bz2`, `.tar.lz`, `.tar.lzma`, `.tar.xz`, `.tar.zst`, `.tar`, `.tbz`, `.tgz`, `.tlz`, or `.txz`))
DEBUG Skipping file for pillow: "Pillow-3.4.0-py3.4-win-amd64.egg" (not a wheel or source distribution archive (expected one of `.whl`, `.tar.gz`, `.zip`, `.tar.bz2`, `.tar.lz`, `.tar.lzma`, `.tar.xz`, `.tar.zst`, `.tar`, `.tbz`, `.tgz`, `.tlz`, or `.txz`))
DEBUG Skipping file for pillow: "Pillow-3.4.0-py3.4-win32.egg" (not a wheel or source distribution archive (expected one of `.whl`, `.tar.gz`, `.zip`, `.tar.bz2`, `.tar.lz`, `.tar.lzma`, `.tar.xz`, `.tar.zst`, `.tar`, `.tbz`, `.tgz`, `.tlz`, or `.txz`))
DEBUG Skipping file for pillow: "Pillow-3.4.0-py3.5-win-amd64.egg" (not a wheel or source distribution archive (expected one of `.whl`, `.tar.gz`, `.zip`, `.tar.bz2`, `.tar.lz`, `.tar.lzma`, `.tar.xz`, `.tar.zst`, `.tar`, `.tbz`, `.tgz`, `.tlz`, or `.txz`))
DEBUG Skipping file for pillow: "Pillow-3.4.0-py3.5-win32.egg" (not a wheel or source distribution archive (expected one of `.whl`, `.tar.gz`, `.zip`, `.tar.bz2`, `.tar.lz`, `.tar.lzma`, `.tar.xz`, `.tar.zst`, `.tar`, `.tbz`, `.tgz`, `.tlz`, or `.txz`))
DEBUG Skipping file for pillow: "Pillow-3.4.0.win-amd64-py2.6.exe" (not a wheel or source distribution archive (expected one of `.whl`, `.tar.gz`, `.zip`, `.tar.bz2`, `.tar.lz`, `.tar.lzma`, `.tar.xz`, `.tar.zst`, `.tar`, `.tbz`, `.tgz`, `.tlz`, or `.txz`))
DEBUG Skipping file for pillow: "Pillow-3.4.0.win-amd64-py2.7.exe" (not a wheel or source distribution archive (expected one of `.whl`, `.tar.gz`, `.zip`, `.tar.bz2`, `.tar.lz`, `.tar.lzma`, `.tar.xz`, `.tar.zst`, `.tar`, `.tbz`, `.tgz`, `.tlz`, or `.txz`))
DEBUG Skipping file for pillow: "Pillow-3.4.0.win-amd64-py3.2.exe" (not a wheel or source distribution archive (expected one of `.whl`, `.tar.gz`, `.zip`, `.tar.bz2`, `.tar.lz`, `.tar.lzma`, `.tar.xz`, `.tar.zst`, `.tar`, `.tbz`, `.tgz`, `.tlz`, or `.txz`))
DEBUG Skipping file for pillow: "Pillow-3.4.0.win-amd64-py3.3.exe" (not a wheel or source distribution archive (expected one of `.whl`, `.tar.gz`, `.zip`, `.tar.bz2`, `.tar.lz`, `.tar.lzma`, `.tar.xz`, `.tar.zst`, `.tar`, `.tbz`, `.tgz`, `.tlz`, or `.txz`))
DEBUG Skipping file for pillow: "Pillow-3.4.0.win-amd64-py3.4.exe" (not a wheel or source distribution archive (expected one of `.whl`, `.tar.gz`, `.zip`, `.tar.bz2`, `.tar.lz`, `.tar.lzma`, `.tar.xz`, `.tar.zst`, `.tar`, `.tbz`, `.tgz`, `.tlz`, or `.txz`))
DEBUG Skipping file for pillow: "Pillow-3.4.0.win-amd64-py3.5.exe" (not a wheel or source distribution archive (expected one of `.whl`, `.tar.gz`, `.zip`, `.tar.bz2`, `.tar.lz`, `.tar.lzma`, `.tar.xz`, `.tar.zst`, `.tar`, `.tbz`, `.tgz`, `.tlz`, or `.txz`))
DEBUG Skipping file for pillow: "Pillow-3.4.0.win32-py2.6.exe" (not a wheel or source distribution archive (expected one of `.whl`, `.tar.gz`, `.zip`, `.tar.bz2`, `.tar.lz`, `.tar.lzma`, `.tar.xz`, `.tar.zst`, `.tar`, `.tbz`, `.tgz`, `.tlz`, or `.txz`))
DEBUG Skipping file for pillow: "Pillow-3.4.0.win32-py2.7.exe" (not a wheel or source distribution archive (expected one of `.whl`, `.tar.gz`, `.zip`, `.tar.bz2`, `.tar.lz`, `.tar.lzma`, `.tar.xz`, `.tar.zst`, `.tar`, `.tbz`, `.tgz`, `.tlz`, or `.txz`))
DEBUG Skipping file for pillow: "Pillow-3.4.0.win32-py3.2.exe" (not a wheel or source distribution archive (expected one of `.whl`, `.tar.gz`, `.zip`, `.tar.bz2`, `.tar.lz`, `.tar.lzma`, `.tar.xz`, `.tar.zst`, `.tar`, `.tbz`, `.tgz`, `.tlz`, or `.txz`))
DEBUG Skipping file for pillow: "Pillow-3.4.0.win32-py3.3.exe" (not a wheel or source distribution archive (expected one of `.whl`, `.tar.gz`, `.zip`, `.tar.bz2`, `.tar.lz`, `.tar.lzma`, `.tar.xz`, `.tar.zst`, `.tar`, `.tbz`, `.tgz`, `.tlz`, or `.txz`))
DEBUG Skipping file for pillow: "Pillow-3.4.0.win32-py3.4.exe" (not a wheel or source distribution archive (expected one of `.whl`, `.tar.gz`, `.zip`, `.tar.bz2`, `.tar.lz`, `.tar.lzma`, `.tar.xz`, `.tar.zst`, `.tar`, `.tbz`, `.tgz`, `.tlz`, or `.txz`))
DEBUG Skipping file for pillow: "Pillow-3.4.0.win32-py3.5.exe" (not a wheel or source distribution archive (expected one of `.whl`, `.tar.gz`, `.zip`, `.tar.bz2`, `.tar.lz`, `.tar.lzma`, `.tar.xz`, `.tar.zst`, `.tar`, `.tbz`, `.tgz`, `.tlz`, or `.txz`))
DEBUG Skipping file for pillow: "Pillow-3.4.1-py2.6-win-amd64.egg" (not a wheel or source distribution archive (expected one of `.whl`, `.tar.gz`, `.zip`, `.tar.bz2`, `.tar.lz`, `.tar.lzma`, `.tar.xz`, `.tar.zst`, `.tar`, `.tbz`, `.tgz`, `.tlz`, or `.txz`))
DEBUG Skipping file for pillow: "Pillow-3.4.1-py2.6-win32.egg" (not a wheel or source distribution archive (expected one of `.whl`, `.tar.gz`, `.zip`, `.tar.bz2`, `.tar.lz`, `.tar.lzma`, `.tar.xz`, `.tar.zst`, `.tar`, `.tbz`, `.tgz`, `.tlz`, or `.txz`))
DEBUG Skipping file for pillow: "Pillow-3.4.1-py2.7-win-amd64.egg" (not a wheel or source distribution archive (expected one of `.whl`, `.tar.gz`, `.zip`, `.tar.bz2`, `.tar.lz`, `.tar.lzma`, `.tar.xz`, `.tar.zst`, `.tar`, `.tbz`, `.tgz`, `.tlz`, or `.txz`))
DEBUG Skipping file for pillow: "Pillow-3.4.1-py2.7-win32.egg" (not a wheel or source distribution archive (expected one of `.whl`, `.tar.gz`, `.zip`, `.tar.bz2`, `.tar.lz`, `.tar.lzma`, `.tar.xz`, `.tar.zst`, `.tar`, `.tbz`, `.tgz`, `.tlz`, or `.txz`))
DEBUG Skipping file for pillow: "Pillow-3.4.1-py3.3-win-amd64.egg" (not a wheel or source distribution archive (expected one of `.whl`, `.tar.gz`, `.zip`, `.tar.bz2`, `.tar.lz`, `.tar.lzma`, `.tar.xz`, `.tar.zst`, `.tar`, `.tbz`, `.tgz`, `.tlz`, or `.txz`))
DEBUG Skipping file for pillow: "Pillow-3.4.1-py3.3-win32.egg" (not a wheel or source distribution archive (expected one of `.whl`, `.tar.gz`, `.zip`, `.tar.bz2`, `.tar.lz`, `.tar.lzma`, `.tar.xz`, `.tar.zst`, `.tar`, `.tbz`, `.tgz`, `.tlz`, or `.txz`))
DEBUG Skipping file for pillow: "Pillow-3.4.1-py3.4-win-amd64.egg" (not a wheel or source distribution archive (expected one of `.whl`, `.tar.gz`, `.zip`, `.tar.bz2`, `.tar.lz`, `.tar.lzma`, `.tar.xz`, `.tar.zst`, `.tar`, `.tbz`, `.tgz`, `.tlz`, or `.txz`))
DEBUG Skipping file for pillow: "Pillow-3.4.1-py3.4-win32.egg" (not a wheel or source distribution archive (expected one of `.whl`, `.tar.gz`, `.zip`, `.tar.bz2`, `.tar.lz`, `.tar.lzma`, `.tar.xz`, `.tar.zst`, `.tar`, `.tbz`, `.tgz`, `.tlz`, or `.txz`))
DEBUG Skipping file for pillow: "Pillow-3.4.1-py3.5-win-amd64.egg" (not a wheel or source distribution archive (expected one of `.whl`, `.tar.gz`, `.zip`, `.tar.bz2`, `.tar.lz`, `.tar.lzma`, `.tar.xz`, `.tar.zst`, `.tar`, `.tbz`, `.tgz`, `.tlz`, or `.txz`))
DEBUG Skipping file for pillow: "Pillow-3.4.1-py3.5-win32.egg" (not a wheel or source distribution archive (expected one of `.whl`, `.tar.gz`, `.zip`, `.tar.bz2`, `.tar.lz`, `.tar.lzma`, `.tar.xz`, `.tar.zst`, `.tar`, `.tbz`, `.tgz`, `.tlz`, or `.txz`))
DEBUG Skipping file for pillow: "Pillow-3.4.1.win-amd64-py2.6.exe" (not a wheel or source distribution archive (expected one of `.whl`, `.tar.gz`, `.zip`, `.tar.bz2`, `.tar.lz`, `.tar.lzma`, `.tar.xz`, `.tar.zst`, `.tar`, `.tbz`, `.tgz`, `.tlz`, or `.txz`))
DEBUG Skipping file for pillow: "Pillow-3.4.1.win-amd64-py2.7.exe" (not a wheel or source distribution archive (expected one of `.whl`, `.tar.gz`, `.zip`, `.tar.bz2`, `.tar.lz`, `.tar.lzma`, `.tar.xz`, `.tar.zst`, `.tar`, `.tbz`, `.tgz`, `.tlz`, or `.txz`))
DEBUG Skipping file for pillow: "Pillow-3.4.1.win-amd64-py3.3.exe" (not a wheel or source distribution archive (expected one of `.whl`, `.tar.gz`, `.zip`, `.tar.bz2`, `.tar.lz`, `.tar.lzma`, `.tar.xz`, `.tar.zst`, `.tar`, `.tbz`, `.tgz`, `.tlz`, or `.txz`))
DEBUG Skipping file for pillow: "Pillow-3.4.1.win-amd64-py3.4.exe" (not a wheel or source distribution archive (expected one of `.whl`, `.tar.gz`, `.zip`, `.tar.bz2`, `.tar.lz`, `.tar.lzma`, `.tar.xz`, `.tar.zst`, `.tar`, `.tbz`, `.tgz`, `.tlz`, or `.txz`))
DEBUG Skipping file for pillow: "Pillow-3.4.1.win-amd64-py3.5.exe" (not a wheel or source distribution archive (expected one of `.whl`, `.tar.gz`, `.zip`, `.tar.bz2`, `.tar.lz`, `.tar.lzma`, `.tar.xz`, `.tar.zst`, `.tar`, `.tbz`, `.tgz`, `.tlz`, or `.txz`))
DEBUG Skipping file for pillow: "Pillow-3.4.1.win32-py2.6.exe" (not a wheel or source distribution archive (expected one of `.whl`, `.tar.gz`, `.zip`, `.tar.bz2`, `.tar.lz`, `.tar.lzma`, `.tar.xz`, `.tar.zst`, `.tar`, `.tbz`, `.tgz`, `.tlz`, or `.txz`))
DEBUG Skipping file for pillow: "Pillow-3.4.1.win32-py2.7.exe" (not a wheel or source distribution archive (expected one of `.whl`, `.tar.gz`, `.zip`, `.tar.bz2`, `.tar.lz`, `.tar.lzma`, `.tar.xz`, `.tar.zst`, `.tar`, `.tbz`, `.tgz`, `.tlz`, or `.txz`))
DEBUG Skipping file for pillow: "Pillow-3.4.1.win32-py3.3.exe" (not a wheel or source distribution archive (expected one of `.whl`, `.tar.gz`, `.zip`, `.tar.bz2`, `.tar.lz`, `.tar.lzma`, `.tar.xz`, `.tar.zst`, `.tar`, `.tbz`, `.tgz`, `.tlz`, or `.txz`))
DEBUG Skipping file for pillow: "Pillow-3.4.1.win32-py3.4.exe" (not a wheel or source distribution archive (expected one of `.whl`, `.tar.gz`, `.zip`, `.tar.bz2`, `.tar.lz`, `.tar.lzma`, `.tar.xz`, `.tar.zst`, `.tar`, `.tbz`, `.tgz`, `.tlz`, or `.txz`))
DEBUG Skipping file for pillow: "Pillow-3.4.1.win32-py3.5.exe" (not a wheel or source distribution archive (expected one of `.whl`, `.tar.gz`, `.zip`, `.tar.bz2`, `.tar.lz`, `.tar.lzma`, `.tar.xz`, `.tar.zst`, `.tar`, `.tbz`, `.tgz`, `.tlz`, or `.txz`))
DEBUG Skipping file for pillow: "Pillow-3.4.2-py2.6-win-amd64.egg" (not a wheel or source distribution archive (expected one of `.whl`, `.tar.gz`, `.zip`, `.tar.bz2`, `.tar.lz`, `.tar.lzma`, `.tar.xz`, `.tar.zst`, `.tar`, `.tbz`, `.tgz`, `.tlz`, or `.txz`))
DEBUG Skipping file for pillow: "Pillow-3.4.2-py2.6-win32.egg" (not a wheel or source distribution archive (expected one of `.whl`, `.tar.gz`, `.zip`, `.tar.bz2`, `.tar.lz`, `.tar.lzma`, `.tar.xz`, `.tar.zst`, `.tar`, `.tbz`, `.tgz`, `.tlz`, or `.txz`))
DEBUG Skipping file for pillow: "Pillow-3.4.2-py2.7-win-amd64.egg" (not a wheel or source distribution archive (expected one of `.whl`, `.tar.gz`, `.zip`, `.tar.bz2`, `.tar.lz`, `.tar.lzma`, `.tar.xz`, `.tar.zst`, `.tar`, `.tbz`, `.tgz`, `.tlz`, or `.txz`))
DEBUG Skipping file for pillow: "Pillow-3.4.2-py2.7-win32.egg" (not a wheel or source distribution archive (expected one of `.whl`, `.tar.gz`, `.zip`, `.tar.bz2`, `.tar.lz`, `.tar.lzma`, `.tar.xz`, `.tar.zst`, `.tar`, `.tbz`, `.tgz`, `.tlz`, or `.txz`))
DEBUG Skipping file for pillow: "Pillow-3.4.2-py3.3-win-amd64.egg" (not a wheel or source distribution archive (expected one of `.whl`, `.tar.gz`, `.zip`, `.tar.bz2`, `.tar.lz`, `.tar.lzma`, `.tar.xz`, `.tar.zst`, `.tar`, `.tbz`, `.tgz`, `.tlz`, or `.txz`))
DEBUG Skipping file for pillow: "Pillow-3.4.2-py3.3-win32.egg" (not a wheel or source distribution archive (expected one of `.whl`, `.tar.gz`, `.zip`, `.tar.bz2`, `.tar.lz`, `.tar.lzma`, `.tar.xz`, `.tar.zst`, `.tar`, `.tbz`, `.tgz`, `.tlz`, or `.txz`))
DEBUG Skipping file for pillow: "Pillow-3.4.2-py3.4-win-amd64.egg" (not a wheel or source distribution archive (expected one of `.whl`, `.tar.gz`, `.zip`, `.tar.bz2`, `.tar.lz`, `.tar.lzma`, `.tar.xz`, `.tar.zst`, `.tar`, `.tbz`, `.tgz`, `.tlz`, or `.txz`))
DEBUG Skipping file for pillow: "Pillow-3.4.2-py3.4-win32.egg" (not a wheel or source distribution archive (expected one of `.whl`, `.tar.gz`, `.zip`, `.tar.bz2`, `.tar.lz`, `.tar.lzma`, `.tar.xz`, `.tar.zst`, `.tar`, `.tbz`, `.tgz`, `.tlz`, or `.txz`))
DEBUG Skipping file for pillow: "Pillow-3.4.2-py3.5-win-amd64.egg" (not a wheel or source distribution archive (expected one of `.whl`, `.tar.gz`, `.zip`, `.tar.bz2`, `.tar.lz`, `.tar.lzma`, `.tar.xz`, `.tar.zst`, `.tar`, `.tbz`, `.tgz`, `.tlz`, or `.txz`))
DEBUG Skipping file for pillow: "Pillow-3.4.2-py3.5-win32.egg" (not a wheel or source distribution archive (expected one of `.whl`, `.tar.gz`, `.zip`, `.tar.bz2`, `.tar.lz`, `.tar.lzma`, `.tar.xz`, `.tar.zst`, `.tar`, `.tbz`, `.tgz`, `.tlz`, or `.txz`))
DEBUG Skipping file for pillow: "Pillow-3.4.2.win-amd64-py2.6.exe" (not a wheel or source distribution archive (expected one of `.whl`, `.tar.gz`, `.zip`, `.tar.bz2`, `.tar.lz`, `.tar.lzma`, `.tar.xz`, `.tar.zst`, `.tar`, `.tbz`, `.tgz`, `.tlz`, or `.txz`))
DEBUG Skipping file for pillow: "Pillow-3.4.2.win-amd64-py2.7.exe" (not a wheel or source distribution archive (expected one of `.whl`, `.tar.gz`, `.zip`, `.tar.bz2`, `.tar.lz`, `.tar.lzma`, `.tar.xz`, `.tar.zst`, `.tar`, `.tbz`, `.tgz`, `.tlz`, or `.txz`))
DEBUG Skipping file for pillow: "Pillow-3.4.2.win-amd64-py3.3.exe" (not a wheel or source distribution archive (expected one of `.whl`, `.tar.gz`, `.zip`, `.tar.bz2`, `.tar.lz`, `.tar.lzma`, `.tar.xz`, `.tar.zst`, `.tar`, `.tbz`, `.tgz`, `.tlz`, or `.txz`))
DEBUG Skipping file for pillow: "Pillow-3.4.2.win-amd64-py3.4.exe" (not a wheel or source distribution archive (expected one of `.whl`, `.tar.gz`, `.zip`, `.tar.bz2`, `.tar.lz`, `.tar.lzma`, `.tar.xz`, `.tar.zst`, `.tar`, `.tbz`, `.tgz`, `.tlz`, or `.txz`))
DEBUG Skipping file for pillow: "Pillow-3.4.2.win-amd64-py3.5.exe" (not a wheel or source distribution archive (expected one of `.whl`, `.tar.gz`, `.zip`, `.tar.bz2`, `.tar.lz`, `.tar.lzma`, `.tar.xz`, `.tar.zst`, `.tar`, `.tbz`, `.tgz`, `.tlz`, or `.txz`))
DEBUG Skipping file for pillow: "Pillow-3.4.2.win32-py2.6.exe" (not a wheel or source distribution archive (expected one of `.whl`, `.tar.gz`, `.zip`, `.tar.bz2`, `.tar.lz`, `.tar.lzma`, `.tar.xz`, `.tar.zst`, `.tar`, `.tbz`, `.tgz`, `.tlz`, or `.txz`))
DEBUG Skipping file for pillow: "Pillow-3.4.2.win32-py2.7.exe" (not a wheel or source distribution archive (expected one of `.whl`, `.tar.gz`, `.zip`, `.tar.bz2`, `.tar.lz`, `.tar.lzma`, `.tar.xz`, `.tar.zst`, `.tar`, `.tbz`, `.tgz`, `.tlz`, or `.txz`))
DEBUG Skipping file for pillow: "Pillow-3.4.2.win32-py3.3.exe" (not a wheel or source distribution archive (expected one of `.whl`, `.tar.gz`, `.zip`, `.tar.bz2`, `.tar.lz`, `.tar.lzma`, `.tar.xz`, `.tar.zst`, `.tar`, `.tbz`, `.tgz`, `.tlz`, or `.txz`))
DEBUG Skipping file for pillow: "Pillow-3.4.2.win32-py3.4.exe" (not a wheel or source distribution archive (expected one of `.whl`, `.tar.gz`, `.zip`, `.tar.bz2`, `.tar.lz`, `.tar.lzma`, `.tar.xz`, `.tar.zst`, `.tar`, `.tbz`, `.tgz`, `.tlz`, or `.txz`))
DEBUG Skipping file for pillow: "Pillow-3.4.2.win32-py3.5.exe" (not a wheel or source distribution archive (expected one of `.whl`, `.tar.gz`, `.zip`, `.tar.bz2`, `.tar.lz`, `.tar.lzma`, `.tar.xz`, `.tar.zst`, `.tar`, `.tbz`, `.tgz`, `.tlz`, or `.txz`))
DEBUG Skipping file for pillow: "Pillow-4.0.0-py2.7-win-amd64.egg" (not a wheel or source distribution archive (expected one of `.whl`, `.tar.gz`, `.zip`, `.tar.bz2`, `.tar.lz`, `.tar.lzma`, `.tar.xz`, `.tar.zst`, `.tar`, `.tbz`, `.tgz`, `.tlz`, or `.txz`))
DEBUG Skipping file for pillow: "Pillow-4.0.0-py2.7-win32.egg" (not a wheel or source distribution archive (expected one of `.whl`, `.tar.gz`, `.zip`, `.tar.bz2`, `.tar.lz`, `.tar.lzma`, `.tar.xz`, `.tar.zst`, `.tar`, `.tbz`, `.tgz`, `.tlz`, or `.txz`))
DEBUG Skipping file for pillow: "Pillow-4.0.0-py3.3-win-amd64.egg" (not a wheel or source distribution archive (expected one of `.whl`, `.tar.gz`, `.zip`, `.tar.bz2`, `.tar.lz`, `.tar.lzma`, `.tar.xz`, `.tar.zst`, `.tar`, `.tbz`, `.tgz`, `.tlz`, or `.txz`))
DEBUG Skipping file for pillow: "Pillow-4.0.0-py3.3-win32.egg" (not a wheel or source distribution archive (expected one of `.whl`, `.tar.gz`, `.zip`, `.tar.bz2`, `.tar.lz`, `.tar.lzma`, `.tar.xz`, `.tar.zst`, `.tar`, `.tbz`, `.tgz`, `.tlz`, or `.txz`))
DEBUG Skipping file for pillow: "Pillow-4.0.0-py3.4-win-amd64.egg" (not a wheel or source distribution archive (expected one of `.whl`, `.tar.gz`, `.zip`, `.tar.bz2`, `.tar.lz`, `.tar.lzma`, `.tar.xz`, `.tar.zst`, `.tar`, `.tbz`, `.tgz`, `.tlz`, or `.txz`))
DEBUG Skipping file for pillow: "Pillow-4.0.0-py3.4-win32.egg" (not a wheel or source distribution archive (expected one of `.whl`, `.tar.gz`, `.zip`, `.tar.bz2`, `.tar.lz`, `.tar.lzma`, `.tar.xz`, `.tar.zst`, `.tar`, `.tbz`, `.tgz`, `.tlz`, or `.txz`))
DEBUG Skipping file for pillow: "Pillow-4.0.0-py3.5-win-amd64.egg" (not a wheel or source distribution archive (expected one of `.whl`, `.tar.gz`, `.zip`, `.tar.bz2`, `.tar.lz`, `.tar.lzma`, `.tar.xz`, `.tar.zst`, `.tar`, `.tbz`, `.tgz`, `.tlz`, or `.txz`))
DEBUG Skipping file for pillow: "Pillow-4.0.0-py3.5-win32.egg" (not a wheel or source distribution archive (expected one of `.whl`, `.tar.gz`, `.zip`, `.tar.bz2`, `.tar.lz`, `.tar.lzma`, `.tar.xz`, `.tar.zst`, `.tar`, `.tbz`, `.tgz`, `.tlz`, or `.txz`))
DEBUG Skipping file for pillow: "Pillow-4.0.0-py3.6-win-amd64.egg" (not a wheel or source distribution archive (expected one of `.whl`, `.tar.gz`, `.zip`, `.tar.bz2`, `.tar.lz`, `.tar.lzma`, `.tar.xz`, `.tar.zst`, `.tar`, `.tbz`, `.tgz`, `.tlz`, or `.txz`))
DEBUG Skipping file for pillow: "Pillow-4.0.0-py3.6-win32.egg" (not a wheel or source distribution archive (expected one of `.whl`, `.tar.gz`, `.zip`, `.tar.bz2`, `.tar.lz`, `.tar.lzma`, `.tar.xz`, `.tar.zst`, `.tar`, `.tbz`, `.tgz`, `.tlz`, or `.txz`))
DEBUG Skipping file for pillow: "Pillow-4.0.0.win-amd64-py2.7.exe" (not a wheel or source distribution archive (expected one of `.whl`, `.tar.gz`, `.zip`, `.tar.bz2`, `.tar.lz`, `.tar.lzma`, `.tar.xz`, `.tar.zst`, `.tar`, `.tbz`, `.tgz`, `.tlz`, or `.txz`))
DEBUG Skipping file for pillow: "Pillow-4.0.0.win-amd64-py3.3.exe" (not a wheel or source distribution archive (expected one of `.whl`, `.tar.gz`, `.zip`, `.tar.bz2`, `.tar.lz`, `.tar.lzma`, `.tar.xz`, `.tar.zst`, `.tar`, `.tbz`, `.tgz`, `.tlz`, or `.txz`))
DEBUG Skipping file for pillow: "Pillow-4.0.0.win-amd64-py3.4.exe" (not a wheel or source distribution archive (expected one of `.whl`, `.tar.gz`, `.zip`, `.tar.bz2`, `.tar.lz`, `.tar.lzma`, `.tar.xz`, `.tar.zst`, `.tar`, `.tbz`, `.tgz`, `.tlz`, or `.txz`))
DEBUG Skipping file for pillow: "Pillow-4.0.0.win-amd64-py3.5.exe" (not a wheel or source distribution archive (expected one of `.whl`, `.tar.gz`, `.zip`, `.tar.bz2`, `.tar.lz`, `.tar.lzma`, `.tar.xz`, `.tar.zst`, `.tar`, `.tbz`, `.tgz`, `.tlz`, or `.txz`))
DEBUG Skipping file for pillow: "Pillow-4.0.0.win-amd64-py3.6.exe" (not a wheel or source distribution archive (expected one of `.whl`, `.tar.gz`, `.zip`, `.tar.bz2`, `.tar.lz`, `.tar.lzma`, `.tar.xz`, `.tar.zst`, `.tar`, `.tbz`, `.tgz`, `.tlz`, or `.txz`))
DEBUG Skipping file for pillow: "Pillow-4.0.0.win32-py2.7.exe" (not a wheel or source distribution archive (expected one of `.whl`, `.tar.gz`, `.zip`, `.tar.bz2`, `.tar.lz`, `.tar.lzma`, `.tar.xz`, `.tar.zst`, `.tar`, `.tbz`, `.tgz`, `.tlz`, or `.txz`))
DEBUG Skipping file for pillow: "Pillow-4.0.0.win32-py3.3.exe" (not a wheel or source distribution archive (expected one of `.whl`, `.tar.gz`, `.zip`, `.tar.bz2`, `.tar.lz`, `.tar.lzma`, `.tar.xz`, `.tar.zst`, `.tar`, `.tbz`, `.tgz`, `.tlz`, or `.txz`))
DEBUG Skipping file for pillow: "Pillow-4.0.0.win32-py3.4.exe" (not a wheel or source distribution archive (expected one of `.whl`, `.tar.gz`, `.zip`, `.tar.bz2`, `.tar.lz`, `.tar.lzma`, `.tar.xz`, `.tar.zst`, `.tar`, `.tbz`, `.tgz`, `.tlz`, or `.txz`))
DEBUG Skipping file for pillow: "Pillow-4.0.0.win32-py3.5.exe" (not a wheel or source distribution archive (expected one of `.whl`, `.tar.gz`, `.zip`, `.tar.bz2`, `.tar.lz`, `.tar.lzma`, `.tar.xz`, `.tar.zst`, `.tar`, `.tbz`, `.tgz`, `.tlz`, or `.txz`))
DEBUG Skipping file for pillow: "Pillow-4.0.0.win32-py3.6.exe" (not a wheel or source distribution archive (expected one of `.whl`, `.tar.gz`, `.zip`, `.tar.bz2`, `.tar.lz`, `.tar.lzma`, `.tar.xz`, `.tar.zst`, `.tar`, `.tbz`, `.tgz`, `.tlz`, or `.txz`))
DEBUG Skipping file for pillow: "Pillow-4.1.0-py2.7-win-amd64.egg" (not a wheel or source distribution archive (expected one of `.whl`, `.tar.gz`, `.zip`, `.tar.bz2`, `.tar.lz`, `.tar.lzma`, `.tar.xz`, `.tar.zst`, `.tar`, `.tbz`, `.tgz`, `.tlz`, or `.txz`))
DEBUG Skipping file for pillow: "Pillow-4.1.0-py2.7-win32.egg" (not a wheel or source distribution archive (expected one of `.whl`, `.tar.gz`, `.zip`, `.tar.bz2`, `.tar.lz`, `.tar.lzma`, `.tar.xz`, `.tar.zst`, `.tar`, `.tbz`, `.tgz`, `.tlz`, or `.txz`))
DEBUG Skipping file for pillow: "Pillow-4.1.0-py3.3-win-amd64.egg" (not a wheel or source distribution archive (expected one of `.whl`, `.tar.gz`, `.zip`, `.tar.bz2`, `.tar.lz`, `.tar.lzma`, `.tar.xz`, `.tar.zst`, `.tar`, `.tbz`, `.tgz`, `.tlz`, or `.txz`))
DEBUG Skipping file for pillow: "Pillow-4.1.0-py3.3-win32.egg" (not a wheel or source distribution archive (expected one of `.whl`, `.tar.gz`, `.zip`, `.tar.bz2`, `.tar.lz`, `.tar.lzma`, `.tar.xz`, `.tar.zst`, `.tar`, `.tbz`, `.tgz`, `.tlz`, or `.txz`))
DEBUG Skipping file for pillow: "Pillow-4.1.0-py3.4-win-amd64.egg" (not a wheel or source distribution archive (expected one of `.whl`, `.tar.gz`, `.zip`, `.tar.bz2`, `.tar.lz`, `.tar.lzma`, `.tar.xz`, `.tar.zst`, `.tar`, `.tbz`, `.tgz`, `.tlz`, or `.txz`))
DEBUG Skipping file for pillow: "Pillow-4.1.0-py3.4-win32.egg" (not a wheel or source distribution archive (expected one of `.whl`, `.tar.gz`, `.zip`, `.tar.bz2`, `.tar.lz`, `.tar.lzma`, `.tar.xz`, `.tar.zst`, `.tar`, `.tbz`, `.tgz`, `.tlz`, or `.txz`))
DEBUG Skipping file for pillow: "Pillow-4.1.0-py3.5-win-amd64.egg" (not a wheel or source distribution archive (expected one of `.whl`, `.tar.gz`, `.zip`, `.tar.bz2`, `.tar.lz`, `.tar.lzma`, `.tar.xz`, `.tar.zst`, `.tar`, `.tbz`, `.tgz`, `.tlz`, or `.txz`))
DEBUG Skipping file for pillow: "Pillow-4.1.0-py3.5-win32.egg" (not a wheel or source distribution archive (expected one of `.whl`, `.tar.gz`, `.zip`, `.tar.bz2`, `.tar.lz`, `.tar.lzma`, `.tar.xz`, `.tar.zst`, `.tar`, `.tbz`, `.tgz`, `.tlz`, or `.txz`))
DEBUG Skipping file for pillow: "Pillow-4.1.0-py3.6-win-amd64.egg" (not a wheel or source distribution archive (expected one of `.whl`, `.tar.gz`, `.zip`, `.tar.bz2`, `.tar.lz`, `.tar.lzma`, `.tar.xz`, `.tar.zst`, `.tar`, `.tbz`, `.tgz`, `.tlz`, or `.txz`))
DEBUG Skipping file for pillow: "Pillow-4.1.0-py3.6-win32.egg" (not a wheel or source distribution archive (expected one of `.whl`, `.tar.gz`, `.zip`, `.tar.bz2`, `.tar.lz`, `.tar.lzma`, `.tar.xz`, `.tar.zst`, `.tar`, `.tbz`, `.tgz`, `.tlz`, or `.txz`))
DEBUG Skipping file for pillow: "Pillow-4.1.0.win-amd64-py2.7.exe" (not a wheel or source distribution archive (expected one of `.whl`, `.tar.gz`, `.zip`, `.tar.bz2`, `.tar.lz`, `.tar.lzma`, `.tar.xz`, `.tar.zst`, `.tar`, `.tbz`, `.tgz`, `.tlz`, or `.txz`))
DEBUG Skipping file for pillow: "Pillow-4.1.0.win-amd64-py3.3.exe" (not a wheel or source distribution archive (expected one of `.whl`, `.tar.gz`, `.zip`, `.tar.bz2`, `.tar.lz`, `.tar.lzma`, `.tar.xz`, `.tar.zst`, `.tar`, `.tbz`, `.tgz`, `.tlz`, or `.txz`))
DEBUG Skipping file for pillow: "Pillow-4.1.0.win-amd64-py3.4.exe" (not a wheel or source distribution archive (expected one of `.whl`, `.tar.gz`, `.zip`, `.tar.bz2`, `.tar.lz`, `.tar.lzma`, `.tar.xz`, `.tar.zst`, `.tar`, `.tbz`, `.tgz`, `.tlz`, or `.txz`))
DEBUG Skipping file for pillow: "Pillow-4.1.0.win-amd64-py3.5.exe" (not a wheel or source distribution archive (expected one of `.whl`, `.tar.gz`, `.zip`, `.tar.bz2`, `.tar.lz`, `.tar.lzma`, `.tar.xz`, `.tar.zst`, `.tar`, `.tbz`, `.tgz`, `.tlz`, or `.txz`))
DEBUG Skipping file for pillow: "Pillow-4.1.0.win-amd64-py3.6.exe" (not a wheel or source distribution archive (expected one of `.whl`, `.tar.gz`, `.zip`, `.tar.bz2`, `.tar.lz`, `.tar.lzma`, `.tar.xz`, `.tar.zst`, `.tar`, `.tbz`, `.tgz`, `.tlz`, or `.txz`))
DEBUG Skipping file for pillow: "Pillow-4.1.0.win32-py2.7.exe" (not a wheel or source distribution archive (expected one of `.whl`, `.tar.gz`, `.zip`, `.tar.bz2`, `.tar.lz`, `.tar.lzma`, `.tar.xz`, `.tar.zst`, `.tar`, `.tbz`, `.tgz`, `.tlz`, or `.txz`))
DEBUG Skipping file for pillow: "Pillow-4.1.0.win32-py3.3.exe" (not a wheel or source distribution archive (expected one of `.whl`, `.tar.gz`, `.zip`, `.tar.bz2`, `.tar.lz`, `.tar.lzma`, `.tar.xz`, `.tar.zst`, `.tar`, `.tbz`, `.tgz`, `.tlz`, or `.txz`))
DEBUG Skipping file for pillow: "Pillow-4.1.0.win32-py3.4.exe" (not a wheel or source distribution archive (expected one of `.whl`, `.tar.gz`, `.zip`, `.tar.bz2`, `.tar.lz`, `.tar.lzma`, `.tar.xz`, `.tar.zst`, `.tar`, `.tbz`, `.tgz`, `.tlz`, or `.txz`))
DEBUG Skipping file for pillow: "Pillow-4.1.0.win32-py3.5.exe" (not a wheel or source distribution archive (expected one of `.whl`, `.tar.gz`, `.zip`, `.tar.bz2`, `.tar.lz`, `.tar.lzma`, `.tar.xz`, `.tar.zst`, `.tar`, `.tbz`, `.tgz`, `.tlz`, or `.txz`))
DEBUG Skipping file for pillow: "Pillow-4.1.0.win32-py3.6.exe" (not a wheel or source distribution archive (expected one of `.whl`, `.tar.gz`, `.zip`, `.tar.bz2`, `.tar.lz`, `.tar.lzma`, `.tar.xz`, `.tar.zst`, `.tar`, `.tbz`, `.tgz`, `.tlz`, or `.txz`))
DEBUG Skipping file for pillow: "Pillow-4.1.1-py2.7-win-amd64.egg" (not a wheel or source distribution archive (expected one of `.whl`, `.tar.gz`, `.zip`, `.tar.bz2`, `.tar.lz`, `.tar.lzma`, `.tar.xz`, `.tar.zst`, `.tar`, `.tbz`, `.tgz`, `.tlz`, or `.txz`))
DEBUG Skipping file for pillow: "Pillow-4.1.1-py2.7-win32.egg" (not a wheel or source distribution archive (expected one of `.whl`, `.tar.gz`, `.zip`, `.tar.bz2`, `.tar.lz`, `.tar.lzma`, `.tar.xz`, `.tar.zst`, `.tar`, `.tbz`, `.tgz`, `.tlz`, or `.txz`))
DEBUG Skipping file for pillow: "Pillow-4.1.1-py3.3-win-amd64.egg" (not a wheel or source distribution archive (expected one of `.whl`, `.tar.gz`, `.zip`, `.tar.bz2`, `.tar.lz`, `.tar.lzma`, `.tar.xz`, `.tar.zst`, `.tar`, `.tbz`, `.tgz`, `.tlz`, or `.txz`))
DEBUG Skipping file for pillow: "Pillow-4.1.1-py3.3-win32.egg" (not a wheel or source distribution archive (expected one of `.whl`, `.tar.gz`, `.zip`, `.tar.bz2`, `.tar.lz`, `.tar.lzma`, `.tar.xz`, `.tar.zst`, `.tar`, `.tbz`, `.tgz`, `.tlz`, or `.txz`))
DEBUG Skipping file for pillow: "Pillow-4.1.1-py3.4-win-amd64.egg" (not a wheel or source distribution archive (expected one of `.whl`, `.tar.gz`, `.zip`, `.tar.bz2`, `.tar.lz`, `.tar.lzma`, `.tar.xz`, `.tar.zst`, `.tar`, `.tbz`, `.tgz`, `.tlz`, or `.txz`))
DEBUG Skipping file for pillow: "Pillow-4.1.1-py3.4-win32.egg" (not a wheel or source distribution archive (expected one of `.whl`, `.tar.gz`, `.zip`, `.tar.bz2`, `.tar.lz`, `.tar.lzma`, `.tar.xz`, `.tar.zst`, `.tar`, `.tbz`, `.tgz`, `.tlz`, or `.txz`))
DEBUG Skipping file for pillow: "Pillow-4.1.1-py3.5-win-amd64.egg" (not a wheel or source distribution archive (expected one of `.whl`, `.tar.gz`, `.zip`, `.tar.bz2`, `.tar.lz`, `.tar.lzma`, `.tar.xz`, `.tar.zst`, `.tar`, `.tbz`, `.tgz`, `.tlz`, or `.txz`))
DEBUG Skipping file for pillow: "Pillow-4.1.1-py3.5-win32.egg" (not a wheel or source distribution archive (expected one of `.whl`, `.tar.gz`, `.zip`, `.tar.bz2`, `.tar.lz`, `.tar.lzma`, `.tar.xz`, `.tar.zst`, `.tar`, `.tbz`, `.tgz`, `.tlz`, or `.txz`))
DEBUG Skipping file for pillow: "Pillow-4.1.1-py3.6-win-amd64.egg" (not a wheel or source distribution archive (expected one of `.whl`, `.tar.gz`, `.zip`, `.tar.bz2`, `.tar.lz`, `.tar.lzma`, `.tar.xz`, `.tar.zst`, `.tar`, `.tbz`, `.tgz`, `.tlz`, or `.txz`))
DEBUG Skipping file for pillow: "Pillow-4.1.1-py3.6-win32.egg" (not a wheel or source distribution archive (expected one of `.whl`, `.tar.gz`, `.zip`, `.tar.bz2`, `.tar.lz`, `.tar.lzma`, `.tar.xz`, `.tar.zst`, `.tar`, `.tbz`, `.tgz`, `.tlz`, or `.txz`))
DEBUG Skipping file for pillow: "Pillow-4.1.1.win-amd64-py2.7.exe" (not a wheel or source distribution archive (expected one of `.whl`, `.tar.gz`, `.zip`, `.tar.bz2`, `.tar.lz`, `.tar.lzma`, `.tar.xz`, `.tar.zst`, `.tar`, `.tbz`, `.tgz`, `.tlz`, or `.txz`))
DEBUG Skipping file for pillow: "Pillow-4.1.1.win-amd64-py3.3.exe" (not a wheel or source distribution archive (expected one of `.whl`, `.tar.gz`, `.zip`, `.tar.bz2`, `.tar.lz`, `.tar.lzma`, `.tar.xz`, `.tar.zst`, `.tar`, `.tbz`, `.tgz`, `.tlz`, or `.txz`))
DEBUG Skipping file for pillow: "Pillow-4.1.1.win-amd64-py3.4.exe" (not a wheel or source distribution archive (expected one of `.whl`, `.tar.gz`, `.zip`, `.tar.bz2`, `.tar.lz`, `.tar.lzma`, `.tar.xz`, `.tar.zst`, `.tar`, `.tbz`, `.tgz`, `.tlz`, or `.txz`))
DEBUG Skipping file for pillow: "Pillow-4.1.1.win-amd64-py3.5.exe" (not a wheel or source distribution archive (expected one of `.whl`, `.tar.gz`, `.zip`, `.tar.bz2`, `.tar.lz`, `.tar.lzma`, `.tar.xz`, `.tar.zst`, `.tar`, `.tbz`, `.tgz`, `.tlz`, or `.txz`))
DEBUG Skipping file for pillow: "Pillow-4.1.1.win-amd64-py3.6.exe" (not a wheel or source distribution archive (expected one of `.whl`, `.tar.gz`, `.zip`, `.tar.bz2`, `.tar.lz`, `.tar.lzma`, `.tar.xz`, `.tar.zst`, `.tar`, `.tbz`, `.tgz`, `.tlz`, or `.txz`))
DEBUG Skipping file for pillow: "Pillow-4.1.1.win32-py2.7.exe" (not a wheel or source distribution archive (expected one of `.whl`, `.tar.gz`, `.zip`, `.tar.bz2`, `.tar.lz`, `.tar.lzma`, `.tar.xz`, `.tar.zst`, `.tar`, `.tbz`, `.tgz`, `.tlz`, or `.txz`))
DEBUG Skipping file for pillow: "Pillow-4.1.1.win32-py3.3.exe" (not a wheel or source distribution archive (expected one of `.whl`, `.tar.gz`, `.zip`, `.tar.bz2`, `.tar.lz`, `.tar.lzma`, `.tar.xz`, `.tar.zst`, `.tar`, `.tbz`, `.tgz`, `.tlz`, or `.txz`))
DEBUG Skipping file for pillow: "Pillow-4.1.1.win32-py3.4.exe" (not a wheel or source distribution archive (expected one of `.whl`, `.tar.gz`, `.zip`, `.tar.bz2`, `.tar.lz`, `.tar.lzma`, `.tar.xz`, `.tar.zst`, `.tar`, `.tbz`, `.tgz`, `.tlz`, or `.txz`))
DEBUG Skipping file for pillow: "Pillow-4.1.1.win32-py3.5.exe" (not a wheel or source distribution archive (expected one of `.whl`, `.tar.gz`, `.zip`, `.tar.bz2`, `.tar.lz`, `.tar.lzma`, `.tar.xz`, `.tar.zst`, `.tar`, `.tbz`, `.tgz`, `.tlz`, or `.txz`))
DEBUG Skipping file for pillow: "Pillow-4.1.1.win32-py3.6.exe" (not a wheel or source distribution archive (expected one of `.whl`, `.tar.gz`, `.zip`, `.tar.bz2`, `.tar.lz`, `.tar.lzma`, `.tar.xz`, `.tar.zst`, `.tar`, `.tbz`, `.tgz`, `.tlz`, or `.txz`))
DEBUG Skipping file for pillow: "Pillow-4.2.0-py2.7-win-amd64.egg" (not a wheel or source distribution archive (expected one of `.whl`, `.tar.gz`, `.zip`, `.tar.bz2`, `.tar.lz`, `.tar.lzma`, `.tar.xz`, `.tar.zst`, `.tar`, `.tbz`, `.tgz`, `.tlz`, or `.txz`))
DEBUG Skipping file for pillow: "Pillow-4.2.0-py2.7-win32.egg" (not a wheel or source distribution archive (expected one of `.whl`, `.tar.gz`, `.zip`, `.tar.bz2`, `.tar.lz`, `.tar.lzma`, `.tar.xz`, `.tar.zst`, `.tar`, `.tbz`, `.tgz`, `.tlz`, or `.txz`))
DEBUG Skipping file for pillow: "Pillow-4.2.0-py3.3-win-amd64.egg" (not a wheel or source distribution archive (expected one of `.whl`, `.tar.gz`, `.zip`, `.tar.bz2`, `.tar.lz`, `.tar.lzma`, `.tar.xz`, `.tar.zst`, `.tar`, `.tbz`, `.tgz`, `.tlz`, or `.txz`))
DEBUG Skipping file for pillow: "Pillow-4.2.0-py3.3-win32.egg" (not a wheel or source distribution archive (expected one of `.whl`, `.tar.gz`, `.zip`, `.tar.bz2`, `.tar.lz`, `.tar.lzma`, `.tar.xz`, `.tar.zst`, `.tar`, `.tbz`, `.tgz`, `.tlz`, or `.txz`))
DEBUG Skipping file for pillow: "Pillow-4.2.0-py3.4-win-amd64.egg" (not a wheel or source distribution archive (expected one of `.whl`, `.tar.gz`, `.zip`, `.tar.bz2`, `.tar.lz`, `.tar.lzma`, `.tar.xz`, `.tar.zst`, `.tar`, `.tbz`, `.tgz`, `.tlz`, or `.txz`))
DEBUG Skipping file for pillow: "Pillow-4.2.0-py3.4-win32.egg" (not a wheel or source distribution archive (expected one of `.whl`, `.tar.gz`, `.zip`, `.tar.bz2`, `.tar.lz`, `.tar.lzma`, `.tar.xz`, `.tar.zst`, `.tar`, `.tbz`, `.tgz`, `.tlz`, or `.txz`))
DEBUG Skipping file for pillow: "Pillow-4.2.0-py3.5-win-amd64.egg" (not a wheel or source distribution archive (expected one of `.whl`, `.tar.gz`, `.zip`, `.tar.bz2`, `.tar.lz`, `.tar.lzma`, `.tar.xz`, `.tar.zst`, `.tar`, `.tbz`, `.tgz`, `.tlz`, or `.txz`))
DEBUG Skipping file for pillow: "Pillow-4.2.0-py3.5-win32.egg" (not a wheel or source distribution archive (expected one of `.whl`, `.tar.gz`, `.zip`, `.tar.bz2`, `.tar.lz`, `.tar.lzma`, `.tar.xz`, `.tar.zst`, `.tar`, `.tbz`, `.tgz`, `.tlz`, or `.txz`))
DEBUG Skipping file for pillow: "Pillow-4.2.0-py3.6-win-amd64.egg" (not a wheel or source distribution archive (expected one of `.whl`, `.tar.gz`, `.zip`, `.tar.bz2`, `.tar.lz`, `.tar.lzma`, `.tar.xz`, `.tar.zst`, `.tar`, `.tbz`, `.tgz`, `.tlz`, or `.txz`))
DEBUG Skipping file for pillow: "Pillow-4.2.0-py3.6-win32.egg" (not a wheel or source distribution archive (expected one of `.whl`, `.tar.gz`, `.zip`, `.tar.bz2`, `.tar.lz`, `.tar.lzma`, `.tar.xz`, `.tar.zst`, `.tar`, `.tbz`, `.tgz`, `.tlz`, or `.txz`))
DEBUG Skipping file for pillow: "Pillow-4.2.0.win-amd64-py2.7.exe" (not a wheel or source distribution archive (expected one of `.whl`, `.tar.gz`, `.zip`, `.tar.bz2`, `.tar.lz`, `.tar.lzma`, `.tar.xz`, `.tar.zst`, `.tar`, `.tbz`, `.tgz`, `.tlz`, or `.txz`))
DEBUG Skipping file for pillow: "Pillow-4.2.0.win-amd64-py3.3.exe" (not a wheel or source distribution archive (expected one of `.whl`, `.tar.gz`, `.zip`, `.tar.bz2`, `.tar.lz`, `.tar.lzma`, `.tar.xz`, `.tar.zst`, `.tar`, `.tbz`, `.tgz`, `.tlz`, or `.txz`))
DEBUG Skipping file for pillow: "Pillow-4.2.0.win-amd64-py3.4.exe" (not a wheel or source distribution archive (expected one of `.whl`, `.tar.gz`, `.zip`, `.tar.bz2`, `.tar.lz`, `.tar.lzma`, `.tar.xz`, `.tar.zst`, `.tar`, `.tbz`, `.tgz`, `.tlz`, or `.txz`))
DEBUG Skipping file for pillow: "Pillow-4.2.0.win-amd64-py3.5.exe" (not a wheel or source distribution archive (expected one of `.whl`, `.tar.gz`, `.zip`, `.tar.bz2`, `.tar.lz`, `.tar.lzma`, `.tar.xz`, `.tar.zst`, `.tar`, `.tbz`, `.tgz`, `.tlz`, or `.txz`))
DEBUG Skipping file for pillow: "Pillow-4.2.0.win-amd64-py3.6.exe" (not a wheel or source distribution archive (expected one of `.whl`, `.tar.gz`, `.zip`, `.tar.bz2`, `.tar.lz`, `.tar.lzma`, `.tar.xz`, `.tar.zst`, `.tar`, `.tbz`, `.tgz`, `.tlz`, or `.txz`))
DEBUG Skipping file for pillow: "Pillow-4.2.0.win32-py2.7.exe" (not a wheel or source distribution archive (expected one of `.whl`, `.tar.gz`, `.zip`, `.tar.bz2`, `.tar.lz`, `.tar.lzma`, `.tar.xz`, `.tar.zst`, `.tar`, `.tbz`, `.tgz`, `.tlz`, or `.txz`))
DEBUG Skipping file for pillow: "Pillow-4.2.0.win32-py3.3.exe" (not a wheel or source distribution archive (expected one of `.whl`, `.tar.gz`, `.zip`, `.tar.bz2`, `.tar.lz`, `.tar.lzma`, `.tar.xz`, `.tar.zst`, `.tar`, `.tbz`, `.tgz`, `.tlz`, or `.txz`))
DEBUG Skipping file for pillow: "Pillow-4.2.0.win32-py3.4.exe" (not a wheel or source distribution archive (expected one of `.whl`, `.tar.gz`, `.zip`, `.tar.bz2`, `.tar.lz`, `.tar.lzma`, `.tar.xz`, `.tar.zst`, `.tar`, `.tbz`, `.tgz`, `.tlz`, or `.txz`))
DEBUG Skipping file for pillow: "Pillow-4.2.0.win32-py3.5.exe" (not a wheel or source distribution archive (expected one of `.whl`, `.tar.gz`, `.zip`, `.tar.bz2`, `.tar.lz`, `.tar.lzma`, `.tar.xz`, `.tar.zst`, `.tar`, `.tbz`, `.tgz`, `.tlz`, or `.txz`))
DEBUG Skipping file for pillow: "Pillow-4.2.0.win32-py3.6.exe" (not a wheel or source distribution archive (expected one of `.whl`, `.tar.gz`, `.zip`, `.tar.bz2`, `.tar.lz`, `.tar.lzma`, `.tar.xz`, `.tar.zst`, `.tar`, `.tbz`, `.tgz`, `.tlz`, or `.txz`))
DEBUG Skipping file for pillow: "Pillow-4.2.1-py2.7-win-amd64.egg" (not a wheel or source distribution archive (expected one of `.whl`, `.tar.gz`, `.zip`, `.tar.bz2`, `.tar.lz`, `.tar.lzma`, `.tar.xz`, `.tar.zst`, `.tar`, `.tbz`, `.tgz`, `.tlz`, or `.txz`))
DEBUG Skipping file for pillow: "Pillow-4.2.1-py2.7-win32.egg" (not a wheel or source distribution archive (expected one of `.whl`, `.tar.gz`, `.zip`, `.tar.bz2`, `.tar.lz`, `.tar.lzma`, `.tar.xz`, `.tar.zst`, `.tar`, `.tbz`, `.tgz`, `.tlz`, or `.txz`))
DEBUG Skipping file for pillow: "Pillow-4.2.1-py3.3-win-amd64.egg" (not a wheel or source distribution archive (expected one of `.whl`, `.tar.gz`, `.zip`, `.tar.bz2`, `.tar.lz`, `.tar.lzma`, `.tar.xz`, `.tar.zst`, `.tar`, `.tbz`, `.tgz`, `.tlz`, or `.txz`))
DEBUG Skipping file for pillow: "Pillow-4.2.1-py3.3-win32.egg" (not a wheel or source distribution archive (expected one of `.whl`, `.tar.gz`, `.zip`, `.tar.bz2`, `.tar.lz`, `.tar.lzma`, `.tar.xz`, `.tar.zst`, `.tar`, `.tbz`, `.tgz`, `.tlz`, or `.txz`))
DEBUG Skipping file for pillow: "Pillow-4.2.1-py3.4-win-amd64.egg" (not a wheel or source distribution archive (expected one of `.whl`, `.tar.gz`, `.zip`, `.tar.bz2`, `.tar.lz`, `.tar.lzma`, `.tar.xz`, `.tar.zst`, `.tar`, `.tbz`, `.tgz`, `.tlz`, or `.txz`))
DEBUG Skipping file for pillow: "Pillow-4.2.1-py3.4-win32.egg" (not a wheel or source distribution archive (expected one of `.whl`, `.tar.gz`, `.zip`, `.tar.bz2`, `.tar.lz`, `.tar.lzma`, `.tar.xz`, `.tar.zst`, `.tar`, `.tbz`, `.tgz`, `.tlz`, or `.txz`))
DEBUG Skipping file for pillow: "Pillow-4.2.1-py3.5-win-amd64.egg" (not a wheel or source distribution archive (expected one of `.whl`, `.tar.gz`, `.zip`, `.tar.bz2`, `.tar.lz`, `.tar.lzma`, `.tar.xz`, `.tar.zst`, `.tar`, `.tbz`, `.tgz`, `.tlz`, or `.txz`))
DEBUG Skipping file for pillow: "Pillow-4.2.1-py3.5-win32.egg" (not a wheel or source distribution archive (expected one of `.whl`, `.tar.gz`, `.zip`, `.tar.bz2`, `.tar.lz`, `.tar.lzma`, `.tar.xz`, `.tar.zst`, `.tar`, `.tbz`, `.tgz`, `.tlz`, or `.txz`))
DEBUG Skipping file for pillow: "Pillow-4.2.1-py3.6-win-amd64.egg" (not a wheel or source distribution archive (expected one of `.whl`, `.tar.gz`, `.zip`, `.tar.bz2`, `.tar.lz`, `.tar.lzma`, `.tar.xz`, `.tar.zst`, `.tar`, `.tbz`, `.tgz`, `.tlz`, or `.txz`))
DEBUG Skipping file for pillow: "Pillow-4.2.1-py3.6-win32.egg" (not a wheel or source distribution archive (expected one of `.whl`, `.tar.gz`, `.zip`, `.tar.bz2`, `.tar.lz`, `.tar.lzma`, `.tar.xz`, `.tar.zst`, `.tar`, `.tbz`, `.tgz`, `.tlz`, or `.txz`))
DEBUG Skipping file for pillow: "Pillow-4.2.1.win-amd64-py2.7.exe" (not a wheel or source distribution archive (expected one of `.whl`, `.tar.gz`, `.zip`, `.tar.bz2`, `.tar.lz`, `.tar.lzma`, `.tar.xz`, `.tar.zst`, `.tar`, `.tbz`, `.tgz`, `.tlz`, or `.txz`))
DEBUG Skipping file for pillow: "Pillow-4.2.1.win-amd64-py3.3.exe" (not a wheel or source distribution archive (expected one of `.whl`, `.tar.gz`, `.zip`, `.tar.bz2`, `.tar.lz`, `.tar.lzma`, `.tar.xz`, `.tar.zst`, `.tar`, `.tbz`, `.tgz`, `.tlz`, or `.txz`))
DEBUG Skipping file for pillow: "Pillow-4.2.1.win-amd64-py3.4.exe" (not a wheel or source distribution archive (expected one of `.whl`, `.tar.gz`, `.zip`, `.tar.bz2`, `.tar.lz`, `.tar.lzma`, `.tar.xz`, `.tar.zst`, `.tar`, `.tbz`, `.tgz`, `.tlz`, or `.txz`))
DEBUG Skipping file for pillow: "Pillow-4.2.1.win-amd64-py3.5.exe" (not a wheel or source distribution archive (expected one of `.whl`, `.tar.gz`, `.zip`, `.tar.bz2`, `.tar.lz`, `.tar.lzma`, `.tar.xz`, `.tar.zst`, `.tar`, `.tbz`, `.tgz`, `.tlz`, or `.txz`))
DEBUG Skipping file for pillow: "Pillow-4.2.1.win-amd64-py3.6.exe" (not a wheel or source distribution archive (expected one of `.whl`, `.tar.gz`, `.zip`, `.tar.bz2`, `.tar.lz`, `.tar.lzma`, `.tar.xz`, `.tar.zst`, `.tar`, `.tbz`, `.tgz`, `.tlz`, or `.txz`))
DEBUG Skipping file for pillow: "Pillow-4.2.1.win32-py2.7.exe" (not a wheel or source distribution archive (expected one of `.whl`, `.tar.gz`, `.zip`, `.tar.bz2`, `.tar.lz`, `.tar.lzma`, `.tar.xz`, `.tar.zst`, `.tar`, `.tbz`, `.tgz`, `.tlz`, or `.txz`))
DEBUG Skipping file for pillow: "Pillow-4.2.1.win32-py3.3.exe" (not a wheel or source distribution archive (expected one of `.whl`, `.tar.gz`, `.zip`, `.tar.bz2`, `.tar.lz`, `.tar.lzma`, `.tar.xz`, `.tar.zst`, `.tar`, `.tbz`, `.tgz`, `.tlz`, or `.txz`))
DEBUG Skipping file for pillow: "Pillow-4.2.1.win32-py3.4.exe" (not a wheel or source distribution archive (expected one of `.whl`, `.tar.gz`, `.zip`, `.tar.bz2`, `.tar.lz`, `.tar.lzma`, `.tar.xz`, `.tar.zst`, `.tar`, `.tbz`, `.tgz`, `.tlz`, or `.txz`))
DEBUG Skipping file for pillow: "Pillow-4.2.1.win32-py3.5.exe" (not a wheel or source distribution archive (expected one of `.whl`, `.tar.gz`, `.zip`, `.tar.bz2`, `.tar.lz`, `.tar.lzma`, `.tar.xz`, `.tar.zst`, `.tar`, `.tbz`, `.tgz`, `.tlz`, or `.txz`))
DEBUG Skipping file for pillow: "Pillow-4.2.1.win32-py3.6.exe" (not a wheel or source distribution archive (expected one of `.whl`, `.tar.gz`, `.zip`, `.tar.bz2`, `.tar.lz`, `.tar.lzma`, `.tar.xz`, `.tar.zst`, `.tar`, `.tbz`, `.tgz`, `.tlz`, or `.txz`))
DEBUG Skipping file for pillow: "Pillow-4.3.0-py2.7-win-amd64.egg" (not a wheel or source distribution archive (expected one of `.whl`, `.tar.gz`, `.zip`, `.tar.bz2`, `.tar.lz`, `.tar.lzma`, `.tar.xz`, `.tar.zst`, `.tar`, `.tbz`, `.tgz`, `.tlz`, or `.txz`))
DEBUG Skipping file for pillow: "Pillow-4.3.0-py2.7-win32.egg" (not a wheel or source distribution archive (expected one of `.whl`, `.tar.gz`, `.zip`, `.tar.bz2`, `.tar.lz`, `.tar.lzma`, `.tar.xz`, `.tar.zst`, `.tar`, `.tbz`, `.tgz`, `.tlz`, or `.txz`))
DEBUG Skipping file for pillow: "Pillow-4.3.0-py3.3-win-amd64.egg" (not a wheel or source distribution archive (expected one of `.whl`, `.tar.gz`, `.zip`, `.tar.bz2`, `.tar.lz`, `.tar.lzma`, `.tar.xz`, `.tar.zst`, `.tar`, `.tbz`, `.tgz`, `.tlz`, or `.txz`))
DEBUG Skipping file for pillow: "Pillow-4.3.0-py3.3-win32.egg" (not a wheel or source distribution archive (expected one of `.whl`, `.tar.gz`, `.zip`, `.tar.bz2`, `.tar.lz`, `.tar.lzma`, `.tar.xz`, `.tar.zst`, `.tar`, `.tbz`, `.tgz`, `.tlz`, or `.txz`))
DEBUG Skipping file for pillow: "Pillow-4.3.0-py3.4-win-amd64.egg" (not a wheel or source distribution archive (expected one of `.whl`, `.tar.gz`, `.zip`, `.tar.bz2`, `.tar.lz`, `.tar.lzma`, `.tar.xz`, `.tar.zst`, `.tar`, `.tbz`, `.tgz`, `.tlz`, or `.txz`))
DEBUG Skipping file for pillow: "Pillow-4.3.0-py3.4-win32.egg" (not a wheel or source distribution archive (expected one of `.whl`, `.tar.gz`, `.zip`, `.tar.bz2`, `.tar.lz`, `.tar.lzma`, `.tar.xz`, `.tar.zst`, `.tar`, `.tbz`, `.tgz`, `.tlz`, or `.txz`))
DEBUG Skipping file for pillow: "Pillow-4.3.0-py3.5-win-amd64.egg" (not a wheel or source distribution archive (expected one of `.whl`, `.tar.gz`, `.zip`, `.tar.bz2`, `.tar.lz`, `.tar.lzma`, `.tar.xz`, `.tar.zst`, `.tar`, `.tbz`, `.tgz`, `.tlz`, or `.txz`))
DEBUG Skipping file for pillow: "Pillow-4.3.0-py3.5-win32.egg" (not a wheel or source distribution archive (expected one of `.whl`, `.tar.gz`, `.zip`, `.tar.bz2`, `.tar.lz`, `.tar.lzma`, `.tar.xz`, `.tar.zst`, `.tar`, `.tbz`, `.tgz`, `.tlz`, or `.txz`))
DEBUG Skipping file for pillow: "Pillow-4.3.0-py3.6-win-amd64.egg" (not a wheel or source distribution archive (expected one of `.whl`, `.tar.gz`, `.zip`, `.tar.bz2`, `.tar.lz`, `.tar.lzma`, `.tar.xz`, `.tar.zst`, `.tar`, `.tbz`, `.tgz`, `.tlz`, or `.txz`))
DEBUG Skipping file for pillow: "Pillow-4.3.0-py3.6-win32.egg" (not a wheel or source distribution archive (expected one of `.whl`, `.tar.gz`, `.zip`, `.tar.bz2`, `.tar.lz`, `.tar.lzma`, `.tar.xz`, `.tar.zst`, `.tar`, `.tbz`, `.tgz`, `.tlz`, or `.txz`))
DEBUG Skipping file for pillow: "Pillow-4.3.0.win-amd64-py2.7.exe" (not a wheel or source distribution archive (expected one of `.whl`, `.tar.gz`, `.zip`, `.tar.bz2`, `.tar.lz`, `.tar.lzma`, `.tar.xz`, `.tar.zst`, `.tar`, `.tbz`, `.tgz`, `.tlz`, or `.txz`))
DEBUG Skipping file for pillow: "Pillow-4.3.0.win-amd64-py3.3.exe" (not a wheel or source distribution archive (expected one of `.whl`, `.tar.gz`, `.zip`, `.tar.bz2`, `.tar.lz`, `.tar.lzma`, `.tar.xz`, `.tar.zst`, `.tar`, `.tbz`, `.tgz`, `.tlz`, or `.txz`))
DEBUG Skipping file for pillow: "Pillow-4.3.0.win-amd64-py3.4.exe" (not a wheel or source distribution archive (expected one of `.whl`, `.tar.gz`, `.zip`, `.tar.bz2`, `.tar.lz`, `.tar.lzma`, `.tar.xz`, `.tar.zst`, `.tar`, `.tbz`, `.tgz`, `.tlz`, or `.txz`))
DEBUG Skipping file for pillow: "Pillow-4.3.0.win-amd64-py3.5.exe" (not a wheel or source distribution archive (expected one of `.whl`, `.tar.gz`, `.zip`, `.tar.bz2`, `.tar.lz`, `.tar.lzma`, `.tar.xz`, `.tar.zst`, `.tar`, `.tbz`, `.tgz`, `.tlz`, or `.txz`))
DEBUG Skipping file for pillow: "Pillow-4.3.0.win-amd64-py3.6.exe" (not a wheel or source distribution archive (expected one of `.whl`, `.tar.gz`, `.zip`, `.tar.bz2`, `.tar.lz`, `.tar.lzma`, `.tar.xz`, `.tar.zst`, `.tar`, `.tbz`, `.tgz`, `.tlz`, or `.txz`))
DEBUG Skipping file for pillow: "Pillow-4.3.0.win32-py2.7.exe" (not a wheel or source distribution archive (expected one of `.whl`, `.tar.gz`, `.zip`, `.tar.bz2`, `.tar.lz`, `.tar.lzma`, `.tar.xz`, `.tar.zst`, `.tar`, `.tbz`, `.tgz`, `.tlz`, or `.txz`))
DEBUG Skipping file for pillow: "Pillow-4.3.0.win32-py3.3.exe" (not a wheel or source distribution archive (expected one of `.whl`, `.tar.gz`, `.zip`, `.tar.bz2`, `.tar.lz`, `.tar.lzma`, `.tar.xz`, `.tar.zst`, `.tar`, `.tbz`, `.tgz`, `.tlz`, or `.txz`))
DEBUG Skipping file for pillow: "Pillow-4.3.0.win32-py3.4.exe" (not a wheel or source distribution archive (expected one of `.whl`, `.tar.gz`, `.zip`, `.tar.bz2`, `.tar.lz`, `.tar.lzma`, `.tar.xz`, `.tar.zst`, `.tar`, `.tbz`, `.tgz`, `.tlz`, or `.txz`))
DEBUG Skipping file for pillow: "Pillow-4.3.0.win32-py3.5.exe" (not a wheel or source distribution archive (expected one of `.whl`, `.tar.gz`, `.zip`, `.tar.bz2`, `.tar.lz`, `.tar.lzma`, `.tar.xz`, `.tar.zst`, `.tar`, `.tbz`, `.tgz`, `.tlz`, or `.txz`))
DEBUG Skipping file for pillow: "Pillow-4.3.0.win32-py3.6.exe" (not a wheel or source distribution archive (expected one of `.whl`, `.tar.gz`, `.zip`, `.tar.bz2`, `.tar.lz`, `.tar.lzma`, `.tar.xz`, `.tar.zst`, `.tar`, `.tbz`, `.tgz`, `.tlz`, or `.txz`))
DEBUG Skipping file for pillow: "Pillow-5.0.0-py2.7-win-amd64.egg" (not a wheel or source distribution archive (expected one of `.whl`, `.tar.gz`, `.zip`, `.tar.bz2`, `.tar.lz`, `.tar.lzma`, `.tar.xz`, `.tar.zst`, `.tar`, `.tbz`, `.tgz`, `.tlz`, or `.txz`))
DEBUG Skipping file for pillow: "Pillow-5.0.0-py2.7-win32.egg" (not a wheel or source distribution archive (expected one of `.whl`, `.tar.gz`, `.zip`, `.tar.bz2`, `.tar.lz`, `.tar.lzma`, `.tar.xz`, `.tar.zst`, `.tar`, `.tbz`, `.tgz`, `.tlz`, or `.txz`))
DEBUG Skipping file for pillow: "Pillow-5.0.0-py3.4-win-amd64.egg" (not a wheel or source distribution archive (expected one of `.whl`, `.tar.gz`, `.zip`, `.tar.bz2`, `.tar.lz`, `.tar.lzma`, `.tar.xz`, `.tar.zst`, `.tar`, `.tbz`, `.tgz`, `.tlz`, or `.txz`))
DEBUG Skipping file for pillow: "Pillow-5.0.0-py3.4-win32.egg" (not a wheel or source distribution archive (expected one of `.whl`, `.tar.gz`, `.zip`, `.tar.bz2`, `.tar.lz`, `.tar.lzma`, `.tar.xz`, `.tar.zst`, `.tar`, `.tbz`, `.tgz`, `.tlz`, or `.txz`))
DEBUG Skipping file for pillow: "Pillow-5.0.0-py3.5-win-amd64.egg" (not a wheel or source distribution archive (expected one of `.whl`, `.tar.gz`, `.zip`, `.tar.bz2`, `.tar.lz`, `.tar.lzma`, `.tar.xz`, `.tar.zst`, `.tar`, `.tbz`, `.tgz`, `.tlz`, or `.txz`))
DEBUG Skipping file for pillow: "Pillow-5.0.0-py3.5-win32.egg" (not a wheel or source distribution archive (expected one of `.whl`, `.tar.gz`, `.zip`, `.tar.bz2`, `.tar.lz`, `.tar.lzma`, `.tar.xz`, `.tar.zst`, `.tar`, `.tbz`, `.tgz`, `.tlz`, or `.txz`))
DEBUG Skipping file for pillow: "Pillow-5.0.0-py3.6-win-amd64.egg" (not a wheel or source distribution archive (expected one of `.whl`, `.tar.gz`, `.zip`, `.tar.bz2`, `.tar.lz`, `.tar.lzma`, `.tar.xz`, `.tar.zst`, `.tar`, `.tbz`, `.tgz`, `.tlz`, or `.txz`))
DEBUG Skipping file for pillow: "Pillow-5.0.0-py3.6-win32.egg" (not a wheel or source distribution archive (expected one of `.whl`, `.tar.gz`, `.zip`, `.tar.bz2`, `.tar.lz`, `.tar.lzma`, `.tar.xz`, `.tar.zst`, `.tar`, `.tbz`, `.tgz`, `.tlz`, or `.txz`))
DEBUG Skipping file for pillow: "Pillow-5.0.0.win-amd64-py2.7.exe" (not a wheel or source distribution archive (expected one of `.whl`, `.tar.gz`, `.zip`, `.tar.bz2`, `.tar.lz`, `.tar.lzma`, `.tar.xz`, `.tar.zst`, `.tar`, `.tbz`, `.tgz`, `.tlz`, or `.txz`))
DEBUG Skipping file for pillow: "Pillow-5.0.0.win-amd64-py3.4.exe" (not a wheel or source distribution archive (expected one of `.whl`, `.tar.gz`, `.zip`, `.tar.bz2`, `.tar.lz`, `.tar.lzma`, `.tar.xz`, `.tar.zst`, `.tar`, `.tbz`, `.tgz`, `.tlz`, or `.txz`))
DEBUG Skipping file for pillow: "Pillow-5.0.0.win-amd64-py3.5.exe" (not a wheel or source distribution archive (expected one of `.whl`, `.tar.gz`, `.zip`, `.tar.bz2`, `.tar.lz`, `.tar.lzma`, `.tar.xz`, `.tar.zst`, `.tar`, `.tbz`, `.tgz`, `.tlz`, or `.txz`))
DEBUG Skipping file for pillow: "Pillow-5.0.0.win-amd64-py3.6.exe" (not a wheel or source distribution archive (expected one of `.whl`, `.tar.gz`, `.zip`, `.tar.bz2`, `.tar.lz`, `.tar.lzma`, `.tar.xz`, `.tar.zst`, `.tar`, `.tbz`, `.tgz`, `.tlz`, or `.txz`))
DEBUG Skipping file for pillow: "Pillow-5.0.0.win32-py2.7.exe" (not a wheel or source distribution archive (expected one of `.whl`, `.tar.gz`, `.zip`, `.tar.bz2`, `.tar.lz`, `.tar.lzma`, `.tar.xz`, `.tar.zst`, `.tar`, `.tbz`, `.tgz`, `.tlz`, or `.txz`))
DEBUG Skipping file for pillow: "Pillow-5.0.0.win32-py3.4.exe" (not a wheel or source distribution archive (expected one of `.whl`, `.tar.gz`, `.zip`, `.tar.bz2`, `.tar.lz`, `.tar.lzma`, `.tar.xz`, `.tar.zst`, `.tar`, `.tbz`, `.tgz`, `.tlz`, or `.txz`))
DEBUG Skipping file for pillow: "Pillow-5.0.0.win32-py3.5.exe" (not a wheel or source distribution archive (expected one of `.whl`, `.tar.gz`, `.zip`, `.tar.bz2`, `.tar.lz`, `.tar.lzma`, `.tar.xz`, `.tar.zst`, `.tar`, `.tbz`, `.tgz`, `.tlz`, or `.txz`))
DEBUG Skipping file for pillow: "Pillow-5.0.0.win32-py3.6.exe" (not a wheel or source distribution archive (expected one of `.whl`, `.tar.gz`, `.zip`, `.tar.bz2`, `.tar.lz`, `.tar.lzma`, `.tar.xz`, `.tar.zst`, `.tar`, `.tbz`, `.tgz`, `.tlz`, or `.txz`))
DEBUG Skipping file for pillow: "Pillow-5.1.0-py2.7-win-amd64.egg" (not a wheel or source distribution archive (expected one of `.whl`, `.tar.gz`, `.zip`, `.tar.bz2`, `.tar.lz`, `.tar.lzma`, `.tar.xz`, `.tar.zst`, `.tar`, `.tbz`, `.tgz`, `.tlz`, or `.txz`))
DEBUG Skipping file for pillow: "Pillow-5.1.0-py2.7-win32.egg" (not a wheel or source distribution archive (expected one of `.whl`, `.tar.gz`, `.zip`, `.tar.bz2`, `.tar.lz`, `.tar.lzma`, `.tar.xz`, `.tar.zst`, `.tar`, `.tbz`, `.tgz`, `.tlz`, or `.txz`))
DEBUG Skipping file for pillow: "Pillow-5.1.0-py3.4-win-amd64.egg" (not a wheel or source distribution archive (expected one of `.whl`, `.tar.gz`, `.zip`, `.tar.bz2`, `.tar.lz`, `.tar.lzma`, `.tar.xz`, `.tar.zst`, `.tar`, `.tbz`, `.tgz`, `.tlz`, or `.txz`))
DEBUG Skipping file for pillow: "Pillow-5.1.0-py3.4-win32.egg" (not a wheel or source distribution archive (expected one of `.whl`, `.tar.gz`, `.zip`, `.tar.bz2`, `.tar.lz`, `.tar.lzma`, `.tar.xz`, `.tar.zst`, `.tar`, `.tbz`, `.tgz`, `.tlz`, or `.txz`))
DEBUG Skipping file for pillow: "Pillow-5.1.0-py3.5-win-amd64.egg" (not a wheel or source distribution archive (expected one of `.whl`, `.tar.gz`, `.zip`, `.tar.bz2`, `.tar.lz`, `.tar.lzma`, `.tar.xz`, `.tar.zst`, `.tar`, `.tbz`, `.tgz`, `.tlz`, or `.txz`))
DEBUG Skipping file for pillow: "Pillow-5.1.0-py3.5-win32.egg" (not a wheel or source distribution archive (expected one of `.whl`, `.tar.gz`, `.zip`, `.tar.bz2`, `.tar.lz`, `.tar.lzma`, `.tar.xz`, `.tar.zst`, `.tar`, `.tbz`, `.tgz`, `.tlz`, or `.txz`))
DEBUG Skipping file for pillow: "Pillow-5.1.0-py3.6-win-amd64.egg" (not a wheel or source distribution archive (expected one of `.whl`, `.tar.gz`, `.zip`, `.tar.bz2`, `.tar.lz`, `.tar.lzma`, `.tar.xz`, `.tar.zst`, `.tar`, `.tbz`, `.tgz`, `.tlz`, or `.txz`))
DEBUG Skipping file for pillow: "Pillow-5.1.0-py3.6-win32.egg" (not a wheel or source distribution archive (expected one of `.whl`, `.tar.gz`, `.zip`, `.tar.bz2`, `.tar.lz`, `.tar.lzma`, `.tar.xz`, `.tar.zst`, `.tar`, `.tbz`, `.tgz`, `.tlz`, or `.txz`))
DEBUG Skipping file for pillow: "Pillow-5.1.0.win-amd64-py2.7.exe" (not a wheel or source distribution archive (expected one of `.whl`, `.tar.gz`, `.zip`, `.tar.bz2`, `.tar.lz`, `.tar.lzma`, `.tar.xz`, `.tar.zst`, `.tar`, `.tbz`, `.tgz`, `.tlz`, or `.txz`))
DEBUG Skipping file for pillow: "Pillow-5.1.0.win-amd64-py3.4.exe" (not a wheel or source distribution archive (expected one of `.whl`, `.tar.gz`, `.zip`, `.tar.bz2`, `.tar.lz`, `.tar.lzma`, `.tar.xz`, `.tar.zst`, `.tar`, `.tbz`, `.tgz`, `.tlz`, or `.txz`))
DEBUG Skipping file for pillow: "Pillow-5.1.0.win-amd64-py3.5.exe" (not a wheel or source distribution archive (expected one of `.whl`, `.tar.gz`, `.zip`, `.tar.bz2`, `.tar.lz`, `.tar.lzma`, `.tar.xz`, `.tar.zst`, `.tar`, `.tbz`, `.tgz`, `.tlz`, or `.txz`))
DEBUG Skipping file for pillow: "Pillow-5.1.0.win-amd64-py3.6.exe" (not a wheel or source distribution archive (expected one of `.whl`, `.tar.gz`, `.zip`, `.tar.bz2`, `.tar.lz`, `.tar.lzma`, `.tar.xz`, `.tar.zst`, `.tar`, `.tbz`, `.tgz`, `.tlz`, or `.txz`))
DEBUG Skipping file for pillow: "Pillow-5.1.0.win32-py2.7.exe" (not a wheel or source distribution archive (expected one of `.whl`, `.tar.gz`, `.zip`, `.tar.bz2`, `.tar.lz`, `.tar.lzma`, `.tar.xz`, `.tar.zst`, `.tar`, `.tbz`, `.tgz`, `.tlz`, or `.txz`))
DEBUG Skipping file for pillow: "Pillow-5.1.0.win32-py3.4.exe" (not a wheel or source distribution archive (expected one of `.whl`, `.tar.gz`, `.zip`, `.tar.bz2`, `.tar.lz`, `.tar.lzma`, `.tar.xz`, `.tar.zst`, `.tar`, `.tbz`, `.tgz`, `.tlz`, or `.txz`))
DEBUG Skipping file for pillow: "Pillow-5.1.0.win32-py3.5.exe" (not a wheel or source distribution archive (expected one of `.whl`, `.tar.gz`, `.zip`, `.tar.bz2`, `.tar.lz`, `.tar.lzma`, `.tar.xz`, `.tar.zst`, `.tar`, `.tbz`, `.tgz`, `.tlz`, or `.txz`))
DEBUG Skipping file for pillow: "Pillow-5.1.0.win32-py3.6.exe" (not a wheel or source distribution archive (expected one of `.whl`, `.tar.gz`, `.zip`, `.tar.bz2`, `.tar.lz`, `.tar.lzma`, `.tar.xz`, `.tar.zst`, `.tar`, `.tbz`, `.tgz`, `.tlz`, or `.txz`))
DEBUG Skipping file for pillow: "Pillow-5.2.0-py2.7-win-amd64.egg" (not a wheel or source distribution archive (expected one of `.whl`, `.tar.gz`, `.zip`, `.tar.bz2`, `.tar.lz`, `.tar.lzma`, `.tar.xz`, `.tar.zst`, `.tar`, `.tbz`, `.tgz`, `.tlz`, or `.txz`))
DEBUG Skipping file for pillow: "Pillow-5.2.0-py2.7-win32.egg" (not a wheel or source distribution archive (expected one of `.whl`, `.tar.gz`, `.zip`, `.tar.bz2`, `.tar.lz`, `.tar.lzma`, `.tar.xz`, `.tar.zst`, `.tar`, `.tbz`, `.tgz`, `.tlz`, or `.txz`))
DEBUG Skipping file for pillow: "Pillow-5.2.0-py3.4-win-amd64.egg" (not a wheel or source distribution archive (expected one of `.whl`, `.tar.gz`, `.zip`, `.tar.bz2`, `.tar.lz`, `.tar.lzma`, `.tar.xz`, `.tar.zst`, `.tar`, `.tbz`, `.tgz`, `.tlz`, or `.txz`))
DEBUG Skipping file for pillow: "Pillow-5.2.0-py3.4-win32.egg" (not a wheel or source distribution archive (expected one of `.whl`, `.tar.gz`, `.zip`, `.tar.bz2`, `.tar.lz`, `.tar.lzma`, `.tar.xz`, `.tar.zst`, `.tar`, `.tbz`, `.tgz`, `.tlz`, or `.txz`))
DEBUG Skipping file for pillow: "Pillow-5.2.0-py3.5-win-amd64.egg" (not a wheel or source distribution archive (expected one of `.whl`, `.tar.gz`, `.zip`, `.tar.bz2`, `.tar.lz`, `.tar.lzma`, `.tar.xz`, `.tar.zst`, `.tar`, `.tbz`, `.tgz`, `.tlz`, or `.txz`))
DEBUG Skipping file for pillow: "Pillow-5.2.0-py3.5-win32.egg" (not a wheel or source distribution archive (expected one of `.whl`, `.tar.gz`, `.zip`, `.tar.bz2`, `.tar.lz`, `.tar.lzma`, `.tar.xz`, `.tar.zst`, `.tar`, `.tbz`, `.tgz`, `.tlz`, or `.txz`))
DEBUG Skipping file for pillow: "Pillow-5.2.0-py3.6-win-amd64.egg" (not a wheel or source distribution archive (expected one of `.whl`, `.tar.gz`, `.zip`, `.tar.bz2`, `.tar.lz`, `.tar.lzma`, `.tar.xz`, `.tar.zst`, `.tar`, `.tbz`, `.tgz`, `.tlz`, or `.txz`))
DEBUG Skipping file for pillow: "Pillow-5.2.0-py3.6-win32.egg" (not a wheel or source distribution archive (expected one of `.whl`, `.tar.gz`, `.zip`, `.tar.bz2`, `.tar.lz`, `.tar.lzma`, `.tar.xz`, `.tar.zst`, `.tar`, `.tbz`, `.tgz`, `.tlz`, or `.txz`))
DEBUG Skipping file for pillow: "Pillow-5.2.0-py3.7-win-amd64.egg" (not a wheel or source distribution archive (expected one of `.whl`, `.tar.gz`, `.zip`, `.tar.bz2`, `.tar.lz`, `.tar.lzma`, `.tar.xz`, `.tar.zst`, `.tar`, `.tbz`, `.tgz`, `.tlz`, or `.txz`))
DEBUG Skipping file for pillow: "Pillow-5.2.0-py3.7-win32.egg" (not a wheel or source distribution archive (expected one of `.whl`, `.tar.gz`, `.zip`, `.tar.bz2`, `.tar.lz`, `.tar.lzma`, `.tar.xz`, `.tar.zst`, `.tar`, `.tbz`, `.tgz`, `.tlz`, or `.txz`))
DEBUG Skipping file for pillow: "Pillow-5.2.0.win-amd64-py2.7.exe" (not a wheel or source distribution archive (expected one of `.whl`, `.tar.gz`, `.zip`, `.tar.bz2`, `.tar.lz`, `.tar.lzma`, `.tar.xz`, `.tar.zst`, `.tar`, `.tbz`, `.tgz`, `.tlz`, or `.txz`))
DEBUG Skipping file for pillow: "Pillow-5.2.0.win-amd64-py3.4.exe" (not a wheel or source distribution archive (expected one of `.whl`, `.tar.gz`, `.zip`, `.tar.bz2`, `.tar.lz`, `.tar.lzma`, `.tar.xz`, `.tar.zst`, `.tar`, `.tbz`, `.tgz`, `.tlz`, or `.txz`))
DEBUG Skipping file for pillow: "Pillow-5.2.0.win-amd64-py3.5.exe" (not a wheel or source distribution archive (expected one of `.whl`, `.tar.gz`, `.zip`, `.tar.bz2`, `.tar.lz`, `.tar.lzma`, `.tar.xz`, `.tar.zst`, `.tar`, `.tbz`, `.tgz`, `.tlz`, or `.txz`))
DEBUG Skipping file for pillow: "Pillow-5.2.0.win-amd64-py3.6.exe" (not a wheel or source distribution archive (expected one of `.whl`, `.tar.gz`, `.zip`, `.tar.bz2`, `.tar.lz`, `.tar.lzma`, `.tar.xz`, `.tar.zst`, `.tar`, `.tbz`, `.tgz`, `.tlz`, or `.txz`))
DEBUG Skipping file for pillow: "Pillow-5.2.0.win-amd64-py3.7.exe" (not a wheel or source distribution archive (expected one of `.whl`, `.tar.gz`, `.zip`, `.tar.bz2`, `.tar.lz`, `.tar.lzma`, `.tar.xz`, `.tar.zst`, `.tar`, `.tbz`, `.tgz`, `.tlz`, or `.txz`))
DEBUG Skipping file for pillow: "Pillow-5.2.0.win32-py2.7.exe" (not a wheel or source distribution archive (expected one of `.whl`, `.tar.gz`, `.zip`, `.tar.bz2`, `.tar.lz`, `.tar.lzma`, `.tar.xz`, `.tar.zst`, `.tar`, `.tbz`, `.tgz`, `.tlz`, or `.txz`))
DEBUG Skipping file for pillow: "Pillow-5.2.0.win32-py3.4.exe" (not a wheel or source distribution archive (expected one of `.whl`, `.tar.gz`, `.zip`, `.tar.bz2`, `.tar.lz`, `.tar.lzma`, `.tar.xz`, `.tar.zst`, `.tar`, `.tbz`, `.tgz`, `.tlz`, or `.txz`))
DEBUG Skipping file for pillow: "Pillow-5.2.0.win32-py3.5.exe" (not a wheel or source distribution archive (expected one of `.whl`, `.tar.gz`, `.zip`, `.tar.bz2`, `.tar.lz`, `.tar.lzma`, `.tar.xz`, `.tar.zst`, `.tar`, `.tbz`, `.tgz`, `.tlz`, or `.txz`))
DEBUG Skipping file for pillow: "Pillow-5.2.0.win32-py3.6.exe" (not a wheel or source distribution archive (expected one of `.whl`, `.tar.gz`, `.zip`, `.tar.bz2`, `.tar.lz`, `.tar.lzma`, `.tar.xz`, `.tar.zst`, `.tar`, `.tbz`, `.tgz`, `.tlz`, or `.txz`))
DEBUG Skipping file for pillow: "Pillow-5.2.0.win32-py3.7.exe" (not a wheel or source distribution archive (expected one of `.whl`, `.tar.gz`, `.zip`, `.tar.bz2`, `.tar.lz`, `.tar.lzma`, `.tar.xz`, `.tar.zst`, `.tar`, `.tbz`, `.tgz`, `.tlz`, or `.txz`))
DEBUG Skipping file for pillow: "Pillow-5.3.0-py2.7-win-amd64.egg" (not a wheel or source distribution archive (expected one of `.whl`, `.tar.gz`, `.zip`, `.tar.bz2`, `.tar.lz`, `.tar.lzma`, `.tar.xz`, `.tar.zst`, `.tar`, `.tbz`, `.tgz`, `.tlz`, or `.txz`))
DEBUG Skipping file for pillow: "Pillow-5.3.0-py2.7-win32.egg" (not a wheel or source distribution archive (expected one of `.whl`, `.tar.gz`, `.zip`, `.tar.bz2`, `.tar.lz`, `.tar.lzma`, `.tar.xz`, `.tar.zst`, `.tar`, `.tbz`, `.tgz`, `.tlz`, or `.txz`))
DEBUG Skipping file for pillow: "Pillow-5.3.0-py3.4-win-amd64.egg" (not a wheel or source distribution archive (expected one of `.whl`, `.tar.gz`, `.zip`, `.tar.bz2`, `.tar.lz`, `.tar.lzma`, `.tar.xz`, `.tar.zst`, `.tar`, `.tbz`, `.tgz`, `.tlz`, or `.txz`))
DEBUG Skipping file for pillow: "Pillow-5.3.0-py3.4-win32.egg" (not a wheel or source distribution archive (expected one of `.whl`, `.tar.gz`, `.zip`, `.tar.bz2`, `.tar.lz`, `.tar.lzma`, `.tar.xz`, `.tar.zst`, `.tar`, `.tbz`, `.tgz`, `.tlz`, or `.txz`))
DEBUG Skipping file for pillow: "Pillow-5.3.0-py3.5-win-amd64.egg" (not a wheel or source distribution archive (expected one of `.whl`, `.tar.gz`, `.zip`, `.tar.bz2`, `.tar.lz`, `.tar.lzma`, `.tar.xz`, `.tar.zst`, `.tar`, `.tbz`, `.tgz`, `.tlz`, or `.txz`))
DEBUG Skipping file for pillow: "Pillow-5.3.0-py3.5-win32.egg" (not a wheel or source distribution archive (expected one of `.whl`, `.tar.gz`, `.zip`, `.tar.bz2`, `.tar.lz`, `.tar.lzma`, `.tar.xz`, `.tar.zst`, `.tar`, `.tbz`, `.tgz`, `.tlz`, or `.txz`))
DEBUG Skipping file for pillow: "Pillow-5.3.0-py3.6-win-amd64.egg" (not a wheel or source distribution archive (expected one of `.whl`, `.tar.gz`, `.zip`, `.tar.bz2`, `.tar.lz`, `.tar.lzma`, `.tar.xz`, `.tar.zst`, `.tar`, `.tbz`, `.tgz`, `.tlz`, or `.txz`))
DEBUG Skipping file for pillow: "Pillow-5.3.0-py3.6-win32.egg" (not a wheel or source distribution archive (expected one of `.whl`, `.tar.gz`, `.zip`, `.tar.bz2`, `.tar.lz`, `.tar.lzma`, `.tar.xz`, `.tar.zst`, `.tar`, `.tbz`, `.tgz`, `.tlz`, or `.txz`))
DEBUG Skipping file for pillow: "Pillow-5.3.0-py3.7-win-amd64.egg" (not a wheel or source distribution archive (expected one of `.whl`, `.tar.gz`, `.zip`, `.tar.bz2`, `.tar.lz`, `.tar.lzma`, `.tar.xz`, `.tar.zst`, `.tar`, `.tbz`, `.tgz`, `.tlz`, or `.txz`))
DEBUG Skipping file for pillow: "Pillow-5.3.0-py3.7-win32.egg" (not a wheel or source distribution archive (expected one of `.whl`, `.tar.gz`, `.zip`, `.tar.bz2`, `.tar.lz`, `.tar.lzma`, `.tar.xz`, `.tar.zst`, `.tar`, `.tbz`, `.tgz`, `.tlz`, or `.txz`))
DEBUG Skipping file for pillow: "Pillow-5.3.0.win-amd64-py2.7.exe" (not a wheel or source distribution archive (expected one of `.whl`, `.tar.gz`, `.zip`, `.tar.bz2`, `.tar.lz`, `.tar.lzma`, `.tar.xz`, `.tar.zst`, `.tar`, `.tbz`, `.tgz`, `.tlz`, or `.txz`))
DEBUG Skipping file for pillow: "Pillow-5.3.0.win-amd64-py3.4.exe" (not a wheel or source distribution archive (expected one of `.whl`, `.tar.gz`, `.zip`, `.tar.bz2`, `.tar.lz`, `.tar.lzma`, `.tar.xz`, `.tar.zst`, `.tar`, `.tbz`, `.tgz`, `.tlz`, or `.txz`))
DEBUG Skipping file for pillow: "Pillow-5.3.0.win-amd64-py3.5.exe" (not a wheel or source distribution archive (expected one of `.whl`, `.tar.gz`, `.zip`, `.tar.bz2`, `.tar.lz`, `.tar.lzma`, `.tar.xz`, `.tar.zst`, `.tar`, `.tbz`, `.tgz`, `.tlz`, or `.txz`))
DEBUG Skipping file for pillow: "Pillow-5.3.0.win-amd64-py3.6.exe" (not a wheel or source distribution archive (expected one of `.whl`, `.tar.gz`, `.zip`, `.tar.bz2`, `.tar.lz`, `.tar.lzma`, `.tar.xz`, `.tar.zst`, `.tar`, `.tbz`, `.tgz`, `.tlz`, or `.txz`))
DEBUG Skipping file for pillow: "Pillow-5.3.0.win-amd64-py3.7.exe" (not a wheel or source distribution archive (expected one of `.whl`, `.tar.gz`, `.zip`, `.tar.bz2`, `.tar.lz`, `.tar.lzma`, `.tar.xz`, `.tar.zst`, `.tar`, `.tbz`, `.tgz`, `.tlz`, or `.txz`))
DEBUG Skipping file for pillow: "Pillow-5.3.0.win32-py2.7.exe" (not a wheel or source distribution archive (expected one of `.whl`, `.tar.gz`, `.zip`, `.tar.bz2`, `.tar.lz`, `.tar.lzma`, `.tar.xz`, `.tar.zst`, `.tar`, `.tbz`, `.tgz`, `.tlz`, or `.txz`))
DEBUG Skipping file for pillow: "Pillow-5.3.0.win32-py3.4.exe" (not a wheel or source distribution archive (expected one of `.whl`, `.tar.gz`, `.zip`, `.tar.bz2`, `.tar.lz`, `.tar.lzma`, `.tar.xz`, `.tar.zst`, `.tar`, `.tbz`, `.tgz`, `.tlz`, or `.txz`))
DEBUG Skipping file for pillow: "Pillow-5.3.0.win32-py3.5.exe" (not a wheel or source distribution archive (expected one of `.whl`, `.tar.gz`, `.zip`, `.tar.bz2`, `.tar.lz`, `.tar.lzma`, `.tar.xz`, `.tar.zst`, `.tar`, `.tbz`, `.tgz`, `.tlz`, or `.txz`))
DEBUG Skipping file for pillow: "Pillow-5.3.0.win32-py3.6.exe" (not a wheel or source distribution archive (expected one of `.whl`, `.tar.gz`, `.zip`, `.tar.bz2`, `.tar.lz`, `.tar.lzma`, `.tar.xz`, `.tar.zst`, `.tar`, `.tbz`, `.tgz`, `.tlz`, or `.txz`))
DEBUG Skipping file for pillow: "Pillow-5.3.0.win32-py3.7.exe" (not a wheel or source distribution archive (expected one of `.whl`, `.tar.gz`, `.zip`, `.tar.bz2`, `.tar.lz`, `.tar.lzma`, `.tar.xz`, `.tar.zst`, `.tar`, `.tbz`, `.tgz`, `.tlz`, or `.txz`))
DEBUG Skipping file for pillow: "Pillow-5.4.0.dev0-py3.7-macosx-10.13-x86_64.egg" (not a wheel or source distribution archive (expected one of `.whl`, `.tar.gz`, `.zip`, `.tar.bz2`, `.tar.lz`, `.tar.lzma`, `.tar.xz`, `.tar.zst`, `.tar`, `.tbz`, `.tgz`, `.tlz`, or `.txz`))
DEBUG Skipping file for pillow: "Pillow-5.4.0-py2.7-macosx-10.13-x86_64.egg" (not a wheel or source distribution archive (expected one of `.whl`, `.tar.gz`, `.zip`, `.tar.bz2`, `.tar.lz`, `.tar.lzma`, `.tar.xz`, `.tar.zst`, `.tar`, `.tbz`, `.tgz`, `.tlz`, or `.txz`))
DEBUG Skipping file for pillow: "Pillow-5.4.0-py2.7-win-amd64.egg" (not a wheel or source distribution archive (expected one of `.whl`, `.tar.gz`, `.zip`, `.tar.bz2`, `.tar.lz`, `.tar.lzma`, `.tar.xz`, `.tar.zst`, `.tar`, `.tbz`, `.tgz`, `.tlz`, or `.txz`))
DEBUG Skipping file for pillow: "Pillow-5.4.0-py2.7-win32.egg" (not a wheel or source distribution archive (expected one of `.whl`, `.tar.gz`, `.zip`, `.tar.bz2`, `.tar.lz`, `.tar.lzma`, `.tar.xz`, `.tar.zst`, `.tar`, `.tbz`, `.tgz`, `.tlz`, or `.txz`))
DEBUG Skipping file for pillow: "Pillow-5.4.0-py3.4-win-amd64.egg" (not a wheel or source distribution archive (expected one of `.whl`, `.tar.gz`, `.zip`, `.tar.bz2`, `.tar.lz`, `.tar.lzma`, `.tar.xz`, `.tar.zst`, `.tar`, `.tbz`, `.tgz`, `.tlz`, or `.txz`))
DEBUG Skipping file for pillow: "Pillow-5.4.0-py3.4-win32.egg" (not a wheel or source distribution archive (expected one of `.whl`, `.tar.gz`, `.zip`, `.tar.bz2`, `.tar.lz`, `.tar.lzma`, `.tar.xz`, `.tar.zst`, `.tar`, `.tbz`, `.tgz`, `.tlz`, or `.txz`))
DEBUG Skipping file for pillow: "Pillow-5.4.0-py3.5-win-amd64.egg" (not a wheel or source distribution archive (expected one of `.whl`, `.tar.gz`, `.zip`, `.tar.bz2`, `.tar.lz`, `.tar.lzma`, `.tar.xz`, `.tar.zst`, `.tar`, `.tbz`, `.tgz`, `.tlz`, or `.txz`))
DEBUG Skipping file for pillow: "Pillow-5.4.0-py3.5-win32.egg" (not a wheel or source distribution archive (expected one of `.whl`, `.tar.gz`, `.zip`, `.tar.bz2`, `.tar.lz`, `.tar.lzma`, `.tar.xz`, `.tar.zst`, `.tar`, `.tbz`, `.tgz`, `.tlz`, or `.txz`))
DEBUG Skipping file for pillow: "Pillow-5.4.0-py3.6-win-amd64.egg" (not a wheel or source distribution archive (expected one of `.whl`, `.tar.gz`, `.zip`, `.tar.bz2`, `.tar.lz`, `.tar.lzma`, `.tar.xz`, `.tar.zst`, `.tar`, `.tbz`, `.tgz`, `.tlz`, or `.txz`))
DEBUG Skipping file for pillow: "Pillow-5.4.0-py3.6-win32.egg" (not a wheel or source distribution archive (expected one of `.whl`, `.tar.gz`, `.zip`, `.tar.bz2`, `.tar.lz`, `.tar.lzma`, `.tar.xz`, `.tar.zst`, `.tar`, `.tbz`, `.tgz`, `.tlz`, or `.txz`))
DEBUG Skipping file for pillow: "Pillow-5.4.0-py3.7-win-amd64.egg" (not a wheel or source distribution archive (expected one of `.whl`, `.tar.gz`, `.zip`, `.tar.bz2`, `.tar.lz`, `.tar.lzma`, `.tar.xz`, `.tar.zst`, `.tar`, `.tbz`, `.tgz`, `.tlz`, or `.txz`))
DEBUG Skipping file for pillow: "Pillow-5.4.0-py3.7-win32.egg" (not a wheel or source distribution archive (expected one of `.whl`, `.tar.gz`, `.zip`, `.tar.bz2`, `.tar.lz`, `.tar.lzma`, `.tar.xz`, `.tar.zst`, `.tar`, `.tbz`, `.tgz`, `.tlz`, or `.txz`))
DEBUG Skipping file for pillow: "Pillow-5.4.0.win-amd64-py2.7.exe" (not a wheel or source distribution archive (expected one of `.whl`, `.tar.gz`, `.zip`, `.tar.bz2`, `.tar.lz`, `.tar.lzma`, `.tar.xz`, `.tar.zst`, `.tar`, `.tbz`, `.tgz`, `.tlz`, or `.txz`))
DEBUG Skipping file for pillow: "Pillow-5.4.0.win-amd64-py3.4.exe" (not a wheel or source distribution archive (expected one of `.whl`, `.tar.gz`, `.zip`, `.tar.bz2`, `.tar.lz`, `.tar.lzma`, `.tar.xz`, `.tar.zst`, `.tar`, `.tbz`, `.tgz`, `.tlz`, or `.txz`))
DEBUG Skipping file for pillow: "Pillow-5.4.0.win-amd64-py3.5.exe" (not a wheel or source distribution archive (expected one of `.whl`, `.tar.gz`, `.zip`, `.tar.bz2`, `.tar.lz`, `.tar.lzma`, `.tar.xz`, `.tar.zst`, `.tar`, `.tbz`, `.tgz`, `.tlz`, or `.txz`))
DEBUG Skipping file for pillow: "Pillow-5.4.0.win-amd64-py3.6.exe" (not a wheel or source distribution archive (expected one of `.whl`, `.tar.gz`, `.zip`, `.tar.bz2`, `.tar.lz`, `.tar.lzma`, `.tar.xz`, `.tar.zst`, `.tar`, `.tbz`, `.tgz`, `.tlz`, or `.txz`))
DEBUG Skipping file for pillow: "Pillow-5.4.0.win-amd64-py3.7.exe" (not a wheel or source distribution archive (expected one of `.whl`, `.tar.gz`, `.zip`, `.tar.bz2`, `.tar.lz`, `.tar.lzma`, `.tar.xz`, `.tar.zst`, `.tar`, `.tbz`, `.tgz`, `.tlz`, or `.txz`))
DEBUG Skipping file for pillow: "Pillow-5.4.0.win32-py2.7.exe" (not a wheel or source distribution archive (expected one of `.whl`, `.tar.gz`, `.zip`, `.tar.bz2`, `.tar.lz`, `.tar.lzma`, `.tar.xz`, `.tar.zst`, `.tar`, `.tbz`, `.tgz`, `.tlz`, or `.txz`))
DEBUG Skipping file for pillow: "Pillow-5.4.0.win32-py3.4.exe" (not a wheel or source distribution archive (expected one of `.whl`, `.tar.gz`, `.zip`, `.tar.bz2`, `.tar.lz`, `.tar.lzma`, `.tar.xz`, `.tar.zst`, `.tar`, `.tbz`, `.tgz`, `.tlz`, or `.txz`))
DEBUG Skipping file for pillow: "Pillow-5.4.0.win32-py3.5.exe" (not a wheel or source distribution archive (expected one of `.whl`, `.tar.gz`, `.zip`, `.tar.bz2`, `.tar.lz`, `.tar.lzma`, `.tar.xz`, `.tar.zst`, `.tar`, `.tbz`, `.tgz`, `.tlz`, or `.txz`))
DEBUG Skipping file for pillow: "Pillow-5.4.0.win32-py3.6.exe" (not a wheel or source distribution archive (expected one of `.whl`, `.tar.gz`, `.zip`, `.tar.bz2`, `.tar.lz`, `.tar.lzma`, `.tar.xz`, `.tar.zst`, `.tar`, `.tbz`, `.tgz`, `.tlz`, or `.txz`))
DEBUG Skipping file for pillow: "Pillow-5.4.0.win32-py3.7.exe" (not a wheel or source distribution archive (expected one of `.whl`, `.tar.gz`, `.zip`, `.tar.bz2`, `.tar.lz`, `.tar.lzma`, `.tar.xz`, `.tar.zst`, `.tar`, `.tbz`, `.tgz`, `.tlz`, or `.txz`))
DEBUG Skipping file for pillow: "Pillow-5.4.1-py2.7-macosx-10.13-x86_64.egg" (not a wheel or source distribution archive (expected one of `.whl`, `.tar.gz`, `.zip`, `.tar.bz2`, `.tar.lz`, `.tar.lzma`, `.tar.xz`, `.tar.zst`, `.tar`, `.tbz`, `.tgz`, `.tlz`, or `.txz`))
DEBUG Skipping file for pillow: "Pillow-5.4.1-py2.7-win-amd64.egg" (not a wheel or source distribution archive (expected one of `.whl`, `.tar.gz`, `.zip`, `.tar.bz2`, `.tar.lz`, `.tar.lzma`, `.tar.xz`, `.tar.zst`, `.tar`, `.tbz`, `.tgz`, `.tlz`, or `.txz`))
DEBUG Skipping file for pillow: "Pillow-5.4.1-py2.7-win32.egg" (not a wheel or source distribution archive (expected one of `.whl`, `.tar.gz`, `.zip`, `.tar.bz2`, `.tar.lz`, `.tar.lzma`, `.tar.xz`, `.tar.zst`, `.tar`, `.tbz`, `.tgz`, `.tlz`, or `.txz`))
DEBUG Skipping file for pillow: "Pillow-5.4.1-py3.4-win-amd64.egg" (not a wheel or source distribution archive (expected one of `.whl`, `.tar.gz`, `.zip`, `.tar.bz2`, `.tar.lz`, `.tar.lzma`, `.tar.xz`, `.tar.zst`, `.tar`, `.tbz`, `.tgz`, `.tlz`, or `.txz`))
DEBUG Skipping file for pillow: "Pillow-5.4.1-py3.4-win32.egg" (not a wheel or source distribution archive (expected one of `.whl`, `.tar.gz`, `.zip`, `.tar.bz2`, `.tar.lz`, `.tar.lzma`, `.tar.xz`, `.tar.zst`, `.tar`, `.tbz`, `.tgz`, `.tlz`, or `.txz`))
DEBUG Skipping file for pillow: "Pillow-5.4.1-py3.5-win-amd64.egg" (not a wheel or source distribution archive (expected one of `.whl`, `.tar.gz`, `.zip`, `.tar.bz2`, `.tar.lz`, `.tar.lzma`, `.tar.xz`, `.tar.zst`, `.tar`, `.tbz`, `.tgz`, `.tlz`, or `.txz`))
DEBUG Skipping file for pillow: "Pillow-5.4.1-py3.5-win32.egg" (not a wheel or source distribution archive (expected one of `.whl`, `.tar.gz`, `.zip`, `.tar.bz2`, `.tar.lz`, `.tar.lzma`, `.tar.xz`, `.tar.zst`, `.tar`, `.tbz`, `.tgz`, `.tlz`, or `.txz`))
DEBUG Skipping file for pillow: "Pillow-5.4.1-py3.6-win-amd64.egg" (not a wheel or source distribution archive (expected one of `.whl`, `.tar.gz`, `.zip`, `.tar.bz2`, `.tar.lz`, `.tar.lzma`, `.tar.xz`, `.tar.zst`, `.tar`, `.tbz`, `.tgz`, `.tlz`, or `.txz`))
DEBUG Skipping file for pillow: "Pillow-5.4.1-py3.6-win32.egg" (not a wheel or source distribution archive (expected one of `.whl`, `.tar.gz`, `.zip`, `.tar.bz2`, `.tar.lz`, `.tar.lzma`, `.tar.xz`, `.tar.zst`, `.tar`, `.tbz`, `.tgz`, `.tlz`, or `.txz`))
DEBUG Skipping file for pillow: "Pillow-5.4.1-py3.7-win-amd64.egg" (not a wheel or source distribution archive (expected one of `.whl`, `.tar.gz`, `.zip`, `.tar.bz2`, `.tar.lz`, `.tar.lzma`, `.tar.xz`, `.tar.zst`, `.tar`, `.tbz`, `.tgz`, `.tlz`, or `.txz`))
DEBUG Skipping file for pillow: "Pillow-5.4.1-py3.7-win32.egg" (not a wheel or source distribution archive (expected one of `.whl`, `.tar.gz`, `.zip`, `.tar.bz2`, `.tar.lz`, `.tar.lzma`, `.tar.xz`, `.tar.zst`, `.tar`, `.tbz`, `.tgz`, `.tlz`, or `.txz`))
DEBUG Skipping file for pillow: "Pillow-5.4.1.win-amd64-py2.7.exe" (not a wheel or source distribution archive (expected one of `.whl`, `.tar.gz`, `.zip`, `.tar.bz2`, `.tar.lz`, `.tar.lzma`, `.tar.xz`, `.tar.zst`, `.tar`, `.tbz`, `.tgz`, `.tlz`, or `.txz`))
DEBUG Skipping file for pillow: "Pillow-5.4.1.win-amd64-py3.4.exe" (not a wheel or source distribution archive (expected one of `.whl`, `.tar.gz`, `.zip`, `.tar.bz2`, `.tar.lz`, `.tar.lzma`, `.tar.xz`, `.tar.zst`, `.tar`, `.tbz`, `.tgz`, `.tlz`, or `.txz`))
DEBUG Skipping file for pillow: "Pillow-5.4.1.win-amd64-py3.5.exe" (not a wheel or source distribution archive (expected one of `.whl`, `.tar.gz`, `.zip`, `.tar.bz2`, `.tar.lz`, `.tar.lzma`, `.tar.xz`, `.tar.zst`, `.tar`, `.tbz`, `.tgz`, `.tlz`, or `.txz`))
DEBUG Skipping file for pillow: "Pillow-5.4.1.win-amd64-py3.6.exe" (not a wheel or source distribution archive (expected one of `.whl`, `.tar.gz`, `.zip`, `.tar.bz2`, `.tar.lz`, `.tar.lzma`, `.tar.xz`, `.tar.zst`, `.tar`, `.tbz`, `.tgz`, `.tlz`, or `.txz`))
DEBUG Skipping file for pillow: "Pillow-5.4.1.win-amd64-py3.7.exe" (not a wheel or source distribution archive (expected one of `.whl`, `.tar.gz`, `.zip`, `.tar.bz2`, `.tar.lz`, `.tar.lzma`, `.tar.xz`, `.tar.zst`, `.tar`, `.tbz`, `.tgz`, `.tlz`, or `.txz`))
DEBUG Skipping file for pillow: "Pillow-5.4.1.win32-py2.7.exe" (not a wheel or source distribution archive (expected one of `.whl`, `.tar.gz`, `.zip`, `.tar.bz2`, `.tar.lz`, `.tar.lzma`, `.tar.xz`, `.tar.zst`, `.tar`, `.tbz`, `.tgz`, `.tlz`, or `.txz`))
DEBUG Skipping file for pillow: "Pillow-5.4.1.win32-py3.4.exe" (not a wheel or source distribution archive (expected one of `.whl`, `.tar.gz`, `.zip`, `.tar.bz2`, `.tar.lz`, `.tar.lzma`, `.tar.xz`, `.tar.zst`, `.tar`, `.tbz`, `.tgz`, `.tlz`, or `.txz`))
DEBUG Skipping file for pillow: "Pillow-5.4.1.win32-py3.5.exe" (not a wheel or source distribution archive (expected one of `.whl`, `.tar.gz`, `.zip`, `.tar.bz2`, `.tar.lz`, `.tar.lzma`, `.tar.xz`, `.tar.zst`, `.tar`, `.tbz`, `.tgz`, `.tlz`, or `.txz`))
DEBUG Skipping file for pillow: "Pillow-5.4.1.win32-py3.6.exe" (not a wheel or source distribution archive (expected one of `.whl`, `.tar.gz`, `.zip`, `.tar.bz2`, `.tar.lz`, `.tar.lzma`, `.tar.xz`, `.tar.zst`, `.tar`, `.tbz`, `.tgz`, `.tlz`, or `.txz`))
DEBUG Skipping file for pillow: "Pillow-5.4.1.win32-py3.7.exe" (not a wheel or source distribution archive (expected one of `.whl`, `.tar.gz`, `.zip`, `.tar.bz2`, `.tar.lz`, `.tar.lzma`, `.tar.xz`, `.tar.zst`, `.tar`, `.tbz`, `.tgz`, `.tlz`, or `.txz`))
DEBUG Skipping file for pillow: "Pillow-6.0.0-py2.7-win-amd64.egg" (not a wheel or source distribution archive (expected one of `.whl`, `.tar.gz`, `.zip`, `.tar.bz2`, `.tar.lz`, `.tar.lzma`, `.tar.xz`, `.tar.zst`, `.tar`, `.tbz`, `.tgz`, `.tlz`, or `.txz`))
DEBUG Skipping file for pillow: "Pillow-6.0.0-py2.7-win32.egg" (not a wheel or source distribution archive (expected one of `.whl`, `.tar.gz`, `.zip`, `.tar.bz2`, `.tar.lz`, `.tar.lzma`, `.tar.xz`, `.tar.zst`, `.tar`, `.tbz`, `.tgz`, `.tlz`, or `.txz`))
DEBUG Skipping file for pillow: "Pillow-6.0.0-py3.5-win-amd64.egg" (not a wheel or source distribution archive (expected one of `.whl`, `.tar.gz`, `.zip`, `.tar.bz2`, `.tar.lz`, `.tar.lzma`, `.tar.xz`, `.tar.zst`, `.tar`, `.tbz`, `.tgz`, `.tlz`, or `.txz`))
DEBUG Skipping file for pillow: "Pillow-6.0.0-py3.5-win32.egg" (not a wheel or source distribution archive (expected one of `.whl`, `.tar.gz`, `.zip`, `.tar.bz2`, `.tar.lz`, `.tar.lzma`, `.tar.xz`, `.tar.zst`, `.tar`, `.tbz`, `.tgz`, `.tlz`, or `.txz`))
DEBUG Skipping file for pillow: "Pillow-6.0.0-py3.6-win-amd64.egg" (not a wheel or source distribution archive (expected one of `.whl`, `.tar.gz`, `.zip`, `.tar.bz2`, `.tar.lz`, `.tar.lzma`, `.tar.xz`, `.tar.zst`, `.tar`, `.tbz`, `.tgz`, `.tlz`, or `.txz`))
DEBUG Skipping file for pillow: "Pillow-6.0.0-py3.6-win32.egg" (not a wheel or source distribution archive (expected one of `.whl`, `.tar.gz`, `.zip`, `.tar.bz2`, `.tar.lz`, `.tar.lzma`, `.tar.xz`, `.tar.zst`, `.tar`, `.tbz`, `.tgz`, `.tlz`, or `.txz`))
DEBUG Skipping file for pillow: "Pillow-6.0.0-py3.7-win-amd64.egg" (not a wheel or source distribution archive (expected one of `.whl`, `.tar.gz`, `.zip`, `.tar.bz2`, `.tar.lz`, `.tar.lzma`, `.tar.xz`, `.tar.zst`, `.tar`, `.tbz`, `.tgz`, `.tlz`, or `.txz`))
DEBUG Skipping file for pillow: "Pillow-6.0.0-py3.7-win32.egg" (not a wheel or source distribution archive (expected one of `.whl`, `.tar.gz`, `.zip`, `.tar.bz2`, `.tar.lz`, `.tar.lzma`, `.tar.xz`, `.tar.zst`, `.tar`, `.tbz`, `.tgz`, `.tlz`, or `.txz`))
DEBUG Skipping file for pillow: "Pillow-6.0.0.win-amd64-py2.7.exe" (not a wheel or source distribution archive (expected one of `.whl`, `.tar.gz`, `.zip`, `.tar.bz2`, `.tar.lz`, `.tar.lzma`, `.tar.xz`, `.tar.zst`, `.tar`, `.tbz`, `.tgz`, `.tlz`, or `.txz`))
DEBUG Skipping file for pillow: "Pillow-6.0.0.win-amd64-py3.5.exe" (not a wheel or source distribution archive (expected one of `.whl`, `.tar.gz`, `.zip`, `.tar.bz2`, `.tar.lz`, `.tar.lzma`, `.tar.xz`, `.tar.zst`, `.tar`, `.tbz`, `.tgz`, `.tlz`, or `.txz`))
DEBUG Skipping file for pillow: "Pillow-6.0.0.win-amd64-py3.6.exe" (not a wheel or source distribution archive (expected one of `.whl`, `.tar.gz`, `.zip`, `.tar.bz2`, `.tar.lz`, `.tar.lzma`, `.tar.xz`, `.tar.zst`, `.tar`, `.tbz`, `.tgz`, `.tlz`, or `.txz`))
DEBUG Skipping file for pillow: "Pillow-6.0.0.win-amd64-py3.7.exe" (not a wheel or source distribution archive (expected one of `.whl`, `.tar.gz`, `.zip`, `.tar.bz2`, `.tar.lz`, `.tar.lzma`, `.tar.xz`, `.tar.zst`, `.tar`, `.tbz`, `.tgz`, `.tlz`, or `.txz`))
DEBUG Skipping file for pillow: "Pillow-6.0.0.win32-py2.7.exe" (not a wheel or source distribution archive (expected one of `.whl`, `.tar.gz`, `.zip`, `.tar.bz2`, `.tar.lz`, `.tar.lzma`, `.tar.xz`, `.tar.zst`, `.tar`, `.tbz`, `.tgz`, `.tlz`, or `.txz`))
DEBUG Skipping file for pillow: "Pillow-6.0.0.win32-py3.5.exe" (not a wheel or source distribution archive (expected one of `.whl`, `.tar.gz`, `.zip`, `.tar.bz2`, `.tar.lz`, `.tar.lzma`, `.tar.xz`, `.tar.zst`, `.tar`, `.tbz`, `.tgz`, `.tlz`, or `.txz`))
DEBUG Skipping file for pillow: "Pillow-6.0.0.win32-py3.6.exe" (not a wheel or source distribution archive (expected one of `.whl`, `.tar.gz`, `.zip`, `.tar.bz2`, `.tar.lz`, `.tar.lzma`, `.tar.xz`, `.tar.zst`, `.tar`, `.tbz`, `.tgz`, `.tlz`, or `.txz`))
DEBUG Skipping file for pillow: "Pillow-6.0.0.win32-py3.7.exe" (not a wheel or source distribution archive (expected one of `.whl`, `.tar.gz`, `.zip`, `.tar.bz2`, `.tar.lz`, `.tar.lzma`, `.tar.xz`, `.tar.zst`, `.tar`, `.tbz`, `.tgz`, `.tlz`, or `.txz`))
DEBUG Skipping file for pillow: "Pillow-6.1.0-py2.7-win-amd64.egg" (not a wheel or source distribution archive (expected one of `.whl`, `.tar.gz`, `.zip`, `.tar.bz2`, `.tar.lz`, `.tar.lzma`, `.tar.xz`, `.tar.zst`, `.tar`, `.tbz`, `.tgz`, `.tlz`, or `.txz`))
DEBUG Skipping file for pillow: "Pillow-6.1.0-py2.7-win32.egg" (not a wheel or source distribution archive (expected one of `.whl`, `.tar.gz`, `.zip`, `.tar.bz2`, `.tar.lz`, `.tar.lzma`, `.tar.xz`, `.tar.zst`, `.tar`, `.tbz`, `.tgz`, `.tlz`, or `.txz`))
DEBUG Skipping file for pillow: "Pillow-6.1.0-py3.5-win-amd64.egg" (not a wheel or source distribution archive (expected one of `.whl`, `.tar.gz`, `.zip`, `.tar.bz2`, `.tar.lz`, `.tar.lzma`, `.tar.xz`, `.tar.zst`, `.tar`, `.tbz`, `.tgz`, `.tlz`, or `.txz`))
DEBUG Skipping file for pillow: "Pillow-6.1.0-py3.5-win32.egg" (not a wheel or source distribution archive (expected one of `.whl`, `.tar.gz`, `.zip`, `.tar.bz2`, `.tar.lz`, `.tar.lzma`, `.tar.xz`, `.tar.zst`, `.tar`, `.tbz`, `.tgz`, `.tlz`, or `.txz`))
DEBUG Skipping file for pillow: "Pillow-6.1.0-py3.6-win-amd64.egg" (not a wheel or source distribution archive (expected one of `.whl`, `.tar.gz`, `.zip`, `.tar.bz2`, `.tar.lz`, `.tar.lzma`, `.tar.xz`, `.tar.zst`, `.tar`, `.tbz`, `.tgz`, `.tlz`, or `.txz`))
DEBUG Skipping file for pillow: "Pillow-6.1.0-py3.6-win32.egg" (not a wheel or source distribution archive (expected one of `.whl`, `.tar.gz`, `.zip`, `.tar.bz2`, `.tar.lz`, `.tar.lzma`, `.tar.xz`, `.tar.zst`, `.tar`, `.tbz`, `.tgz`, `.tlz`, or `.txz`))
DEBUG Skipping file for pillow: "Pillow-6.1.0-py3.7-macosx-10.14-x86_64.egg" (not a wheel or source distribution archive (expected one of `.whl`, `.tar.gz`, `.zip`, `.tar.bz2`, `.tar.lz`, `.tar.lzma`, `.tar.xz`, `.tar.zst`, `.tar`, `.tbz`, `.tgz`, `.tlz`, or `.txz`))
DEBUG Skipping file for pillow: "Pillow-6.1.0-py3.7-win-amd64.egg" (not a wheel or source distribution archive (expected one of `.whl`, `.tar.gz`, `.zip`, `.tar.bz2`, `.tar.lz`, `.tar.lzma`, `.tar.xz`, `.tar.zst`, `.tar`, `.tbz`, `.tgz`, `.tlz`, or `.txz`))
DEBUG Skipping file for pillow: "Pillow-6.1.0-py3.7-win32.egg" (not a wheel or source distribution archive (expected one of `.whl`, `.tar.gz`, `.zip`, `.tar.bz2`, `.tar.lz`, `.tar.lzma`, `.tar.xz`, `.tar.zst`, `.tar`, `.tbz`, `.tgz`, `.tlz`, or `.txz`))
DEBUG Skipping file for pillow: "Pillow-6.1.0.win-amd64-py2.7.exe" (not a wheel or source distribution archive (expected one of `.whl`, `.tar.gz`, `.zip`, `.tar.bz2`, `.tar.lz`, `.tar.lzma`, `.tar.xz`, `.tar.zst`, `.tar`, `.tbz`, `.tgz`, `.tlz`, or `.txz`))
DEBUG Skipping file for pillow: "Pillow-6.1.0.win-amd64-py3.5.exe" (not a wheel or source distribution archive (expected one of `.whl`, `.tar.gz`, `.zip`, `.tar.bz2`, `.tar.lz`, `.tar.lzma`, `.tar.xz`, `.tar.zst`, `.tar`, `.tbz`, `.tgz`, `.tlz`, or `.txz`))
DEBUG Skipping file for pillow: "Pillow-6.1.0.win-amd64-py3.6.exe" (not a wheel or source distribution archive (expected one of `.whl`, `.tar.gz`, `.zip`, `.tar.bz2`, `.tar.lz`, `.tar.lzma`, `.tar.xz`, `.tar.zst`, `.tar`, `.tbz`, `.tgz`, `.tlz`, or `.txz`))
DEBUG Skipping file for pillow: "Pillow-6.1.0.win-amd64-py3.7.exe" (not a wheel or source distribution archive (expected one of `.whl`, `.tar.gz`, `.zip`, `.tar.bz2`, `.tar.lz`, `.tar.lzma`, `.tar.xz`, `.tar.zst`, `.tar`, `.tbz`, `.tgz`, `.tlz`, or `.txz`))
DEBUG Skipping file for pillow: "Pillow-6.1.0.win32-py2.7.exe" (not a wheel or source distribution archive (expected one of `.whl`, `.tar.gz`, `.zip`, `.tar.bz2`, `.tar.lz`, `.tar.lzma`, `.tar.xz`, `.tar.zst`, `.tar`, `.tbz`, `.tgz`, `.tlz`, or `.txz`))
DEBUG Skipping file for pillow: "Pillow-6.1.0.win32-py3.5.exe" (not a wheel or source distribution archive (expected one of `.whl`, `.tar.gz`, `.zip`, `.tar.bz2`, `.tar.lz`, `.tar.lzma`, `.tar.xz`, `.tar.zst`, `.tar`, `.tbz`, `.tgz`, `.tlz`, or `.txz`))
DEBUG Skipping file for pillow: "Pillow-6.1.0.win32-py3.6.exe" (not a wheel or source distribution archive (expected one of `.whl`, `.tar.gz`, `.zip`, `.tar.bz2`, `.tar.lz`, `.tar.lzma`, `.tar.xz`, `.tar.zst`, `.tar`, `.tbz`, `.tgz`, `.tlz`, or `.txz`))
DEBUG Skipping file for pillow: "Pillow-6.1.0.win32-py3.7.exe" (not a wheel or source distribution archive (expected one of `.whl`, `.tar.gz`, `.zip`, `.tar.bz2`, `.tar.lz`, `.tar.lzma`, `.tar.xz`, `.tar.zst`, `.tar`, `.tbz`, `.tgz`, `.tlz`, or `.txz`))
DEBUG Skipping file for pillow: "Pillow-7.1.0-py3.8-macosx-10.9-x86_64.egg" (not a wheel or source distribution archive (expected one of `.whl`, `.tar.gz`, `.zip`, `.tar.bz2`, `.tar.lz`, `.tar.lzma`, `.tar.xz`, `.tar.zst`, `.tar`, `.tbz`, `.tgz`, `.tlz`, or `.txz`))
DEBUG Skipping file for pillow: "Pillow-7.1.1-py3.8-macosx-10.9-x86_64.egg" (not a wheel or source distribution archive (expected one of `.whl`, `.tar.gz`, `.zip`, `.tar.bz2`, `.tar.lz`, `.tar.lzma`, `.tar.xz`, `.tar.zst`, `.tar`, `.tbz`, `.tgz`, `.tlz`, or `.txz`))
DEBUG Skipping file for pillow: "Pillow-7.1.2-py3.8-macosx-10.9-x86_64.egg" (not a wheel or source distribution archive (expected one of `.whl`, `.tar.gz`, `.zip`, `.tar.bz2`, `.tar.lz`, `.tar.lzma`, `.tar.xz`, `.tar.zst`, `.tar`, `.tbz`, `.tgz`, `.tlz`, or `.txz`))
DEBUG No cache entry for: https://files.pythonhosted.org/packages/10/03/8aeeb7458d22546bf64b5250ca1daeb5ff757d900e8e4a7476c6f0db843e/protobuf-7.35.1-cp310-abi3-macosx_10_9_universal2.whl.metadata
DEBUG Sending fresh GET request for: https://files.pythonhosted.org/packages/10/03/8aeeb7458d22546bf64b5250ca1daeb5ff757d900e8e4a7476c6f0db843e/protobuf-7.35.1-cp310-abi3-macosx_10_9_universal2.whl.metadata
DEBUG Skipping file for numpy: "numpy-1.0.1.dev3460.win32-py2.4.exe" (not a wheel or source distribution archive (expected one of `.whl`, `.tar.gz`, `.zip`, `.tar.bz2`, `.tar.lz`, `.tar.lzma`, `.tar.xz`, `.tar.zst`, `.tar`, `.tbz`, `.tgz`, `.tlz`, or `.txz`))
DEBUG Skipping file for numpy: "numpy-1.3.0.win32-py2.5.exe" (not a wheel or source distribution archive (expected one of `.whl`, `.tar.gz`, `.zip`, `.tar.bz2`, `.tar.lz`, `.tar.lzma`, `.tar.xz`, `.tar.zst`, `.tar`, `.tbz`, `.tgz`, `.tlz`, or `.txz`))
DEBUG Skipping file for numpy: "numpy-1.5.0.win32-py2.6.exe" (not a wheel or source distribution archive (expected one of `.whl`, `.tar.gz`, `.zip`, `.tar.bz2`, `.tar.lz`, `.tar.lzma`, `.tar.xz`, `.tar.zst`, `.tar`, `.tbz`, `.tgz`, `.tlz`, or `.txz`))
DEBUG Skipping file for numpy: "numpy-1.5.1.win32-py2.5-nosse.exe" (not a wheel or source distribution archive (expected one of `.whl`, `.tar.gz`, `.zip`, `.tar.bz2`, `.tar.lz`, `.tar.lzma`, `.tar.xz`, `.tar.zst`, `.tar`, `.tbz`, `.tgz`, `.tlz`, or `.txz`))
DEBUG Skipping file for numpy: "numpy-1.5.1.win32-py2.6-nosse.exe" (not a wheel or source distribution archive (expected one of `.whl`, `.tar.gz`, `.zip`, `.tar.bz2`, `.tar.lz`, `.tar.lzma`, `.tar.xz`, `.tar.zst`, `.tar`, `.tbz`, `.tgz`, `.tlz`, or `.txz`))
DEBUG Skipping file for numpy: "numpy-1.5.1.win32-py2.7-nosse.exe" (not a wheel or source distribution archive (expected one of `.whl`, `.tar.gz`, `.zip`, `.tar.bz2`, `.tar.lz`, `.tar.lzma`, `.tar.xz`, `.tar.zst`, `.tar`, `.tbz`, `.tgz`, `.tlz`, or `.txz`))
DEBUG Skipping file for numpy: "numpy-1.5.1.win32-py3.1-nosse.exe" (not a wheel or source distribution archive (expected one of `.whl`, `.tar.gz`, `.zip`, `.tar.bz2`, `.tar.lz`, `.tar.lzma`, `.tar.xz`, `.tar.zst`, `.tar`, `.tbz`, `.tgz`, `.tlz`, or `.txz`))
DEBUG Skipping file for numpy: "numpy-1.6.0.win32-py2.5.exe" (not a wheel or source distribution archive (expected one of `.whl`, `.tar.gz`, `.zip`, `.tar.bz2`, `.tar.lz`, `.tar.lzma`, `.tar.xz`, `.tar.zst`, `.tar`, `.tbz`, `.tgz`, `.tlz`, or `.txz`))
DEBUG Skipping file for numpy: "numpy-1.6.0.win32-py2.6.exe" (not a wheel or source distribution archive (expected one of `.whl`, `.tar.gz`, `.zip`, `.tar.bz2`, `.tar.lz`, `.tar.lzma`, `.tar.xz`, `.tar.zst`, `.tar`, `.tbz`, `.tgz`, `.tlz`, or `.txz`))
DEBUG Skipping file for numpy: "numpy-1.6.0.win32-py2.7.exe" (not a wheel or source distribution archive (expected one of `.whl`, `.tar.gz`, `.zip`, `.tar.bz2`, `.tar.lz`, `.tar.lzma`, `.tar.xz`, `.tar.zst`, `.tar`, `.tbz`, `.tgz`, `.tlz`, or `.txz`))
DEBUG Skipping file for numpy: "numpy-1.6.0.win32-py3.1.exe" (not a wheel or source distribution archive (expected one of `.whl`, `.tar.gz`, `.zip`, `.tar.bz2`, `.tar.lz`, `.tar.lzma`, `.tar.xz`, `.tar.zst`, `.tar`, `.tbz`, `.tgz`, `.tlz`, or `.txz`))
DEBUG Skipping file for numpy: "numpy-1.6.0.win32-py3.2.exe" (not a wheel or source distribution archive (expected one of `.whl`, `.tar.gz`, `.zip`, `.tar.bz2`, `.tar.lz`, `.tar.lzma`, `.tar.xz`, `.tar.zst`, `.tar`, `.tbz`, `.tgz`, `.tlz`, or `.txz`))
DEBUG Skipping file for numpy: "numpy-1.6.1.win32-py2.5.exe" (not a wheel or source distribution archive (expected one of `.whl`, `.tar.gz`, `.zip`, `.tar.bz2`, `.tar.lz`, `.tar.lzma`, `.tar.xz`, `.tar.zst`, `.tar`, `.tbz`, `.tgz`, `.tlz`, or `.txz`))
DEBUG Skipping file for numpy: "numpy-1.6.1.win32-py2.6.exe" (not a wheel or source distribution archive (expected one of `.whl`, `.tar.gz`, `.zip`, `.tar.bz2`, `.tar.lz`, `.tar.lzma`, `.tar.xz`, `.tar.zst`, `.tar`, `.tbz`, `.tgz`, `.tlz`, or `.txz`))
DEBUG Skipping file for numpy: "numpy-1.6.1.win32-py2.7.exe" (not a wheel or source distribution archive (expected one of `.whl`, `.tar.gz`, `.zip`, `.tar.bz2`, `.tar.lz`, `.tar.lzma`, `.tar.xz`, `.tar.zst`, `.tar`, `.tbz`, `.tgz`, `.tlz`, or `.txz`))
DEBUG Skipping file for numpy: "numpy-1.6.1.win32-py3.1.exe" (not a wheel or source distribution archive (expected one of `.whl`, `.tar.gz`, `.zip`, `.tar.bz2`, `.tar.lz`, `.tar.lzma`, `.tar.xz`, `.tar.zst`, `.tar`, `.tbz`, `.tgz`, `.tlz`, or `.txz`))
DEBUG Skipping file for numpy: "numpy-1.6.1.win32-py3.2.exe" (not a wheel or source distribution archive (expected one of `.whl`, `.tar.gz`, `.zip`, `.tar.bz2`, `.tar.lz`, `.tar.lzma`, `.tar.xz`, `.tar.zst`, `.tar`, `.tbz`, `.tgz`, `.tlz`, or `.txz`))
DEBUG Skipping file for numpy: "numpy-1.6.2.win32-py2.5.exe" (not a wheel or source distribution archive (expected one of `.whl`, `.tar.gz`, `.zip`, `.tar.bz2`, `.tar.lz`, `.tar.lzma`, `.tar.xz`, `.tar.zst`, `.tar`, `.tbz`, `.tgz`, `.tlz`, or `.txz`))
DEBUG Skipping file for numpy: "numpy-1.6.2.win32-py2.6.exe" (not a wheel or source distribution archive (expected one of `.whl`, `.tar.gz`, `.zip`, `.tar.bz2`, `.tar.lz`, `.tar.lzma`, `.tar.xz`, `.tar.zst`, `.tar`, `.tbz`, `.tgz`, `.tlz`, or `.txz`))
DEBUG Skipping file for numpy: "numpy-1.6.2.win32-py2.7.exe" (not a wheel or source distribution archive (expected one of `.whl`, `.tar.gz`, `.zip`, `.tar.bz2`, `.tar.lz`, `.tar.lzma`, `.tar.xz`, `.tar.zst`, `.tar`, `.tbz`, `.tgz`, `.tlz`, or `.txz`))
DEBUG Skipping file for numpy: "numpy-1.6.2.win32-py3.1.exe" (not a wheel or source distribution archive (expected one of `.whl`, `.tar.gz`, `.zip`, `.tar.bz2`, `.tar.lz`, `.tar.lzma`, `.tar.xz`, `.tar.zst`, `.tar`, `.tbz`, `.tgz`, `.tlz`, or `.txz`))
DEBUG Skipping file for numpy: "numpy-1.6.2.win32-py3.2.exe" (not a wheel or source distribution archive (expected one of `.whl`, `.tar.gz`, `.zip`, `.tar.bz2`, `.tar.lz`, `.tar.lzma`, `.tar.xz`, `.tar.zst`, `.tar`, `.tbz`, `.tgz`, `.tlz`, or `.txz`))
DEBUG Skipping file for numpy: "numpy-1.7.0.win32-py2.5.exe" (not a wheel or source distribution archive (expected one of `.whl`, `.tar.gz`, `.zip`, `.tar.bz2`, `.tar.lz`, `.tar.lzma`, `.tar.xz`, `.tar.zst`, `.tar`, `.tbz`, `.tgz`, `.tlz`, or `.txz`))
DEBUG Skipping file for numpy: "numpy-1.7.0.win32-py2.6.exe" (not a wheel or source distribution archive (expected one of `.whl`, `.tar.gz`, `.zip`, `.tar.bz2`, `.tar.lz`, `.tar.lzma`, `.tar.xz`, `.tar.zst`, `.tar`, `.tbz`, `.tgz`, `.tlz`, or `.txz`))
DEBUG Skipping file for numpy: "numpy-1.7.0.win32-py2.7.exe" (not a wheel or source distribution archive (expected one of `.whl`, `.tar.gz`, `.zip`, `.tar.bz2`, `.tar.lz`, `.tar.lzma`, `.tar.xz`, `.tar.zst`, `.tar`, `.tbz`, `.tgz`, `.tlz`, or `.txz`))
DEBUG Skipping file for numpy: "numpy-1.7.0.win32-py3.1.exe" (not a wheel or source distribution archive (expected one of `.whl`, `.tar.gz`, `.zip`, `.tar.bz2`, `.tar.lz`, `.tar.lzma`, `.tar.xz`, `.tar.zst`, `.tar`, `.tbz`, `.tgz`, `.tlz`, or `.txz`))
DEBUG Skipping file for numpy: "numpy-1.7.0.win32-py3.2.exe" (not a wheel or source distribution archive (expected one of `.whl`, `.tar.gz`, `.zip`, `.tar.bz2`, `.tar.lz`, `.tar.lzma`, `.tar.xz`, `.tar.zst`, `.tar`, `.tbz`, `.tgz`, `.tlz`, or `.txz`))
DEBUG Skipping file for numpy: "numpy-1.7.0.win32-py3.3.exe" (not a wheel or source distribution archive (expected one of `.whl`, `.tar.gz`, `.zip`, `.tar.bz2`, `.tar.lz`, `.tar.lzma`, `.tar.xz`, `.tar.zst`, `.tar`, `.tbz`, `.tgz`, `.tlz`, or `.txz`))
DEBUG Skipping file for numpy: "numpy-1.7.1.win32-py2.5.exe" (not a wheel or source distribution archive (expected one of `.whl`, `.tar.gz`, `.zip`, `.tar.bz2`, `.tar.lz`, `.tar.lzma`, `.tar.xz`, `.tar.zst`, `.tar`, `.tbz`, `.tgz`, `.tlz`, or `.txz`))
DEBUG Skipping file for numpy: "numpy-1.7.1.win32-py2.6.exe" (not a wheel or source distribution archive (expected one of `.whl`, `.tar.gz`, `.zip`, `.tar.bz2`, `.tar.lz`, `.tar.lzma`, `.tar.xz`, `.tar.zst`, `.tar`, `.tbz`, `.tgz`, `.tlz`, or `.txz`))
DEBUG Skipping file for numpy: "numpy-1.7.1.win32-py2.7.exe" (not a wheel or source distribution archive (expected one of `.whl`, `.tar.gz`, `.zip`, `.tar.bz2`, `.tar.lz`, `.tar.lzma`, `.tar.xz`, `.tar.zst`, `.tar`, `.tbz`, `.tgz`, `.tlz`, or `.txz`))
DEBUG Skipping file for numpy: "numpy-1.7.1.win32-py3.1.exe" (not a wheel or source distribution archive (expected one of `.whl`, `.tar.gz`, `.zip`, `.tar.bz2`, `.tar.lz`, `.tar.lzma`, `.tar.xz`, `.tar.zst`, `.tar`, `.tbz`, `.tgz`, `.tlz`, or `.txz`))
DEBUG Skipping file for numpy: "numpy-1.7.1.win32-py3.2.exe" (not a wheel or source distribution archive (expected one of `.whl`, `.tar.gz`, `.zip`, `.tar.bz2`, `.tar.lz`, `.tar.lzma`, `.tar.xz`, `.tar.zst`, `.tar`, `.tbz`, `.tgz`, `.tlz`, or `.txz`))
DEBUG Skipping file for numpy: "numpy-1.7.1.win32-py3.3.exe" (not a wheel or source distribution archive (expected one of `.whl`, `.tar.gz`, `.zip`, `.tar.bz2`, `.tar.lz`, `.tar.lzma`, `.tar.xz`, `.tar.zst`, `.tar`, `.tbz`, `.tgz`, `.tlz`, or `.txz`))
DEBUG No cache entry for: https://files.pythonhosted.org/packages/37/bf/fb3ebff8ddcb76aac5a01389251bbbb9519922a9b520d8247c1ca864a25d/pillow-12.3.0-cp312-cp312-macosx_10_13_x86_64.whl.metadata
DEBUG Sending fresh GET request for: https://files.pythonhosted.org/packages/37/bf/fb3ebff8ddcb76aac5a01389251bbbb9519922a9b520d8247c1ca864a25d/pillow-12.3.0-cp312-cp312-macosx_10_13_x86_64.whl.metadata
DEBUG Searching for a compatible version of numpy (>=1.23, <3)
DEBUG Selecting: numpy==2.5.1 [compatible] (numpy-2.5.1-cp312-cp312-macosx_10_13_x86_64.whl)
DEBUG No cache entry for: https://files.pythonhosted.org/packages/62/7b/14687aa674250e5e546f616f486b0d56d3631cd5b2415739141ce40bdcea/numpy-2.5.1-cp312-cp312-macosx_10_13_x86_64.whl.metadata
DEBUG Sending fresh GET request for: https://files.pythonhosted.org/packages/62/7b/14687aa674250e5e546f616f486b0d56d3631cd5b2415739141ce40bdcea/numpy-2.5.1-cp312-cp312-macosx_10_13_x86_64.whl.metadata
DEBUG Searching for a compatible version of packaging (>=20)
DEBUG Selecting: packaging==26.2 [compatible] (packaging-26.2-py3-none-any.whl)
DEBUG Searching for a compatible version of pandas (>=1.4.0, <4)
DEBUG Selecting: pandas==3.0.5 [compatible] (pandas-3.0.5-cp312-cp312-macosx_10_13_x86_64.whl)
DEBUG Pre-fork all marker environments took 0.263s
DEBUG Splitting resolution on pandas==3.0.5 over numpy, tzdata into 6 resolutions with separate markers
DEBUG Narrowed `requires-python` bound to: >=3.12, <3.14
DEBUG Adding transitive dependency for pandas==3.0.5: numpy{python_full_version < '3.14'}>=1.26.0
DEBUG Adding transitive dependency for pandas==3.0.5: python-dateutil>=2.8.2
DEBUG Narrowed `requires-python` bound to: >=3.12, <3.14
DEBUG Adding transitive dependency for pandas==3.0.5: numpy{python_full_version < '3.14'}>=1.26.0
DEBUG Adding transitive dependency for pandas==3.0.5: python-dateutil>=2.8.2
DEBUG Adding transitive dependency for pandas==3.0.5: tzdata{sys_platform == 'emscripten'}*
DEBUG Narrowed `requires-python` bound to: >=3.12, <3.14
DEBUG Adding transitive dependency for pandas==3.0.5: numpy{python_full_version < '3.14'}>=1.26.0
DEBUG Adding transitive dependency for pandas==3.0.5: python-dateutil>=2.8.2
DEBUG Adding transitive dependency for pandas==3.0.5: tzdata{sys_platform == 'win32'}*
DEBUG No cache entry for: https://pypi.org/simple/python-dateutil/
DEBUG Sending fresh GET request for: https://pypi.org/simple/python-dateutil/
DEBUG Narrowed `requires-python` bound to: >=3.14
DEBUG Adding transitive dependency for pandas==3.0.5: numpy{python_full_version >= '3.14'}>=2.3.3
DEBUG Adding transitive dependency for pandas==3.0.5: python-dateutil>=2.8.2
DEBUG Narrowed `requires-python` bound to: >=3.14
DEBUG Adding transitive dependency for pandas==3.0.5: numpy{python_full_version >= '3.14'}>=2.3.3
DEBUG Adding transitive dependency for pandas==3.0.5: python-dateutil>=2.8.2
DEBUG Adding transitive dependency for pandas==3.0.5: tzdata{sys_platform == 'emscripten'}*
DEBUG No cache entry for: https://pypi.org/simple/tzdata/
DEBUG Sending fresh GET request for: https://pypi.org/simple/tzdata/
DEBUG Narrowed `requires-python` bound to: >=3.14
DEBUG Adding transitive dependency for pandas==3.0.5: numpy{python_full_version >= '3.14'}>=2.3.3
DEBUG Adding transitive dependency for pandas==3.0.5: python-dateutil>=2.8.2
DEBUG Adding transitive dependency for pandas==3.0.5: tzdata{sys_platform == 'win32'}*
DEBUG Solving split (markers: python_full_version >= '3.14' and sys_platform == 'win32') (requires-python: RequiresPython { specifiers: VersionSpecifiers([VersionSpecifier { operator: GreaterThanEqual, version: "3.14" }]), range: RequiresPythonRange(LowerBound(Included("3.14")), UpperBound(Unbounded)) })
DEBUG Searching for a compatible version of numpy{python_full_version >= '3.14'} (>=2.3.3)
DEBUG Selecting: numpy==2.5.1 [compatible] (numpy-2.5.1-cp312-cp312-macosx_10_13_x86_64.whl)
DEBUG Adding transitive dependency for numpy==2.5.1: numpy==2.5.1
DEBUG Adding transitive dependency for numpy==2.5.1: numpy{python_full_version >= '3.14'}==2.5.1
DEBUG Searching for a compatible version of numpy{python_full_version >= '3.14'} (==2.5.1)
DEBUG Selecting: numpy==2.5.1 [compatible] (numpy-2.5.1-cp312-cp312-macosx_10_13_x86_64.whl)
DEBUG Searching for a compatible version of pillow (>=7.1.0, <13)
DEBUG Selecting: pillow==12.3.0 [compatible] (pillow-12.3.0-cp312-cp312-macosx_10_13_x86_64.whl)
DEBUG Searching for a compatible version of protobuf (>=3.20, <8)
DEBUG Selecting: protobuf==7.35.1 [compatible] (protobuf-7.35.1-cp310-abi3-macosx_10_9_universal2.whl)
DEBUG Searching for a compatible version of pyarrow (>=7.0, <25)
DEBUG Selecting: pyarrow==24.0.0 [compatible] (pyarrow-24.0.0-cp312-cp312-macosx_12_0_arm64.whl)
DEBUG Searching for a compatible version of pydeck (>=0.8.0b4, <1)
DEBUG Selecting: pydeck==0.9.3 [compatible] (pydeck-0.9.3-py2.py3-none-any.whl)
DEBUG Adding transitive dependency for pydeck==0.9.3: jinja2>=2.10.1
DEBUG Adding transitive dependency for pydeck==0.9.3: numpy>=1.16.4
DEBUG Searching for a compatible version of python-multipart (>=0.0.10, <1)
DEBUG Selecting: python-multipart==0.0.32 [compatible] (python_multipart-0.0.32-py3-none-any.whl)
DEBUG Searching for a compatible version of requests (>=2.27, <3)
DEBUG Selecting: requests==2.34.2 [compatible] (requests-2.34.2-py3-none-any.whl)
DEBUG Adding transitive dependency for requests==2.34.2: certifi>=2023.5.7
DEBUG Adding transitive dependency for requests==2.34.2: charset-normalizer>=2, <4
DEBUG Adding transitive dependency for requests==2.34.2: idna>=2.5, <4
DEBUG Adding transitive dependency for requests==2.34.2: urllib3>=1.26, <3
DEBUG Searching for a compatible version of starlette (>=0.40.0, <2)
DEBUG Selecting: starlette==1.3.1 [compatible] (starlette-1.3.1-py3-none-any.whl)
DEBUG Adding transitive dependency for starlette==1.3.1: anyio>=3.6.2, <5
DEBUG Searching for a compatible version of tenacity (>=8.1.0, <10)
DEBUG Selecting: tenacity==9.1.4 [compatible] (tenacity-9.1.4-py3-none-any.whl)
DEBUG Searching for a compatible version of toml (>=0.10.1, <2)
DEBUG Selecting: toml==0.10.2 [compatible] (toml-0.10.2-py2.py3-none-any.whl)
DEBUG Searching for a compatible version of typing-extensions (>=4.12.0, <5)
DEBUG Selecting: typing-extensions==4.16.0 [compatible] (typing_extensions-4.16.0-py3-none-any.whl)
DEBUG Searching for a compatible version of typing-extensions{python_full_version < '3.15'} (>=4.12.0)
DEBUG Selecting: typing-extensions==4.16.0 [compatible] (typing_extensions-4.16.0-py3-none-any.whl)
DEBUG No cache entry for: https://pypi.org/simple/urllib3/
DEBUG Adding transitive dependency for typing-extensions==4.16.0: typing-extensions==4.16.0
DEBUG Sending fresh GET request for: https://pypi.org/simple/urllib3/
DEBUG Adding transitive dependency for typing-extensions==4.16.0: typing-extensions{python_full_version < '3.15'}==4.16.0
DEBUG Searching for a compatible version of typing-extensions{python_full_version < '3.15'} (==4.16.0)
DEBUG Selecting: typing-extensions==4.16.0 [compatible] (typing_extensions-4.16.0-py3-none-any.whl)
DEBUG Searching for a compatible version of typing-extensions{python_full_version < '3.13'} (>=4.5)
DEBUG Selecting: typing-extensions==4.16.0 [compatible] (typing_extensions-4.16.0-py3-none-any.whl)
DEBUG Adding transitive dependency for typing-extensions==4.16.0: typing-extensions==4.16.0
DEBUG Adding transitive dependency for typing-extensions==4.16.0: typing-extensions{python_full_version < '3.13'}==4.16.0
DEBUG No cache entry for: https://pypi.org/simple/certifi/
DEBUG Sending fresh GET request for: https://pypi.org/simple/certifi/
DEBUG Searching for a compatible version of typing-extensions{python_full_version < '3.13'} (==4.16.0)
DEBUG Selecting: typing-extensions==4.16.0 [compatible] (typing_extensions-4.16.0-py3-none-any.whl)
DEBUG No cache entry for: https://pypi.org/simple/charset-normalizer/
DEBUG Sending fresh GET request for: https://pypi.org/simple/charset-normalizer/
DEBUG Searching for a compatible version of uvicorn (>=0.30.0, <1)
DEBUG Selecting: uvicorn==0.51.0 [compatible] (uvicorn-0.51.0-py3-none-any.whl)
DEBUG Adding transitive dependency for uvicorn==0.51.0: click>=7.0
DEBUG Adding transitive dependency for uvicorn==0.51.0: h11>=0.8
DEBUG Searching for a compatible version of watchdog{sys_platform != 'darwin'} (>=2.1.5, <7)
DEBUG Selecting: watchdog==6.0.0 [compatible] (watchdog-6.0.0-cp312-cp312-macosx_10_13_universal2.whl)
DEBUG Adding transitive dependency for watchdog==6.0.0: watchdog==6.0.0
DEBUG Adding transitive dependency for watchdog==6.0.0: watchdog{sys_platform != 'darwin'}==6.0.0
DEBUG Searching for a compatible version of watchdog (==6.0.0)
DEBUG Selecting: watchdog==6.0.0 [compatible] (watchdog-6.0.0-cp312-cp312-macosx_10_13_universal2.whl)
DEBUG Searching for a compatible version of watchdog{sys_platform != 'darwin'} (==6.0.0)
DEBUG Selecting: watchdog==6.0.0 [compatible] (watchdog-6.0.0-cp312-cp312-macosx_10_13_universal2.whl)
DEBUG Searching for a compatible version of websockets (>=12.0.0, <17)
DEBUG Selecting: websockets==16.1.1 [compatible] (websockets-16.1.1-cp312-cp312-macosx_10_13_universal2.whl)
DEBUG No cache entry for: https://pypi.org/simple/h11/
DEBUG Sending fresh GET request for: https://pypi.org/simple/h11/
DEBUG Searching for a compatible version of jinja2 (>=2.10.1)
DEBUG Selecting: jinja2==3.1.6 [compatible] (jinja2-3.1.6-py3-none-any.whl)
DEBUG Adding transitive dependency for jinja2==3.1.6: markupsafe>=2.0
DEBUG Searching for a compatible version of jsonschema (>=3.0)
DEBUG Selecting: jsonschema==4.26.0 [compatible] (jsonschema-4.26.0-py3-none-any.whl)
DEBUG Adding transitive dependency for jsonschema==4.26.0: attrs>=22.2.0
DEBUG Adding transitive dependency for jsonschema==4.26.0: jsonschema-specifications>=2023.3.6
DEBUG Adding transitive dependency for jsonschema==4.26.0: referencing>=0.28.4
DEBUG Adding transitive dependency for jsonschema==4.26.0: rpds-py>=0.25.0
DEBUG Searching for a compatible version of narwhals (>=2.4.0)
DEBUG Selecting: narwhals==2.24.0 [compatible] (narwhals-2.24.0-py3-none-any.whl)
DEBUG No cache entry for: https://pypi.org/simple/markupsafe/
DEBUG Sending fresh GET request for: https://pypi.org/simple/markupsafe/
DEBUG Searching for a compatible version of idna (>=2.8, <4)
DEBUG Selecting: idna==3.18 [compatible] (idna-3.18-py3-none-any.whl)
DEBUG Searching for a compatible version of colorama{sys_platform == 'win32'} (*)
DEBUG Selecting: colorama==0.4.6 [compatible] (colorama-0.4.6-py2.py3-none-any.whl)
DEBUG Adding transitive dependency for colorama==0.4.6: colorama==0.4.6
DEBUG Adding transitive dependency for colorama==0.4.6: colorama{sys_platform == 'win32'}==0.4.6
DEBUG No cache entry for: https://pypi.org/simple/attrs/
DEBUG Sending fresh GET request for: https://pypi.org/simple/attrs/
DEBUG Searching for a compatible version of colorama (==0.4.6)
DEBUG No cache entry for: https://pypi.org/simple/jsonschema-specifications/
DEBUG Selecting: colorama==0.4.6 [compatible] (colorama-0.4.6-py2.py3-none-any.whl)
DEBUG Sending fresh GET request for: https://pypi.org/simple/jsonschema-specifications/
DEBUG Searching for a compatible version of colorama{sys_platform == 'win32'} (==0.4.6)
DEBUG Selecting: colorama==0.4.6 [compatible] (colorama-0.4.6-py2.py3-none-any.whl)
DEBUG Searching for a compatible version of gitdb (>=4.0.1, <5)
DEBUG No cache entry for: https://pypi.org/simple/referencing/
DEBUG Sending fresh GET request for: https://pypi.org/simple/referencing/
DEBUG Selecting: gitdb==4.0.12 [compatible] (gitdb-4.0.12-py3-none-any.whl)
DEBUG Adding transitive dependency for gitdb==4.0.12: smmap>=3.0.1, <6
DEBUG No cache entry for: https://pypi.org/simple/rpds-py/
DEBUG Sending fresh GET request for: https://pypi.org/simple/rpds-py/
DEBUG No cache entry for: https://pypi.org/simple/smmap/
DEBUG Sending fresh GET request for: https://pypi.org/simple/smmap/
DEBUG Searching for a compatible version of python-dateutil (>=2.8.2)
DEBUG Selecting: python-dateutil==2.9.0.post0 [compatible] (python_dateutil-2.9.0.post0-py2.py3-none-any.whl)
DEBUG No cache entry for: https://files.pythonhosted.org/packages/e5/6d/b53b99a9f2766d095985947a5782f1702cabb129a34f7a802d7197af832f/tzdata-2026.3-py2.py3-none-any.whl.metadata
DEBUG Sending fresh GET request for: https://files.pythonhosted.org/packages/e5/6d/b53b99a9f2766d095985947a5782f1702cabb129a34f7a802d7197af832f/tzdata-2026.3-py2.py3-none-any.whl.metadata
DEBUG No cache entry for: https://files.pythonhosted.org/packages/ec/57/56b9bcc3c9c6a792fcbaf139543cee77261f3651ca9da0c93f5c1221264b/python_dateutil-2.9.0.post0-py2.py3-none-any.whl.metadata
DEBUG Sending fresh GET request for: https://files.pythonhosted.org/packages/ec/57/56b9bcc3c9c6a792fcbaf139543cee77261f3651ca9da0c93f5c1221264b/python_dateutil-2.9.0.post0-py2.py3-none-any.whl.metadata
DEBUG No cache entry for: https://files.pythonhosted.org/packages/c1/d4/59e74daffcb57a07668852eeeb6035af9f32cbfd7a1d2511f17d2fe6a738/smmap-5.0.3-py3-none-any.whl.metadata
DEBUG Sending fresh GET request for: https://files.pythonhosted.org/packages/c1/d4/59e74daffcb57a07668852eeeb6035af9f32cbfd7a1d2511f17d2fe6a738/smmap-5.0.3-py3-none-any.whl.metadata
DEBUG No cache entry for: https://files.pythonhosted.org/packages/04/4b/29cac41a4d98d144bf5f6d33995617b185d14b22401f75ca86f384e87ff1/h11-0.16.0-py3-none-any.whl.metadata
DEBUG Sending fresh GET request for: https://files.pythonhosted.org/packages/04/4b/29cac41a4d98d144bf5f6d33995617b185d14b22401f75ca86f384e87ff1/h11-0.16.0-py3-none-any.whl.metadata
DEBUG No cache entry for: https://files.pythonhosted.org/packages/64/b4/17d4b0b2a2dc85a6df63d1157e028ed19f90d4cd97c36717afef2bc2f395/attrs-26.1.0-py3-none-any.whl.metadata
DEBUG Sending fresh GET request for: https://files.pythonhosted.org/packages/64/b4/17d4b0b2a2dc85a6df63d1157e028ed19f90d4cd97c36717afef2bc2f395/attrs-26.1.0-py3-none-any.whl.metadata
DEBUG No cache entry for: https://files.pythonhosted.org/packages/0b/a7/71ac2cff56fec219ed242bb11b8efb69fcc4bec75db06fb7bfe35de520e6/certifi-2026.7.22-py3-none-any.whl.metadata
DEBUG Sending fresh GET request for: https://files.pythonhosted.org/packages/0b/a7/71ac2cff56fec219ed242bb11b8efb69fcc4bec75db06fb7bfe35de520e6/certifi-2026.7.22-py3-none-any.whl.metadata
DEBUG No cache entry for: https://files.pythonhosted.org/packages/7f/3e/5db95bcf282c52709639744ca2a8b149baccf648e39c8cc87553df9eae0c/urllib3-2.7.0-py3-none-any.whl.metadata
DEBUG Sending fresh GET request for: https://files.pythonhosted.org/packages/7f/3e/5db95bcf282c52709639744ca2a8b149baccf648e39c8cc87553df9eae0c/urllib3-2.7.0-py3-none-any.whl.metadata
DEBUG No cache entry for: https://files.pythonhosted.org/packages/41/45/1a4ed80516f02155c51f51e8cedb3c1902296743db0bbc66608a0db2814f/jsonschema_specifications-2025.9.1-py3-none-any.whl.metadata
DEBUG Sending fresh GET request for: https://files.pythonhosted.org/packages/41/45/1a4ed80516f02155c51f51e8cedb3c1902296743db0bbc66608a0db2814f/jsonschema_specifications-2025.9.1-py3-none-any.whl.metadata
DEBUG Adding transitive dependency for python-dateutil==2.9.0.post0: six>=1.5
DEBUG Searching for a compatible version of tzdata{sys_platform == 'win32'} (*)
DEBUG Selecting: tzdata==2026.3 [compatible] (tzdata-2026.3-py2.py3-none-any.whl)
DEBUG Adding transitive dependency for tzdata==2026.3: tzdata==2026.3
DEBUG Adding transitive dependency for tzdata==2026.3: tzdata{sys_platform == 'win32'}==2026.3
DEBUG Searching for a compatible version of tzdata (==2026.3)
DEBUG Selecting: tzdata==2026.3 [compatible] (tzdata-2026.3-py2.py3-none-any.whl)
DEBUG Searching for a compatible version of tzdata{sys_platform == 'win32'} (==2026.3)
DEBUG Selecting: tzdata==2026.3 [compatible] (tzdata-2026.3-py2.py3-none-any.whl)
DEBUG Searching for a compatible version of certifi (>=2023.5.7)
DEBUG Selecting: certifi==2026.7.22 [compatible] (certifi-2026.7.22-py3-none-any.whl)
DEBUG No cache entry for: https://pypi.org/simple/six/
DEBUG Sending fresh GET request for: https://pypi.org/simple/six/
DEBUG No cache entry for: https://files.pythonhosted.org/packages/2c/58/ca301544e1fa93ed4f80d724bf5b194f6e4b945841c5bfd555878eea9fcb/referencing-0.37.0-py3-none-any.whl.metadata
DEBUG Sending fresh GET request for: https://files.pythonhosted.org/packages/2c/58/ca301544e1fa93ed4f80d724bf5b194f6e4b945841c5bfd555878eea9fcb/referencing-0.37.0-py3-none-any.whl.metadata
DEBUG Searching for a compatible version of charset-normalizer (>=2, <4)
DEBUG Selecting: charset-normalizer==3.4.9 [compatible] (charset_normalizer-3.4.9-cp312-cp312-macosx_10_13_universal2.whl)
DEBUG No cache entry for: https://files.pythonhosted.org/packages/5a/72/147da192e38635ada20e0a2e1a51cf8823d2119ce8883f7053879c2199b5/markupsafe-3.0.3-cp312-cp312-macosx_10_13_x86_64.whl.metadata
DEBUG Sending fresh GET request for: https://files.pythonhosted.org/packages/5a/72/147da192e38635ada20e0a2e1a51cf8823d2119ce8883f7053879c2199b5/markupsafe-3.0.3-cp312-cp312-macosx_10_13_x86_64.whl.metadata
DEBUG No cache entry for: https://files.pythonhosted.org/packages/70/4a/ecbd131485c07fcdfad54e28946d513e3da22ef3b4bd854dcafae54ec739/charset_normalizer-3.4.9-cp312-cp312-macosx_10_13_universal2.whl.metadata
DEBUG Sending fresh GET request for: https://files.pythonhosted.org/packages/70/4a/ecbd131485c07fcdfad54e28946d513e3da22ef3b4bd854dcafae54ec739/charset_normalizer-3.4.9-cp312-cp312-macosx_10_13_universal2.whl.metadata
DEBUG No cache entry for: https://files.pythonhosted.org/packages/b7/ce/149a00dd41f10bc29e5921b496af8b574d8413afcd5e30dfa0ed46c2cc5e/six-1.17.0-py2.py3-none-any.whl.metadata
DEBUG Sending fresh GET request for: https://files.pythonhosted.org/packages/b7/ce/149a00dd41f10bc29e5921b496af8b574d8413afcd5e30dfa0ed46c2cc5e/six-1.17.0-py2.py3-none-any.whl.metadata
DEBUG No cache entry for: https://files.pythonhosted.org/packages/5c/be/2e8974163072e7bab7df1a5acd54c4498e75e35d6d18b864d3a9d5dadc92/rpds_py-2026.6.3-cp312-cp312-macosx_10_12_x86_64.whl.metadata
DEBUG Sending fresh GET request for: https://files.pythonhosted.org/packages/5c/be/2e8974163072e7bab7df1a5acd54c4498e75e35d6d18b864d3a9d5dadc92/rpds_py-2026.6.3-cp312-cp312-macosx_10_12_x86_64.whl.metadata
DEBUG Searching for a compatible version of urllib3 (>=1.26, <3)
DEBUG Selecting: urllib3==2.7.0 [compatible] (urllib3-2.7.0-py3-none-any.whl)
DEBUG Searching for a compatible version of h11 (>=0.8)
DEBUG Selecting: h11==0.16.0 [compatible] (h11-0.16.0-py3-none-any.whl)
DEBUG Searching for a compatible version of markupsafe (>=2.0)
DEBUG Selecting: markupsafe==3.0.3 [compatible] (markupsafe-3.0.3-cp312-cp312-macosx_10_13_x86_64.whl)
DEBUG Searching for a compatible version of attrs (>=22.2.0)
DEBUG Selecting: attrs==26.1.0 [compatible] (attrs-26.1.0-py3-none-any.whl)
DEBUG Searching for a compatible version of jsonschema-specifications (>=2023.3.6)
DEBUG Selecting: jsonschema-specifications==2025.9.1 [compatible] (jsonschema_specifications-2025.9.1-py3-none-any.whl)
DEBUG Adding transitive dependency for jsonschema-specifications==2025.9.1: referencing>=0.31.0
DEBUG Searching for a compatible version of referencing (>=0.31.0)
DEBUG Selecting: referencing==0.37.0 [compatible] (referencing-0.37.0-py3-none-any.whl)
DEBUG Adding transitive dependency for referencing==0.37.0: attrs>=22.2.0
DEBUG Adding transitive dependency for referencing==0.37.0: rpds-py>=0.7.0
DEBUG Searching for a compatible version of rpds-py (>=0.25.0)
DEBUG Selecting: rpds-py==2026.6.3 [compatible] (rpds_py-2026.6.3-cp312-cp312-macosx_10_12_x86_64.whl)
DEBUG Searching for a compatible version of smmap (>=3.0.1, <6)
DEBUG Selecting: smmap==5.0.3 [compatible] (smmap-5.0.3-py3-none-any.whl)
DEBUG Searching for a compatible version of six (>=1.5)
DEBUG Selecting: six==1.17.0 [compatible] (six-1.17.0-py2.py3-none-any.whl)
DEBUG Tried 44 versions: altair 1, anyio 1, attrs 1, bench-uv-debug 1, blinker 1, certifi 1, charset-normalizer 1, click 1, colorama 1, gitdb 1, gitpython 1, h11 1, httptools 1, idna 1, itsdangerous 1, jinja2 1, jsonschema 1, jsonschema-specifications 1, markupsafe 1, narwhals 1, numpy 1, packaging 1, pandas 1, pillow 1, protobuf 1, pyarrow 1, pydeck 1, python-dateutil 1, python-multipart 1, referencing 1, requests 1, rpds-py 1, six 1, smmap 1, starlette 1, streamlit 1, tenacity 1, toml 1, typing-extensions 1, tzdata 1, urllib3 1, uvicorn 1, watchdog 1, websockets 1
DEBUG split `python_full_version >= '3.14' and sys_platform == 'win32'` resolution took 0.069s
DEBUG Solving split (markers: python_full_version >= '3.14' and sys_platform == 'emscripten') (requires-python: RequiresPython { specifiers: VersionSpecifiers([VersionSpecifier { operator: GreaterThanEqual, version: "3.14" }]), range: RequiresPythonRange(LowerBound(Included("3.14")), UpperBound(Unbounded)) })
DEBUG Searching for a compatible version of numpy{python_full_version >= '3.14'} (>=2.3.3)
DEBUG Selecting: numpy==2.5.1 [preference] (numpy-2.5.1-cp312-cp312-macosx_10_13_x86_64.whl)
DEBUG Adding transitive dependency for numpy==2.5.1: numpy==2.5.1
DEBUG Adding transitive dependency for numpy==2.5.1: numpy{python_full_version >= '3.14'}==2.5.1
DEBUG Searching for a compatible version of numpy{python_full_version >= '3.14'} (==2.5.1)
DEBUG Selecting: numpy==2.5.1 [preference] (numpy-2.5.1-cp312-cp312-macosx_10_13_x86_64.whl)
DEBUG Searching for a compatible version of pillow (>=7.1.0, <13)
DEBUG Selecting: pillow==12.3.0 [preference] (pillow-12.3.0-cp312-cp312-macosx_10_13_x86_64.whl)
DEBUG Searching for a compatible version of protobuf (>=3.20, <8)
DEBUG Selecting: protobuf==7.35.1 [preference] (protobuf-7.35.1-cp310-abi3-macosx_10_9_universal2.whl)
DEBUG Searching for a compatible version of pyarrow (>=7.0, <25)
DEBUG Selecting: pyarrow==24.0.0 [preference] (pyarrow-24.0.0-cp312-cp312-macosx_12_0_arm64.whl)
DEBUG Searching for a compatible version of pydeck (>=0.8.0b4, <1)
DEBUG Selecting: pydeck==0.9.3 [preference] (pydeck-0.9.3-py2.py3-none-any.whl)
DEBUG Adding transitive dependency for pydeck==0.9.3: jinja2>=2.10.1
DEBUG Adding transitive dependency for pydeck==0.9.3: numpy>=1.16.4
DEBUG Searching for a compatible version of python-multipart (>=0.0.10, <1)
DEBUG Selecting: python-multipart==0.0.32 [preference] (python_multipart-0.0.32-py3-none-any.whl)
DEBUG Searching for a compatible version of requests (>=2.27, <3)
DEBUG Selecting: requests==2.34.2 [preference] (requests-2.34.2-py3-none-any.whl)
DEBUG Adding transitive dependency for requests==2.34.2: certifi>=2023.5.7
DEBUG Adding transitive dependency for requests==2.34.2: charset-normalizer>=2, <4
DEBUG Adding transitive dependency for requests==2.34.2: idna>=2.5, <4
DEBUG Adding transitive dependency for requests==2.34.2: urllib3>=1.26, <3
DEBUG Searching for a compatible version of starlette (>=0.40.0, <2)
DEBUG Selecting: starlette==1.3.1 [preference] (starlette-1.3.1-py3-none-any.whl)
DEBUG Adding transitive dependency for starlette==1.3.1: anyio>=3.6.2, <5
DEBUG Searching for a compatible version of tenacity (>=8.1.0, <10)
DEBUG Selecting: tenacity==9.1.4 [preference] (tenacity-9.1.4-py3-none-any.whl)
DEBUG Searching for a compatible version of toml (>=0.10.1, <2)
DEBUG Selecting: toml==0.10.2 [preference] (toml-0.10.2-py2.py3-none-any.whl)
DEBUG Searching for a compatible version of typing-extensions (>=4.12.0, <5)
DEBUG Selecting: typing-extensions==4.16.0 [preference] (typing_extensions-4.16.0-py3-none-any.whl)
DEBUG Searching for a compatible version of typing-extensions{python_full_version < '3.15'} (>=4.12.0)
DEBUG Selecting: typing-extensions==4.16.0 [preference] (typing_extensions-4.16.0-py3-none-any.whl)
DEBUG Adding transitive dependency for typing-extensions==4.16.0: typing-extensions==4.16.0
DEBUG Adding transitive dependency for typing-extensions==4.16.0: typing-extensions{python_full_version < '3.15'}==4.16.0
DEBUG Searching for a compatible version of typing-extensions{python_full_version < '3.15'} (==4.16.0)
DEBUG Selecting: typing-extensions==4.16.0 [preference] (typing_extensions-4.16.0-py3-none-any.whl)
DEBUG Searching for a compatible version of typing-extensions{python_full_version < '3.13'} (>=4.5)
DEBUG Selecting: typing-extensions==4.16.0 [preference] (typing_extensions-4.16.0-py3-none-any.whl)
DEBUG Adding transitive dependency for typing-extensions==4.16.0: typing-extensions==4.16.0
DEBUG Adding transitive dependency for typing-extensions==4.16.0: typing-extensions{python_full_version < '3.13'}==4.16.0
DEBUG Searching for a compatible version of typing-extensions{python_full_version < '3.13'} (==4.16.0)
DEBUG Selecting: typing-extensions==4.16.0 [preference] (typing_extensions-4.16.0-py3-none-any.whl)
DEBUG Searching for a compatible version of uvicorn (>=0.30.0, <1)
DEBUG Selecting: uvicorn==0.51.0 [preference] (uvicorn-0.51.0-py3-none-any.whl)
DEBUG Adding transitive dependency for uvicorn==0.51.0: click>=7.0
DEBUG Adding transitive dependency for uvicorn==0.51.0: h11>=0.8
DEBUG Searching for a compatible version of watchdog{sys_platform != 'darwin'} (>=2.1.5, <7)
DEBUG Selecting: watchdog==6.0.0 [preference] (watchdog-6.0.0-cp312-cp312-macosx_10_13_universal2.whl)
DEBUG Adding transitive dependency for watchdog==6.0.0: watchdog==6.0.0
DEBUG Adding transitive dependency for watchdog==6.0.0: watchdog{sys_platform != 'darwin'}==6.0.0
DEBUG Searching for a compatible version of watchdog (==6.0.0)
DEBUG Selecting: watchdog==6.0.0 [preference] (watchdog-6.0.0-cp312-cp312-macosx_10_13_universal2.whl)
DEBUG Searching for a compatible version of watchdog{sys_platform != 'darwin'} (==6.0.0)
DEBUG Selecting: watchdog==6.0.0 [preference] (watchdog-6.0.0-cp312-cp312-macosx_10_13_universal2.whl)
DEBUG Searching for a compatible version of websockets (>=12.0.0, <17)
DEBUG Selecting: websockets==16.1.1 [preference] (websockets-16.1.1-cp312-cp312-macosx_10_13_universal2.whl)
DEBUG Searching for a compatible version of jinja2 (>=2.10.1)
DEBUG Selecting: jinja2==3.1.6 [preference] (jinja2-3.1.6-py3-none-any.whl)
DEBUG Adding transitive dependency for jinja2==3.1.6: markupsafe>=2.0
DEBUG Searching for a compatible version of jsonschema (>=3.0)
DEBUG Selecting: jsonschema==4.26.0 [preference] (jsonschema-4.26.0-py3-none-any.whl)
DEBUG Adding transitive dependency for jsonschema==4.26.0: attrs>=22.2.0
DEBUG Adding transitive dependency for jsonschema==4.26.0: jsonschema-specifications>=2023.3.6
DEBUG Adding transitive dependency for jsonschema==4.26.0: referencing>=0.28.4
DEBUG Adding transitive dependency for jsonschema==4.26.0: rpds-py>=0.25.0
DEBUG Searching for a compatible version of narwhals (>=2.4.0)
DEBUG Selecting: narwhals==2.24.0 [preference] (narwhals-2.24.0-py3-none-any.whl)
DEBUG Searching for a compatible version of idna (>=2.8, <4)
DEBUG Selecting: idna==3.18 [preference] (idna-3.18-py3-none-any.whl)
DEBUG Searching for a compatible version of colorama{sys_platform == 'win32'} (*)
DEBUG Selecting: colorama==0.4.6 [preference] (colorama-0.4.6-py2.py3-none-any.whl)
DEBUG Adding transitive dependency for colorama==0.4.6: colorama==0.4.6
DEBUG Adding transitive dependency for colorama==0.4.6: colorama{sys_platform == 'win32'}==0.4.6
DEBUG Searching for a compatible version of colorama (==0.4.6)
DEBUG Selecting: colorama==0.4.6 [preference] (colorama-0.4.6-py2.py3-none-any.whl)
DEBUG Searching for a compatible version of colorama{sys_platform == 'win32'} (==0.4.6)
DEBUG Selecting: colorama==0.4.6 [preference] (colorama-0.4.6-py2.py3-none-any.whl)
DEBUG Searching for a compatible version of gitdb (>=4.0.1, <5)
DEBUG Selecting: gitdb==4.0.12 [preference] (gitdb-4.0.12-py3-none-any.whl)
DEBUG Adding transitive dependency for gitdb==4.0.12: smmap>=3.0.1, <6
DEBUG Searching for a compatible version of python-dateutil (>=2.8.2)
DEBUG Selecting: python-dateutil==2.9.0.post0 [preference] (python_dateutil-2.9.0.post0-py2.py3-none-any.whl)
DEBUG Adding transitive dependency for python-dateutil==2.9.0.post0: six>=1.5
DEBUG Searching for a compatible version of tzdata{sys_platform == 'emscripten'} (*)
DEBUG Selecting: tzdata==2026.3 [preference] (tzdata-2026.3-py2.py3-none-any.whl)
DEBUG Adding transitive dependency for tzdata==2026.3: tzdata==2026.3
DEBUG Adding transitive dependency for tzdata==2026.3: tzdata{sys_platform == 'emscripten'}==2026.3
DEBUG Searching for a compatible version of tzdata (==2026.3)
DEBUG Selecting: tzdata==2026.3 [preference] (tzdata-2026.3-py2.py3-none-any.whl)
DEBUG Searching for a compatible version of tzdata{sys_platform == 'emscripten'} (==2026.3)
DEBUG Selecting: tzdata==2026.3 [preference] (tzdata-2026.3-py2.py3-none-any.whl)
DEBUG Searching for a compatible version of certifi (>=2023.5.7)
DEBUG Selecting: certifi==2026.7.22 [preference] (certifi-2026.7.22-py3-none-any.whl)
DEBUG Searching for a compatible version of charset-normalizer (>=2, <4)
DEBUG Selecting: charset-normalizer==3.4.9 [preference] (charset_normalizer-3.4.9-cp312-cp312-macosx_10_13_universal2.whl)
DEBUG Searching for a compatible version of urllib3 (>=1.26, <3)
DEBUG Selecting: urllib3==2.7.0 [preference] (urllib3-2.7.0-py3-none-any.whl)
DEBUG Searching for a compatible version of h11 (>=0.8)
DEBUG Selecting: h11==0.16.0 [preference] (h11-0.16.0-py3-none-any.whl)
DEBUG Searching for a compatible version of markupsafe (>=2.0)
DEBUG Selecting: markupsafe==3.0.3 [preference] (markupsafe-3.0.3-cp312-cp312-macosx_10_13_x86_64.whl)
DEBUG Searching for a compatible version of attrs (>=22.2.0)
DEBUG Selecting: attrs==26.1.0 [preference] (attrs-26.1.0-py3-none-any.whl)
DEBUG Searching for a compatible version of jsonschema-specifications (>=2023.3.6)
DEBUG Selecting: jsonschema-specifications==2025.9.1 [preference] (jsonschema_specifications-2025.9.1-py3-none-any.whl)
DEBUG Adding transitive dependency for jsonschema-specifications==2025.9.1: referencing>=0.31.0
DEBUG Searching for a compatible version of referencing (>=0.31.0)
DEBUG Selecting: referencing==0.37.0 [preference] (referencing-0.37.0-py3-none-any.whl)
DEBUG Adding transitive dependency for referencing==0.37.0: attrs>=22.2.0
DEBUG Adding transitive dependency for referencing==0.37.0: rpds-py>=0.7.0
DEBUG Searching for a compatible version of rpds-py (>=0.25.0)
DEBUG Selecting: rpds-py==2026.6.3 [preference] (rpds_py-2026.6.3-cp312-cp312-macosx_10_12_x86_64.whl)
DEBUG Searching for a compatible version of smmap (>=3.0.1, <6)
DEBUG Selecting: smmap==5.0.3 [preference] (smmap-5.0.3-py3-none-any.whl)
DEBUG Searching for a compatible version of six (>=1.5)
DEBUG Selecting: six==1.17.0 [preference] (six-1.17.0-py2.py3-none-any.whl)
DEBUG Tried 44 versions: altair 1, anyio 1, attrs 1, bench-uv-debug 1, blinker 1, certifi 1, charset-normalizer 1, click 1, colorama 1, gitdb 1, gitpython 1, h11 1, httptools 1, idna 1, itsdangerous 1, jinja2 1, jsonschema 1, jsonschema-specifications 1, markupsafe 1, narwhals 1, numpy 1, packaging 1, pandas 1, pillow 1, protobuf 1, pyarrow 1, pydeck 1, python-dateutil 1, python-multipart 1, referencing 1, requests 1, rpds-py 1, six 1, smmap 1, starlette 1, streamlit 1, tenacity 1, toml 1, typing-extensions 1, tzdata 1, urllib3 1, uvicorn 1, watchdog 1, websockets 1
DEBUG split `python_full_version >= '3.14' and sys_platform == 'emscripten'` resolution took 0.002s
DEBUG Solving split (markers: python_full_version >= '3.14' and sys_platform != 'emscripten' and sys_platform != 'win32') (requires-python: RequiresPython { specifiers: VersionSpecifiers([VersionSpecifier { operator: GreaterThanEqual, version: "3.14" }]), range: RequiresPythonRange(LowerBound(Included("3.14")), UpperBound(Unbounded)) })
DEBUG Searching for a compatible version of numpy{python_full_version >= '3.14'} (>=2.3.3)
DEBUG Selecting: numpy==2.5.1 [preference] (numpy-2.5.1-cp312-cp312-macosx_10_13_x86_64.whl)
DEBUG Adding transitive dependency for numpy==2.5.1: numpy==2.5.1
DEBUG Adding transitive dependency for numpy==2.5.1: numpy{python_full_version >= '3.14'}==2.5.1
DEBUG Searching for a compatible version of numpy{python_full_version >= '3.14'} (==2.5.1)
DEBUG Selecting: numpy==2.5.1 [preference] (numpy-2.5.1-cp312-cp312-macosx_10_13_x86_64.whl)
DEBUG Searching for a compatible version of pillow (>=7.1.0, <13)
DEBUG Selecting: pillow==12.3.0 [preference] (pillow-12.3.0-cp312-cp312-macosx_10_13_x86_64.whl)
DEBUG Searching for a compatible version of protobuf (>=3.20, <8)
DEBUG Selecting: protobuf==7.35.1 [preference] (protobuf-7.35.1-cp310-abi3-macosx_10_9_universal2.whl)
DEBUG Searching for a compatible version of pyarrow (>=7.0, <25)
DEBUG Selecting: pyarrow==24.0.0 [preference] (pyarrow-24.0.0-cp312-cp312-macosx_12_0_arm64.whl)
DEBUG Searching for a compatible version of pydeck (>=0.8.0b4, <1)
DEBUG Selecting: pydeck==0.9.3 [preference] (pydeck-0.9.3-py2.py3-none-any.whl)
DEBUG Adding transitive dependency for pydeck==0.9.3: jinja2>=2.10.1
DEBUG Adding transitive dependency for pydeck==0.9.3: numpy>=1.16.4
DEBUG Searching for a compatible version of python-multipart (>=0.0.10, <1)
DEBUG Selecting: python-multipart==0.0.32 [preference] (python_multipart-0.0.32-py3-none-any.whl)
DEBUG Searching for a compatible version of requests (>=2.27, <3)
DEBUG Selecting: requests==2.34.2 [preference] (requests-2.34.2-py3-none-any.whl)
DEBUG Adding transitive dependency for requests==2.34.2: certifi>=2023.5.7
DEBUG Adding transitive dependency for requests==2.34.2: charset-normalizer>=2, <4
DEBUG Adding transitive dependency for requests==2.34.2: idna>=2.5, <4
DEBUG Adding transitive dependency for requests==2.34.2: urllib3>=1.26, <3
DEBUG Searching for a compatible version of starlette (>=0.40.0, <2)
DEBUG Selecting: starlette==1.3.1 [preference] (starlette-1.3.1-py3-none-any.whl)
DEBUG Adding transitive dependency for starlette==1.3.1: anyio>=3.6.2, <5
DEBUG Searching for a compatible version of tenacity (>=8.1.0, <10)
DEBUG Selecting: tenacity==9.1.4 [preference] (tenacity-9.1.4-py3-none-any.whl)
DEBUG Searching for a compatible version of toml (>=0.10.1, <2)
DEBUG Selecting: toml==0.10.2 [preference] (toml-0.10.2-py2.py3-none-any.whl)
DEBUG Searching for a compatible version of typing-extensions (>=4.12.0, <5)
DEBUG Selecting: typing-extensions==4.16.0 [preference] (typing_extensions-4.16.0-py3-none-any.whl)
DEBUG Searching for a compatible version of typing-extensions{python_full_version < '3.15'} (>=4.12.0)
DEBUG Selecting: typing-extensions==4.16.0 [preference] (typing_extensions-4.16.0-py3-none-any.whl)
DEBUG Adding transitive dependency for typing-extensions==4.16.0: typing-extensions==4.16.0
DEBUG Adding transitive dependency for typing-extensions==4.16.0: typing-extensions{python_full_version < '3.15'}==4.16.0
DEBUG Searching for a compatible version of typing-extensions{python_full_version < '3.15'} (==4.16.0)
DEBUG Selecting: typing-extensions==4.16.0 [preference] (typing_extensions-4.16.0-py3-none-any.whl)
DEBUG Searching for a compatible version of typing-extensions{python_full_version < '3.13'} (>=4.5)
DEBUG Selecting: typing-extensions==4.16.0 [preference] (typing_extensions-4.16.0-py3-none-any.whl)
DEBUG Adding transitive dependency for typing-extensions==4.16.0: typing-extensions==4.16.0
DEBUG Adding transitive dependency for typing-extensions==4.16.0: typing-extensions{python_full_version < '3.13'}==4.16.0
DEBUG Searching for a compatible version of typing-extensions{python_full_version < '3.13'} (==4.16.0)
DEBUG Selecting: typing-extensions==4.16.0 [preference] (typing_extensions-4.16.0-py3-none-any.whl)
DEBUG Searching for a compatible version of uvicorn (>=0.30.0, <1)
DEBUG Selecting: uvicorn==0.51.0 [preference] (uvicorn-0.51.0-py3-none-any.whl)
DEBUG Adding transitive dependency for uvicorn==0.51.0: click>=7.0
DEBUG Adding transitive dependency for uvicorn==0.51.0: h11>=0.8
DEBUG Searching for a compatible version of watchdog{sys_platform != 'darwin'} (>=2.1.5, <7)
DEBUG Selecting: watchdog==6.0.0 [preference] (watchdog-6.0.0-cp312-cp312-macosx_10_13_universal2.whl)
DEBUG Adding transitive dependency for watchdog==6.0.0: watchdog==6.0.0
DEBUG Adding transitive dependency for watchdog==6.0.0: watchdog{sys_platform != 'darwin'}==6.0.0
DEBUG Searching for a compatible version of watchdog (==6.0.0)
DEBUG Selecting: watchdog==6.0.0 [preference] (watchdog-6.0.0-cp312-cp312-macosx_10_13_universal2.whl)
DEBUG Searching for a compatible version of watchdog{sys_platform != 'darwin'} (==6.0.0)
DEBUG Selecting: watchdog==6.0.0 [preference] (watchdog-6.0.0-cp312-cp312-macosx_10_13_universal2.whl)
DEBUG Searching for a compatible version of websockets (>=12.0.0, <17)
DEBUG Selecting: websockets==16.1.1 [preference] (websockets-16.1.1-cp312-cp312-macosx_10_13_universal2.whl)
DEBUG Searching for a compatible version of jinja2 (>=2.10.1)
DEBUG Selecting: jinja2==3.1.6 [preference] (jinja2-3.1.6-py3-none-any.whl)
DEBUG Adding transitive dependency for jinja2==3.1.6: markupsafe>=2.0
DEBUG Searching for a compatible version of jsonschema (>=3.0)
DEBUG Selecting: jsonschema==4.26.0 [preference] (jsonschema-4.26.0-py3-none-any.whl)
DEBUG Adding transitive dependency for jsonschema==4.26.0: attrs>=22.2.0
DEBUG Adding transitive dependency for jsonschema==4.26.0: jsonschema-specifications>=2023.3.6
DEBUG Adding transitive dependency for jsonschema==4.26.0: referencing>=0.28.4
DEBUG Adding transitive dependency for jsonschema==4.26.0: rpds-py>=0.25.0
DEBUG Searching for a compatible version of narwhals (>=2.4.0)
DEBUG Selecting: narwhals==2.24.0 [preference] (narwhals-2.24.0-py3-none-any.whl)
DEBUG Searching for a compatible version of idna (>=2.8, <4)
DEBUG Selecting: idna==3.18 [preference] (idna-3.18-py3-none-any.whl)
DEBUG Searching for a compatible version of colorama{sys_platform == 'win32'} (*)
DEBUG Selecting: colorama==0.4.6 [preference] (colorama-0.4.6-py2.py3-none-any.whl)
DEBUG Adding transitive dependency for colorama==0.4.6: colorama==0.4.6
DEBUG Adding transitive dependency for colorama==0.4.6: colorama{sys_platform == 'win32'}==0.4.6
DEBUG Searching for a compatible version of colorama (==0.4.6)
DEBUG Selecting: colorama==0.4.6 [preference] (colorama-0.4.6-py2.py3-none-any.whl)
DEBUG Searching for a compatible version of colorama{sys_platform == 'win32'} (==0.4.6)
DEBUG Selecting: colorama==0.4.6 [preference] (colorama-0.4.6-py2.py3-none-any.whl)
DEBUG Searching for a compatible version of gitdb (>=4.0.1, <5)
DEBUG Selecting: gitdb==4.0.12 [preference] (gitdb-4.0.12-py3-none-any.whl)
DEBUG Adding transitive dependency for gitdb==4.0.12: smmap>=3.0.1, <6
DEBUG Searching for a compatible version of python-dateutil (>=2.8.2)
DEBUG Selecting: python-dateutil==2.9.0.post0 [preference] (python_dateutil-2.9.0.post0-py2.py3-none-any.whl)
DEBUG Adding transitive dependency for python-dateutil==2.9.0.post0: six>=1.5
DEBUG Searching for a compatible version of certifi (>=2023.5.7)
DEBUG Selecting: certifi==2026.7.22 [preference] (certifi-2026.7.22-py3-none-any.whl)
DEBUG Searching for a compatible version of charset-normalizer (>=2, <4)
DEBUG Selecting: charset-normalizer==3.4.9 [preference] (charset_normalizer-3.4.9-cp312-cp312-macosx_10_13_universal2.whl)
DEBUG Searching for a compatible version of urllib3 (>=1.26, <3)
DEBUG Selecting: urllib3==2.7.0 [preference] (urllib3-2.7.0-py3-none-any.whl)
DEBUG Searching for a compatible version of h11 (>=0.8)
DEBUG Selecting: h11==0.16.0 [preference] (h11-0.16.0-py3-none-any.whl)
DEBUG Searching for a compatible version of markupsafe (>=2.0)
DEBUG Selecting: markupsafe==3.0.3 [preference] (markupsafe-3.0.3-cp312-cp312-macosx_10_13_x86_64.whl)
DEBUG Searching for a compatible version of attrs (>=22.2.0)
DEBUG Selecting: attrs==26.1.0 [preference] (attrs-26.1.0-py3-none-any.whl)
DEBUG Searching for a compatible version of jsonschema-specifications (>=2023.3.6)
DEBUG Selecting: jsonschema-specifications==2025.9.1 [preference] (jsonschema_specifications-2025.9.1-py3-none-any.whl)
DEBUG Adding transitive dependency for jsonschema-specifications==2025.9.1: referencing>=0.31.0
DEBUG Searching for a compatible version of referencing (>=0.31.0)
DEBUG Selecting: referencing==0.37.0 [preference] (referencing-0.37.0-py3-none-any.whl)
DEBUG Adding transitive dependency for referencing==0.37.0: attrs>=22.2.0
DEBUG Adding transitive dependency for referencing==0.37.0: rpds-py>=0.7.0
DEBUG Searching for a compatible version of rpds-py (>=0.25.0)
DEBUG Selecting: rpds-py==2026.6.3 [preference] (rpds_py-2026.6.3-cp312-cp312-macosx_10_12_x86_64.whl)
DEBUG Searching for a compatible version of smmap (>=3.0.1, <6)
DEBUG Selecting: smmap==5.0.3 [preference] (smmap-5.0.3-py3-none-any.whl)
DEBUG Searching for a compatible version of six (>=1.5)
DEBUG Selecting: six==1.17.0 [preference] (six-1.17.0-py2.py3-none-any.whl)
DEBUG Tried 43 versions: altair 1, anyio 1, attrs 1, bench-uv-debug 1, blinker 1, certifi 1, charset-normalizer 1, click 1, colorama 1, gitdb 1, gitpython 1, h11 1, httptools 1, idna 1, itsdangerous 1, jinja2 1, jsonschema 1, jsonschema-specifications 1, markupsafe 1, narwhals 1, numpy 1, packaging 1, pandas 1, pillow 1, protobuf 1, pyarrow 1, pydeck 1, python-dateutil 1, python-multipart 1, referencing 1, requests 1, rpds-py 1, six 1, smmap 1, starlette 1, streamlit 1, tenacity 1, toml 1, typing-extensions 1, urllib3 1, uvicorn 1, watchdog 1, websockets 1
DEBUG split `python_full_version >= '3.14' and sys_platform != 'emscripten' and sys_platform != 'win32'` resolution took 0.001s
DEBUG Solving split (markers: python_full_version < '3.14' and sys_platform == 'win32') (requires-python: RequiresPython { specifiers: VersionSpecifiers([VersionSpecifier { operator: GreaterThanEqual, version: "3.12" }, VersionSpecifier { operator: LessThan, version: "3.14" }]), range: RequiresPythonRange(LowerBound(Included("3.12")), UpperBound(Excluded("3.14"))) })
DEBUG Searching for a compatible version of numpy{python_full_version < '3.14'} (>=1.26.0)
DEBUG Selecting: numpy==2.5.1 [preference] (numpy-2.5.1-cp312-cp312-macosx_10_13_x86_64.whl)
DEBUG Adding transitive dependency for numpy==2.5.1: numpy==2.5.1
DEBUG Adding transitive dependency for numpy==2.5.1: numpy{python_full_version < '3.14'}==2.5.1
DEBUG Searching for a compatible version of numpy{python_full_version < '3.14'} (==2.5.1)
DEBUG Selecting: numpy==2.5.1 [preference] (numpy-2.5.1-cp312-cp312-macosx_10_13_x86_64.whl)
DEBUG Searching for a compatible version of pillow (>=7.1.0, <13)
DEBUG Selecting: pillow==12.3.0 [preference] (pillow-12.3.0-cp312-cp312-macosx_10_13_x86_64.whl)
DEBUG Searching for a compatible version of protobuf (>=3.20, <8)
DEBUG Selecting: protobuf==7.35.1 [preference] (protobuf-7.35.1-cp310-abi3-macosx_10_9_universal2.whl)
DEBUG Searching for a compatible version of pyarrow (>=7.0, <25)
DEBUG Selecting: pyarrow==24.0.0 [preference] (pyarrow-24.0.0-cp312-cp312-macosx_12_0_arm64.whl)
DEBUG Searching for a compatible version of pydeck (>=0.8.0b4, <1)
DEBUG Selecting: pydeck==0.9.3 [preference] (pydeck-0.9.3-py2.py3-none-any.whl)
DEBUG Adding transitive dependency for pydeck==0.9.3: jinja2>=2.10.1
DEBUG Adding transitive dependency for pydeck==0.9.3: numpy>=1.16.4
DEBUG Searching for a compatible version of python-multipart (>=0.0.10, <1)
DEBUG Selecting: python-multipart==0.0.32 [preference] (python_multipart-0.0.32-py3-none-any.whl)
DEBUG Searching for a compatible version of requests (>=2.27, <3)
DEBUG Selecting: requests==2.34.2 [preference] (requests-2.34.2-py3-none-any.whl)
DEBUG Adding transitive dependency for requests==2.34.2: certifi>=2023.5.7
DEBUG Adding transitive dependency for requests==2.34.2: charset-normalizer>=2, <4
DEBUG Adding transitive dependency for requests==2.34.2: idna>=2.5, <4
DEBUG Adding transitive dependency for requests==2.34.2: urllib3>=1.26, <3
DEBUG Searching for a compatible version of starlette (>=0.40.0, <2)
DEBUG Selecting: starlette==1.3.1 [preference] (starlette-1.3.1-py3-none-any.whl)
DEBUG Adding transitive dependency for starlette==1.3.1: anyio>=3.6.2, <5
DEBUG Adding transitive dependency for starlette==1.3.1: typing-extensions{python_full_version < '3.13'}>=4.10.0
DEBUG Searching for a compatible version of tenacity (>=8.1.0, <10)
DEBUG Selecting: tenacity==9.1.4 [preference] (tenacity-9.1.4-py3-none-any.whl)
DEBUG Searching for a compatible version of toml (>=0.10.1, <2)
DEBUG Selecting: toml==0.10.2 [preference] (toml-0.10.2-py2.py3-none-any.whl)
DEBUG Searching for a compatible version of typing-extensions (>=4.12.0, <5)
DEBUG Selecting: typing-extensions==4.16.0 [preference] (typing_extensions-4.16.0-py3-none-any.whl)
DEBUG Searching for a compatible version of typing-extensions{python_full_version < '3.15'} (>=4.12.0)
DEBUG Selecting: typing-extensions==4.16.0 [preference] (typing_extensions-4.16.0-py3-none-any.whl)
DEBUG Adding transitive dependency for typing-extensions==4.16.0: typing-extensions==4.16.0
DEBUG Adding transitive dependency for typing-extensions==4.16.0: typing-extensions{python_full_version < '3.15'}==4.16.0
DEBUG Searching for a compatible version of typing-extensions{python_full_version < '3.15'} (==4.16.0)
DEBUG Selecting: typing-extensions==4.16.0 [preference] (typing_extensions-4.16.0-py3-none-any.whl)
DEBUG Searching for a compatible version of typing-extensions{python_full_version < '3.13'} (>=4.10.0)
DEBUG Selecting: typing-extensions==4.16.0 [preference] (typing_extensions-4.16.0-py3-none-any.whl)
DEBUG Adding transitive dependency for typing-extensions==4.16.0: typing-extensions==4.16.0
DEBUG Adding transitive dependency for typing-extensions==4.16.0: typing-extensions{python_full_version < '3.13'}==4.16.0
DEBUG Searching for a compatible version of typing-extensions{python_full_version < '3.13'} (==4.16.0)
DEBUG Selecting: typing-extensions==4.16.0 [preference] (typing_extensions-4.16.0-py3-none-any.whl)
DEBUG Searching for a compatible version of uvicorn (>=0.30.0, <1)
DEBUG Selecting: uvicorn==0.51.0 [preference] (uvicorn-0.51.0-py3-none-any.whl)
DEBUG Adding transitive dependency for uvicorn==0.51.0: click>=7.0
DEBUG Adding transitive dependency for uvicorn==0.51.0: h11>=0.8
DEBUG Searching for a compatible version of watchdog{sys_platform != 'darwin'} (>=2.1.5, <7)
DEBUG Selecting: watchdog==6.0.0 [preference] (watchdog-6.0.0-cp312-cp312-macosx_10_13_universal2.whl)
DEBUG Adding transitive dependency for watchdog==6.0.0: watchdog==6.0.0
DEBUG Adding transitive dependency for watchdog==6.0.0: watchdog{sys_platform != 'darwin'}==6.0.0
DEBUG Searching for a compatible version of watchdog (==6.0.0)
DEBUG Selecting: watchdog==6.0.0 [preference] (watchdog-6.0.0-cp312-cp312-macosx_10_13_universal2.whl)
DEBUG Searching for a compatible version of watchdog{sys_platform != 'darwin'} (==6.0.0)
DEBUG Selecting: watchdog==6.0.0 [preference] (watchdog-6.0.0-cp312-cp312-macosx_10_13_universal2.whl)
DEBUG Searching for a compatible version of websockets (>=12.0.0, <17)
DEBUG Selecting: websockets==16.1.1 [preference] (websockets-16.1.1-cp312-cp312-macosx_10_13_universal2.whl)
DEBUG Searching for a compatible version of jinja2 (>=2.10.1)
DEBUG Selecting: jinja2==3.1.6 [preference] (jinja2-3.1.6-py3-none-any.whl)
DEBUG Adding transitive dependency for jinja2==3.1.6: markupsafe>=2.0
DEBUG Searching for a compatible version of jsonschema (>=3.0)
DEBUG Selecting: jsonschema==4.26.0 [preference] (jsonschema-4.26.0-py3-none-any.whl)
DEBUG Adding transitive dependency for jsonschema==4.26.0: attrs>=22.2.0
DEBUG Adding transitive dependency for jsonschema==4.26.0: jsonschema-specifications>=2023.3.6
DEBUG Adding transitive dependency for jsonschema==4.26.0: referencing>=0.28.4
DEBUG Adding transitive dependency for jsonschema==4.26.0: rpds-py>=0.25.0
DEBUG Searching for a compatible version of narwhals (>=2.4.0)
DEBUG Selecting: narwhals==2.24.0 [preference] (narwhals-2.24.0-py3-none-any.whl)
DEBUG Searching for a compatible version of idna (>=2.8, <4)
DEBUG Selecting: idna==3.18 [preference] (idna-3.18-py3-none-any.whl)
DEBUG Searching for a compatible version of colorama{sys_platform == 'win32'} (*)
DEBUG Selecting: colorama==0.4.6 [preference] (colorama-0.4.6-py2.py3-none-any.whl)
DEBUG Adding transitive dependency for colorama==0.4.6: colorama==0.4.6
DEBUG Adding transitive dependency for colorama==0.4.6: colorama{sys_platform == 'win32'}==0.4.6
DEBUG Searching for a compatible version of colorama (==0.4.6)
DEBUG Selecting: colorama==0.4.6 [preference] (colorama-0.4.6-py2.py3-none-any.whl)
DEBUG Searching for a compatible version of colorama{sys_platform == 'win32'} (==0.4.6)
DEBUG Selecting: colorama==0.4.6 [preference] (colorama-0.4.6-py2.py3-none-any.whl)
DEBUG Searching for a compatible version of gitdb (>=4.0.1, <5)
DEBUG Selecting: gitdb==4.0.12 [preference] (gitdb-4.0.12-py3-none-any.whl)
DEBUG Adding transitive dependency for gitdb==4.0.12: smmap>=3.0.1, <6
DEBUG Searching for a compatible version of python-dateutil (>=2.8.2)
DEBUG Selecting: python-dateutil==2.9.0.post0 [preference] (python_dateutil-2.9.0.post0-py2.py3-none-any.whl)
DEBUG Adding transitive dependency for python-dateutil==2.9.0.post0: six>=1.5
DEBUG Searching for a compatible version of tzdata{sys_platform == 'win32'} (*)
DEBUG Selecting: tzdata==2026.3 [preference] (tzdata-2026.3-py2.py3-none-any.whl)
DEBUG Adding transitive dependency for tzdata==2026.3: tzdata==2026.3
DEBUG Adding transitive dependency for tzdata==2026.3: tzdata{sys_platform == 'win32'}==2026.3
DEBUG Searching for a compatible version of tzdata (==2026.3)
DEBUG Selecting: tzdata==2026.3 [preference] (tzdata-2026.3-py2.py3-none-any.whl)
DEBUG Searching for a compatible version of tzdata{sys_platform == 'win32'} (==2026.3)
DEBUG Selecting: tzdata==2026.3 [preference] (tzdata-2026.3-py2.py3-none-any.whl)
DEBUG Searching for a compatible version of certifi (>=2023.5.7)
DEBUG Selecting: certifi==2026.7.22 [preference] (certifi-2026.7.22-py3-none-any.whl)
DEBUG Searching for a compatible version of charset-normalizer (>=2, <4)
DEBUG Selecting: charset-normalizer==3.4.9 [preference] (charset_normalizer-3.4.9-cp312-cp312-macosx_10_13_universal2.whl)
DEBUG Searching for a compatible version of urllib3 (>=1.26, <3)
DEBUG Selecting: urllib3==2.7.0 [preference] (urllib3-2.7.0-py3-none-any.whl)
DEBUG Searching for a compatible version of h11 (>=0.8)
DEBUG Selecting: h11==0.16.0 [preference] (h11-0.16.0-py3-none-any.whl)
DEBUG Searching for a compatible version of markupsafe (>=2.0)
DEBUG Selecting: markupsafe==3.0.3 [preference] (markupsafe-3.0.3-cp312-cp312-macosx_10_13_x86_64.whl)
DEBUG Searching for a compatible version of attrs (>=22.2.0)
DEBUG Selecting: attrs==26.1.0 [preference] (attrs-26.1.0-py3-none-any.whl)
DEBUG Searching for a compatible version of jsonschema-specifications (>=2023.3.6)
DEBUG Selecting: jsonschema-specifications==2025.9.1 [preference] (jsonschema_specifications-2025.9.1-py3-none-any.whl)
DEBUG Adding transitive dependency for jsonschema-specifications==2025.9.1: referencing>=0.31.0
DEBUG Searching for a compatible version of referencing (>=0.31.0)
DEBUG Selecting: referencing==0.37.0 [preference] (referencing-0.37.0-py3-none-any.whl)
DEBUG Adding transitive dependency for referencing==0.37.0: attrs>=22.2.0
DEBUG Adding transitive dependency for referencing==0.37.0: rpds-py>=0.7.0
DEBUG Adding transitive dependency for referencing==0.37.0: typing-extensions{python_full_version < '3.13'}>=4.4.0
DEBUG Searching for a compatible version of rpds-py (>=0.25.0)
DEBUG Selecting: rpds-py==2026.6.3 [preference] (rpds_py-2026.6.3-cp312-cp312-macosx_10_12_x86_64.whl)
DEBUG Searching for a compatible version of smmap (>=3.0.1, <6)
DEBUG Selecting: smmap==5.0.3 [preference] (smmap-5.0.3-py3-none-any.whl)
DEBUG Searching for a compatible version of six (>=1.5)
DEBUG Selecting: six==1.17.0 [preference] (six-1.17.0-py2.py3-none-any.whl)
DEBUG Tried 44 versions: altair 1, anyio 1, attrs 1, bench-uv-debug 1, blinker 1, certifi 1, charset-normalizer 1, click 1, colorama 1, gitdb 1, gitpython 1, h11 1, httptools 1, idna 1, itsdangerous 1, jinja2 1, jsonschema 1, jsonschema-specifications 1, markupsafe 1, narwhals 1, numpy 1, packaging 1, pandas 1, pillow 1, protobuf 1, pyarrow 1, pydeck 1, python-dateutil 1, python-multipart 1, referencing 1, requests 1, rpds-py 1, six 1, smmap 1, starlette 1, streamlit 1, tenacity 1, toml 1, typing-extensions 1, tzdata 1, urllib3 1, uvicorn 1, watchdog 1, websockets 1
DEBUG split `python_full_version < '3.14' and sys_platform == 'win32'` resolution took 0.001s
DEBUG Solving split (markers: python_full_version < '3.14' and sys_platform == 'emscripten') (requires-python: RequiresPython { specifiers: VersionSpecifiers([VersionSpecifier { operator: GreaterThanEqual, version: "3.12" }, VersionSpecifier { operator: LessThan, version: "3.14" }]), range: RequiresPythonRange(LowerBound(Included("3.12")), UpperBound(Excluded("3.14"))) })
DEBUG Searching for a compatible version of numpy{python_full_version < '3.14'} (>=1.26.0)
DEBUG Selecting: numpy==2.5.1 [preference] (numpy-2.5.1-cp312-cp312-macosx_10_13_x86_64.whl)
DEBUG Adding transitive dependency for numpy==2.5.1: numpy==2.5.1
DEBUG Adding transitive dependency for numpy==2.5.1: numpy{python_full_version < '3.14'}==2.5.1
DEBUG Searching for a compatible version of numpy{python_full_version < '3.14'} (==2.5.1)
DEBUG Selecting: numpy==2.5.1 [preference] (numpy-2.5.1-cp312-cp312-macosx_10_13_x86_64.whl)
DEBUG Searching for a compatible version of pillow (>=7.1.0, <13)
DEBUG Selecting: pillow==12.3.0 [preference] (pillow-12.3.0-cp312-cp312-macosx_10_13_x86_64.whl)
DEBUG Searching for a compatible version of protobuf (>=3.20, <8)
DEBUG Selecting: protobuf==7.35.1 [preference] (protobuf-7.35.1-cp310-abi3-macosx_10_9_universal2.whl)
DEBUG Searching for a compatible version of pyarrow (>=7.0, <25)
DEBUG Selecting: pyarrow==24.0.0 [preference] (pyarrow-24.0.0-cp312-cp312-macosx_12_0_arm64.whl)
DEBUG Searching for a compatible version of pydeck (>=0.8.0b4, <1)
DEBUG Selecting: pydeck==0.9.3 [preference] (pydeck-0.9.3-py2.py3-none-any.whl)
DEBUG Adding transitive dependency for pydeck==0.9.3: jinja2>=2.10.1
DEBUG Adding transitive dependency for pydeck==0.9.3: numpy>=1.16.4
DEBUG Searching for a compatible version of python-multipart (>=0.0.10, <1)
DEBUG Selecting: python-multipart==0.0.32 [preference] (python_multipart-0.0.32-py3-none-any.whl)
DEBUG Searching for a compatible version of requests (>=2.27, <3)
DEBUG Selecting: requests==2.34.2 [preference] (requests-2.34.2-py3-none-any.whl)
DEBUG Adding transitive dependency for requests==2.34.2: certifi>=2023.5.7
DEBUG Adding transitive dependency for requests==2.34.2: charset-normalizer>=2, <4
DEBUG Adding transitive dependency for requests==2.34.2: idna>=2.5, <4
DEBUG Adding transitive dependency for requests==2.34.2: urllib3>=1.26, <3
DEBUG Searching for a compatible version of starlette (>=0.40.0, <2)
DEBUG Selecting: starlette==1.3.1 [preference] (starlette-1.3.1-py3-none-any.whl)
DEBUG Adding transitive dependency for starlette==1.3.1: anyio>=3.6.2, <5
DEBUG Adding transitive dependency for starlette==1.3.1: typing-extensions{python_full_version < '3.13'}>=4.10.0
DEBUG Searching for a compatible version of tenacity (>=8.1.0, <10)
DEBUG Selecting: tenacity==9.1.4 [preference] (tenacity-9.1.4-py3-none-any.whl)
DEBUG Searching for a compatible version of toml (>=0.10.1, <2)
DEBUG Selecting: toml==0.10.2 [preference] (toml-0.10.2-py2.py3-none-any.whl)
DEBUG Searching for a compatible version of typing-extensions (>=4.12.0, <5)
DEBUG Selecting: typing-extensions==4.16.0 [preference] (typing_extensions-4.16.0-py3-none-any.whl)
DEBUG Searching for a compatible version of typing-extensions{python_full_version < '3.15'} (>=4.12.0)
DEBUG Selecting: typing-extensions==4.16.0 [preference] (typing_extensions-4.16.0-py3-none-any.whl)
DEBUG Adding transitive dependency for typing-extensions==4.16.0: typing-extensions==4.16.0
DEBUG Adding transitive dependency for typing-extensions==4.16.0: typing-extensions{python_full_version < '3.15'}==4.16.0
DEBUG Searching for a compatible version of typing-extensions{python_full_version < '3.15'} (==4.16.0)
DEBUG Selecting: typing-extensions==4.16.0 [preference] (typing_extensions-4.16.0-py3-none-any.whl)
DEBUG Searching for a compatible version of typing-extensions{python_full_version < '3.13'} (>=4.10.0)
DEBUG Selecting: typing-extensions==4.16.0 [preference] (typing_extensions-4.16.0-py3-none-any.whl)
DEBUG Adding transitive dependency for typing-extensions==4.16.0: typing-extensions==4.16.0
DEBUG Adding transitive dependency for typing-extensions==4.16.0: typing-extensions{python_full_version < '3.13'}==4.16.0
DEBUG Searching for a compatible version of typing-extensions{python_full_version < '3.13'} (==4.16.0)
DEBUG Selecting: typing-extensions==4.16.0 [preference] (typing_extensions-4.16.0-py3-none-any.whl)
DEBUG Searching for a compatible version of uvicorn (>=0.30.0, <1)
DEBUG Selecting: uvicorn==0.51.0 [preference] (uvicorn-0.51.0-py3-none-any.whl)
DEBUG Adding transitive dependency for uvicorn==0.51.0: click>=7.0
DEBUG Adding transitive dependency for uvicorn==0.51.0: h11>=0.8
DEBUG Searching for a compatible version of watchdog{sys_platform != 'darwin'} (>=2.1.5, <7)
DEBUG Selecting: watchdog==6.0.0 [preference] (watchdog-6.0.0-cp312-cp312-macosx_10_13_universal2.whl)
DEBUG Adding transitive dependency for watchdog==6.0.0: watchdog==6.0.0
DEBUG Adding transitive dependency for watchdog==6.0.0: watchdog{sys_platform != 'darwin'}==6.0.0
DEBUG Searching for a compatible version of watchdog (==6.0.0)
DEBUG Selecting: watchdog==6.0.0 [preference] (watchdog-6.0.0-cp312-cp312-macosx_10_13_universal2.whl)
DEBUG Searching for a compatible version of watchdog{sys_platform != 'darwin'} (==6.0.0)
DEBUG Selecting: watchdog==6.0.0 [preference] (watchdog-6.0.0-cp312-cp312-macosx_10_13_universal2.whl)
DEBUG Searching for a compatible version of websockets (>=12.0.0, <17)
DEBUG Selecting: websockets==16.1.1 [preference] (websockets-16.1.1-cp312-cp312-macosx_10_13_universal2.whl)
DEBUG Searching for a compatible version of jinja2 (>=2.10.1)
DEBUG Selecting: jinja2==3.1.6 [preference] (jinja2-3.1.6-py3-none-any.whl)
DEBUG Adding transitive dependency for jinja2==3.1.6: markupsafe>=2.0
DEBUG Searching for a compatible version of jsonschema (>=3.0)
DEBUG Selecting: jsonschema==4.26.0 [preference] (jsonschema-4.26.0-py3-none-any.whl)
DEBUG Adding transitive dependency for jsonschema==4.26.0: attrs>=22.2.0
DEBUG Adding transitive dependency for jsonschema==4.26.0: jsonschema-specifications>=2023.3.6
DEBUG Adding transitive dependency for jsonschema==4.26.0: referencing>=0.28.4
DEBUG Adding transitive dependency for jsonschema==4.26.0: rpds-py>=0.25.0
DEBUG Searching for a compatible version of narwhals (>=2.4.0)
DEBUG Selecting: narwhals==2.24.0 [preference] (narwhals-2.24.0-py3-none-any.whl)
DEBUG Searching for a compatible version of idna (>=2.8, <4)
DEBUG Selecting: idna==3.18 [preference] (idna-3.18-py3-none-any.whl)
DEBUG Searching for a compatible version of colorama{sys_platform == 'win32'} (*)
DEBUG Selecting: colorama==0.4.6 [preference] (colorama-0.4.6-py2.py3-none-any.whl)
DEBUG Adding transitive dependency for colorama==0.4.6: colorama==0.4.6
DEBUG Adding transitive dependency for colorama==0.4.6: colorama{sys_platform == 'win32'}==0.4.6
DEBUG Searching for a compatible version of colorama (==0.4.6)
DEBUG Selecting: colorama==0.4.6 [preference] (colorama-0.4.6-py2.py3-none-any.whl)
DEBUG Searching for a compatible version of colorama{sys_platform == 'win32'} (==0.4.6)
DEBUG Selecting: colorama==0.4.6 [preference] (colorama-0.4.6-py2.py3-none-any.whl)
DEBUG Searching for a compatible version of gitdb (>=4.0.1, <5)
DEBUG Selecting: gitdb==4.0.12 [preference] (gitdb-4.0.12-py3-none-any.whl)
DEBUG Adding transitive dependency for gitdb==4.0.12: smmap>=3.0.1, <6
DEBUG Searching for a compatible version of python-dateutil (>=2.8.2)
DEBUG Selecting: python-dateutil==2.9.0.post0 [preference] (python_dateutil-2.9.0.post0-py2.py3-none-any.whl)
DEBUG Adding transitive dependency for python-dateutil==2.9.0.post0: six>=1.5
DEBUG Searching for a compatible version of tzdata{sys_platform == 'emscripten'} (*)
DEBUG Selecting: tzdata==2026.3 [preference] (tzdata-2026.3-py2.py3-none-any.whl)
DEBUG Adding transitive dependency for tzdata==2026.3: tzdata==2026.3
DEBUG Adding transitive dependency for tzdata==2026.3: tzdata{sys_platform == 'emscripten'}==2026.3
DEBUG Searching for a compatible version of tzdata (==2026.3)
DEBUG Selecting: tzdata==2026.3 [preference] (tzdata-2026.3-py2.py3-none-any.whl)
DEBUG Searching for a compatible version of tzdata{sys_platform == 'emscripten'} (==2026.3)
DEBUG Selecting: tzdata==2026.3 [preference] (tzdata-2026.3-py2.py3-none-any.whl)
DEBUG Searching for a compatible version of certifi (>=2023.5.7)
DEBUG Selecting: certifi==2026.7.22 [preference] (certifi-2026.7.22-py3-none-any.whl)
DEBUG Searching for a compatible version of charset-normalizer (>=2, <4)
DEBUG Selecting: charset-normalizer==3.4.9 [preference] (charset_normalizer-3.4.9-cp312-cp312-macosx_10_13_universal2.whl)
DEBUG Searching for a compatible version of urllib3 (>=1.26, <3)
DEBUG Selecting: urllib3==2.7.0 [preference] (urllib3-2.7.0-py3-none-any.whl)
DEBUG Searching for a compatible version of h11 (>=0.8)
DEBUG Selecting: h11==0.16.0 [preference] (h11-0.16.0-py3-none-any.whl)
DEBUG Searching for a compatible version of markupsafe (>=2.0)
DEBUG Selecting: markupsafe==3.0.3 [preference] (markupsafe-3.0.3-cp312-cp312-macosx_10_13_x86_64.whl)
DEBUG Searching for a compatible version of attrs (>=22.2.0)
DEBUG Selecting: attrs==26.1.0 [preference] (attrs-26.1.0-py3-none-any.whl)
DEBUG Searching for a compatible version of jsonschema-specifications (>=2023.3.6)
DEBUG Selecting: jsonschema-specifications==2025.9.1 [preference] (jsonschema_specifications-2025.9.1-py3-none-any.whl)
DEBUG Adding transitive dependency for jsonschema-specifications==2025.9.1: referencing>=0.31.0
DEBUG Searching for a compatible version of referencing (>=0.31.0)
DEBUG Selecting: referencing==0.37.0 [preference] (referencing-0.37.0-py3-none-any.whl)
DEBUG Adding transitive dependency for referencing==0.37.0: attrs>=22.2.0
DEBUG Adding transitive dependency for referencing==0.37.0: rpds-py>=0.7.0
DEBUG Adding transitive dependency for referencing==0.37.0: typing-extensions{python_full_version < '3.13'}>=4.4.0
DEBUG Searching for a compatible version of rpds-py (>=0.25.0)
DEBUG Selecting: rpds-py==2026.6.3 [preference] (rpds_py-2026.6.3-cp312-cp312-macosx_10_12_x86_64.whl)
DEBUG Searching for a compatible version of smmap (>=3.0.1, <6)
DEBUG Selecting: smmap==5.0.3 [preference] (smmap-5.0.3-py3-none-any.whl)
DEBUG Searching for a compatible version of six (>=1.5)
DEBUG Selecting: six==1.17.0 [preference] (six-1.17.0-py2.py3-none-any.whl)
DEBUG Tried 44 versions: altair 1, anyio 1, attrs 1, bench-uv-debug 1, blinker 1, certifi 1, charset-normalizer 1, click 1, colorama 1, gitdb 1, gitpython 1, h11 1, httptools 1, idna 1, itsdangerous 1, jinja2 1, jsonschema 1, jsonschema-specifications 1, markupsafe 1, narwhals 1, numpy 1, packaging 1, pandas 1, pillow 1, protobuf 1, pyarrow 1, pydeck 1, python-dateutil 1, python-multipart 1, referencing 1, requests 1, rpds-py 1, six 1, smmap 1, starlette 1, streamlit 1, tenacity 1, toml 1, typing-extensions 1, tzdata 1, urllib3 1, uvicorn 1, watchdog 1, websockets 1
DEBUG split `python_full_version < '3.14' and sys_platform == 'emscripten'` resolution took 0.001s
DEBUG Solving split (markers: python_full_version < '3.14' and sys_platform != 'emscripten' and sys_platform != 'win32') (requires-python: RequiresPython { specifiers: VersionSpecifiers([VersionSpecifier { operator: GreaterThanEqual, version: "3.12" }, VersionSpecifier { operator: LessThan, version: "3.14" }]), range: RequiresPythonRange(LowerBound(Included("3.12")), UpperBound(Excluded("3.14"))) })
DEBUG Searching for a compatible version of numpy{python_full_version < '3.14'} (>=1.26.0)
DEBUG Selecting: numpy==2.5.1 [preference] (numpy-2.5.1-cp312-cp312-macosx_10_13_x86_64.whl)
DEBUG Adding transitive dependency for numpy==2.5.1: numpy==2.5.1
DEBUG Adding transitive dependency for numpy==2.5.1: numpy{python_full_version < '3.14'}==2.5.1
DEBUG Searching for a compatible version of numpy{python_full_version < '3.14'} (==2.5.1)
DEBUG Selecting: numpy==2.5.1 [preference] (numpy-2.5.1-cp312-cp312-macosx_10_13_x86_64.whl)
DEBUG Searching for a compatible version of pillow (>=7.1.0, <13)
DEBUG Selecting: pillow==12.3.0 [preference] (pillow-12.3.0-cp312-cp312-macosx_10_13_x86_64.whl)
DEBUG Searching for a compatible version of protobuf (>=3.20, <8)
DEBUG Selecting: protobuf==7.35.1 [preference] (protobuf-7.35.1-cp310-abi3-macosx_10_9_universal2.whl)
DEBUG Searching for a compatible version of pyarrow (>=7.0, <25)
DEBUG Selecting: pyarrow==24.0.0 [preference] (pyarrow-24.0.0-cp312-cp312-macosx_12_0_arm64.whl)
DEBUG Searching for a compatible version of pydeck (>=0.8.0b4, <1)
DEBUG Selecting: pydeck==0.9.3 [preference] (pydeck-0.9.3-py2.py3-none-any.whl)
DEBUG Adding transitive dependency for pydeck==0.9.3: jinja2>=2.10.1
DEBUG Adding transitive dependency for pydeck==0.9.3: numpy>=1.16.4
DEBUG Searching for a compatible version of python-multipart (>=0.0.10, <1)
DEBUG Selecting: python-multipart==0.0.32 [preference] (python_multipart-0.0.32-py3-none-any.whl)
DEBUG Searching for a compatible version of requests (>=2.27, <3)
DEBUG Selecting: requests==2.34.2 [preference] (requests-2.34.2-py3-none-any.whl)
DEBUG Adding transitive dependency for requests==2.34.2: certifi>=2023.5.7
DEBUG Adding transitive dependency for requests==2.34.2: charset-normalizer>=2, <4
DEBUG Adding transitive dependency for requests==2.34.2: idna>=2.5, <4
DEBUG Adding transitive dependency for requests==2.34.2: urllib3>=1.26, <3
DEBUG Searching for a compatible version of starlette (>=0.40.0, <2)
DEBUG Selecting: starlette==1.3.1 [preference] (starlette-1.3.1-py3-none-any.whl)
DEBUG Adding transitive dependency for starlette==1.3.1: anyio>=3.6.2, <5
DEBUG Adding transitive dependency for starlette==1.3.1: typing-extensions{python_full_version < '3.13'}>=4.10.0
DEBUG Searching for a compatible version of tenacity (>=8.1.0, <10)
DEBUG Selecting: tenacity==9.1.4 [preference] (tenacity-9.1.4-py3-none-any.whl)
DEBUG Searching for a compatible version of toml (>=0.10.1, <2)
DEBUG Selecting: toml==0.10.2 [preference] (toml-0.10.2-py2.py3-none-any.whl)
DEBUG Searching for a compatible version of typing-extensions (>=4.12.0, <5)
DEBUG Selecting: typing-extensions==4.16.0 [preference] (typing_extensions-4.16.0-py3-none-any.whl)
DEBUG Searching for a compatible version of typing-extensions{python_full_version < '3.15'} (>=4.12.0)
DEBUG Selecting: typing-extensions==4.16.0 [preference] (typing_extensions-4.16.0-py3-none-any.whl)
DEBUG Adding transitive dependency for typing-extensions==4.16.0: typing-extensions==4.16.0
DEBUG Adding transitive dependency for typing-extensions==4.16.0: typing-extensions{python_full_version < '3.15'}==4.16.0
DEBUG Searching for a compatible version of typing-extensions{python_full_version < '3.15'} (==4.16.0)
DEBUG Selecting: typing-extensions==4.16.0 [preference] (typing_extensions-4.16.0-py3-none-any.whl)
DEBUG Searching for a compatible version of typing-extensions{python_full_version < '3.13'} (>=4.10.0)
DEBUG Selecting: typing-extensions==4.16.0 [preference] (typing_extensions-4.16.0-py3-none-any.whl)
DEBUG Adding transitive dependency for typing-extensions==4.16.0: typing-extensions==4.16.0
DEBUG Adding transitive dependency for typing-extensions==4.16.0: typing-extensions{python_full_version < '3.13'}==4.16.0
DEBUG Searching for a compatible version of typing-extensions{python_full_version < '3.13'} (==4.16.0)
DEBUG Selecting: typing-extensions==4.16.0 [preference] (typing_extensions-4.16.0-py3-none-any.whl)
DEBUG Searching for a compatible version of uvicorn (>=0.30.0, <1)
DEBUG Selecting: uvicorn==0.51.0 [preference] (uvicorn-0.51.0-py3-none-any.whl)
DEBUG Adding transitive dependency for uvicorn==0.51.0: click>=7.0
DEBUG Adding transitive dependency for uvicorn==0.51.0: h11>=0.8
DEBUG Searching for a compatible version of watchdog{sys_platform != 'darwin'} (>=2.1.5, <7)
DEBUG Selecting: watchdog==6.0.0 [preference] (watchdog-6.0.0-cp312-cp312-macosx_10_13_universal2.whl)
DEBUG Adding transitive dependency for watchdog==6.0.0: watchdog==6.0.0
DEBUG Adding transitive dependency for watchdog==6.0.0: watchdog{sys_platform != 'darwin'}==6.0.0
DEBUG Searching for a compatible version of watchdog (==6.0.0)
DEBUG Selecting: watchdog==6.0.0 [preference] (watchdog-6.0.0-cp312-cp312-macosx_10_13_universal2.whl)
DEBUG Searching for a compatible version of watchdog{sys_platform != 'darwin'} (==6.0.0)
DEBUG Selecting: watchdog==6.0.0 [preference] (watchdog-6.0.0-cp312-cp312-macosx_10_13_universal2.whl)
DEBUG Searching for a compatible version of websockets (>=12.0.0, <17)
DEBUG Selecting: websockets==16.1.1 [preference] (websockets-16.1.1-cp312-cp312-macosx_10_13_universal2.whl)
DEBUG Searching for a compatible version of jinja2 (>=2.10.1)
DEBUG Selecting: jinja2==3.1.6 [preference] (jinja2-3.1.6-py3-none-any.whl)
DEBUG Adding transitive dependency for jinja2==3.1.6: markupsafe>=2.0
DEBUG Searching for a compatible version of jsonschema (>=3.0)
DEBUG Selecting: jsonschema==4.26.0 [preference] (jsonschema-4.26.0-py3-none-any.whl)
DEBUG Adding transitive dependency for jsonschema==4.26.0: attrs>=22.2.0
DEBUG Adding transitive dependency for jsonschema==4.26.0: jsonschema-specifications>=2023.3.6
DEBUG Adding transitive dependency for jsonschema==4.26.0: referencing>=0.28.4
DEBUG Adding transitive dependency for jsonschema==4.26.0: rpds-py>=0.25.0
DEBUG Searching for a compatible version of narwhals (>=2.4.0)
DEBUG Selecting: narwhals==2.24.0 [preference] (narwhals-2.24.0-py3-none-any.whl)
DEBUG Searching for a compatible version of idna (>=2.8, <4)
DEBUG Selecting: idna==3.18 [preference] (idna-3.18-py3-none-any.whl)
DEBUG Searching for a compatible version of colorama{sys_platform == 'win32'} (*)
DEBUG Selecting: colorama==0.4.6 [preference] (colorama-0.4.6-py2.py3-none-any.whl)
DEBUG Adding transitive dependency for colorama==0.4.6: colorama==0.4.6
DEBUG Adding transitive dependency for colorama==0.4.6: colorama{sys_platform == 'win32'}==0.4.6
DEBUG Searching for a compatible version of colorama (==0.4.6)
DEBUG Selecting: colorama==0.4.6 [preference] (colorama-0.4.6-py2.py3-none-any.whl)
DEBUG Searching for a compatible version of colorama{sys_platform == 'win32'} (==0.4.6)
DEBUG Selecting: colorama==0.4.6 [preference] (colorama-0.4.6-py2.py3-none-any.whl)
DEBUG Searching for a compatible version of gitdb (>=4.0.1, <5)
DEBUG Selecting: gitdb==4.0.12 [preference] (gitdb-4.0.12-py3-none-any.whl)
DEBUG Adding transitive dependency for gitdb==4.0.12: smmap>=3.0.1, <6
DEBUG Searching for a compatible version of python-dateutil (>=2.8.2)
DEBUG Selecting: python-dateutil==2.9.0.post0 [preference] (python_dateutil-2.9.0.post0-py2.py3-none-any.whl)
DEBUG Adding transitive dependency for python-dateutil==2.9.0.post0: six>=1.5
DEBUG Searching for a compatible version of certifi (>=2023.5.7)
DEBUG Selecting: certifi==2026.7.22 [preference] (certifi-2026.7.22-py3-none-any.whl)
DEBUG Searching for a compatible version of charset-normalizer (>=2, <4)
DEBUG Selecting: charset-normalizer==3.4.9 [preference] (charset_normalizer-3.4.9-cp312-cp312-macosx_10_13_universal2.whl)
DEBUG Searching for a compatible version of urllib3 (>=1.26, <3)
DEBUG Selecting: urllib3==2.7.0 [preference] (urllib3-2.7.0-py3-none-any.whl)
DEBUG Searching for a compatible version of h11 (>=0.8)
DEBUG Selecting: h11==0.16.0 [preference] (h11-0.16.0-py3-none-any.whl)
DEBUG Searching for a compatible version of markupsafe (>=2.0)
DEBUG Selecting: markupsafe==3.0.3 [preference] (markupsafe-3.0.3-cp312-cp312-macosx_10_13_x86_64.whl)
DEBUG Searching for a compatible version of attrs (>=22.2.0)
DEBUG Selecting: attrs==26.1.0 [preference] (attrs-26.1.0-py3-none-any.whl)
DEBUG Searching for a compatible version of jsonschema-specifications (>=2023.3.6)
DEBUG Selecting: jsonschema-specifications==2025.9.1 [preference] (jsonschema_specifications-2025.9.1-py3-none-any.whl)
DEBUG Adding transitive dependency for jsonschema-specifications==2025.9.1: referencing>=0.31.0
DEBUG Searching for a compatible version of referencing (>=0.31.0)
DEBUG Selecting: referencing==0.37.0 [preference] (referencing-0.37.0-py3-none-any.whl)
DEBUG Adding transitive dependency for referencing==0.37.0: attrs>=22.2.0
DEBUG Adding transitive dependency for referencing==0.37.0: rpds-py>=0.7.0
DEBUG Adding transitive dependency for referencing==0.37.0: typing-extensions{python_full_version < '3.13'}>=4.4.0
DEBUG Searching for a compatible version of rpds-py (>=0.25.0)
DEBUG Selecting: rpds-py==2026.6.3 [preference] (rpds_py-2026.6.3-cp312-cp312-macosx_10_12_x86_64.whl)
DEBUG Searching for a compatible version of smmap (>=3.0.1, <6)
DEBUG Selecting: smmap==5.0.3 [preference] (smmap-5.0.3-py3-none-any.whl)
DEBUG Searching for a compatible version of six (>=1.5)
DEBUG Selecting: six==1.17.0 [preference] (six-1.17.0-py2.py3-none-any.whl)
DEBUG Tried 43 versions: altair 1, anyio 1, attrs 1, bench-uv-debug 1, blinker 1, certifi 1, charset-normalizer 1, click 1, colorama 1, gitdb 1, gitpython 1, h11 1, httptools 1, idna 1, itsdangerous 1, jinja2 1, jsonschema 1, jsonschema-specifications 1, markupsafe 1, narwhals 1, numpy 1, packaging 1, pandas 1, pillow 1, protobuf 1, pyarrow 1, pydeck 1, python-dateutil 1, python-multipart 1, referencing 1, requests 1, rpds-py 1, six 1, smmap 1, starlette 1, streamlit 1, tenacity 1, toml 1, typing-extensions 1, urllib3 1, uvicorn 1, watchdog 1, websockets 1
DEBUG split `python_full_version < '3.14' and sys_platform != 'emscripten' and sys_platform != 'win32'` resolution took 0.001s
INFO Solved your requirements for 6 environments
DEBUG Distinct solution for split (markers: python_full_version >= '3.14' and sys_platform == 'win32') with 44 package(s)
DEBUG Distinct solution for split (markers: python_full_version >= '3.14' and sys_platform == 'emscripten') with 44 package(s)
DEBUG Distinct solution for split (markers: python_full_version >= '3.14' and sys_platform != 'emscripten' and sys_platform != 'win32') with 43 package(s)
DEBUG Distinct solution for split (markers: python_full_version < '3.14' and sys_platform == 'win32') with 44 package(s)
DEBUG Distinct solution for split (markers: python_full_version < '3.14' and sys_platform == 'emscripten') with 44 package(s)
DEBUG Distinct solution for split (markers: python_full_version < '3.14' and sys_platform != 'emscripten' and sys_platform != 'win32') with 43 package(s)
Resolved 44 packages in 346ms
